"w-full src","text-lg","text-lg href","pt-2","pl-1","text-black","w-full","contactItem","contactItem href","w-full 2","contactItem 2","contactItem href 2","text-white","text-white href","text-base","hover:bg-gray-400","hover:bg-gray-400 href","hover:bg-gray-400 2","hover:bg-gray-400 3","contactItem 3","contactItem href 3"
"https://www.brabys.com/images/logo-placeholder.webp","PSG HERMANUS PORTFOLIO MANAGEMENT AND STOCKBROKING","https://www.brabys.com/za/western-cape/hermanus/financial-services/psg-hermanus-portfolio-management-and-stockbroking","Hermanus, Western Cape","•","Financial Services","Phone:","028 312 1508","tel:0283121508","Email:","contactus@psg.co.za","mailto:contactus@psg.co.za","More
                                        Information","https://www.brabys.com/za/western-cape/hermanus/financial-services/psg-hermanus-portfolio-management-and-stockbroking","Update Your Business Info","EMAIL","https://www.brabys.com/za/financial-services?page=215#","BOOKMARK","More Information","",""
"https://www.brabys.com/images/logo-placeholder.webp","PSG KONSULT","https://www.brabys.com/za/eastern-cape/jeffreys-bay/eedenglen/financial-consultants/psg-konsult","Eedenglen, Jeffreys Bay, Eastern Cape","•","Financial Consultants","Phone:","042 296 1752","tel:0422961752","Cell:","083 225 5680","tel:0832255680","More
                                        Information","https://www.brabys.com/za/eastern-cape/jeffreys-bay/eedenglen/financial-consultants/psg-konsult","Update Your Business Info","EMAIL","https://www.brabys.com/za/financial-services?page=215#","BOOKMARK","More Information","amelda.claassen@psg.co.za","mailto:amelda.claassen@psg.co.za"
"https://www.brabys.com/images/logo-placeholder.webp","PSG WEALTH","https://www.brabys.com/za/kwazulu-natal/umhlanga/umhlanga-ridge/financial-services/psg-wealth","Umhlanga Ridge, Umhlanga, Kwazulu-Natal","•","Financial Services","Phone:","031 566 4589","tel:0315664589","","","","More
                                        Information","https://www.brabys.com/za/kwazulu-natal/umhlanga/umhlanga-ridge/financial-services/psg-wealth","Update Your Business Info","EMAIL","https://www.brabys.com/za/financial-services?page=215#","BOOKMARK","More Information","",""
"https://www.brabys.com/images/logo-placeholder.webp","PSG WEALTH","https://www.brabys.com/za/gauteng/sandton/bryanston/stock-broking-firms/psg-wealth","Bryanston, Sandton, Gauteng","•","Stock Broking Firms","Phone:","011 966 5284","tel:0119665284","Email:","clientservice@psg.co.za","mailto:clientservice@psg.co.za","Visit
                                        Website","http://www.psg.co.za/","Update Your Business Info","EMAIL","https://www.brabys.com/za/financial-services?page=215#","BOOKMARK","More Information","",""
"https://www.brabys.com/images/logo-placeholder.webp","PTYNOW","https://www.brabys.com/za/gauteng/pretoria/faerie-glen/business-registration/ptynow","Faerie Glen, Pretoria, Gauteng","•","Registration","Cell:","084 655 5999","tel:0846555999","Email:","info@ptynow.co.za","mailto:info@ptynow.co.za","Visit
                                        Website","http://www.ptynow.co.za/","Update Your Business Info","EMAIL","https://www.brabys.com/za/financial-services?page=215#","BOOKMARK","More Information","",""
"https://www.brabys.com/images/logo-placeholder.webp","PURPLE CAPITAL LTD","https://www.brabys.com/za/gauteng/sandton/financial-services/purple-capital-ltd","Sandton, Gauteng","•","Financial Services","Phone:","011 214 8001","tel:0112148001","Email:","info@purplecapital.com","mailto:info@purplecapital.com","Visit
                                        Website","http://www.purplecapital.com/","Update Your Business Info","EMAIL","https://www.brabys.com/za/financial-services?page=215#","BOOKMARK","More Information","",""
"https://www.brabys.com/images/logo-placeholder.webp","PURPLELAKE MANAGEMENT & CORPORATE CC","https://www.brabys.com/za/kwazulu-natal/chatsworth/umhlatuzana-township/finance-companies/purplelake-management-corporate-cc","Umhlatuzana Township, Chatsworth, Kwazulu-Natal","•","Finance Companies","Phone:","031 822 4646","tel:0318224646","Cell:","074 484 5444","tel:0744845444","More
                                        Information","https://www.brabys.com/za/kwazulu-natal/chatsworth/umhlatuzana-township/finance-companies/purplelake-management-corporate-cc","Update Your Business Info","EMAIL","https://www.brabys.com/za/financial-services?page=215#","BOOKMARK","More Information","086 562 3628","tel:0865623628"
"https://www.brabys.com/images/logo-placeholder.webp","PWM FINANCIAL MANAGEMENT","https://www.brabys.com/za/eastern-cape/port-elizabeth/central/accountants-auditors/pwm-financial-management","Central, Port Elizabeth, Eastern Cape","•","Accountants & Auditors","Phone:","041 582 3034","tel:0415823034","","","","Visit
                                        Website","http://www.pwmfb.co.za/","Update Your Business Info","EMAIL","https://www.brabys.com/za/financial-services?page=215#","BOOKMARK","More Information","",""
"https://www.brabys.com/images/logo-placeholder.webp","PWM FINANCIAL MANAGEMENT CC","https://www.brabys.com/za/eastern-cape/port-elizabeth/central/financial-services/pwm-financial-management-cc","Central, Port Elizabeth, Eastern Cape","•","Financial Services","Phone:","041 582 3026","tel:0415823026","Email:","nadia@pwmfb.co.za","mailto:nadia@pwmfb.co.za","More
                                        Information","https://www.brabys.com/za/eastern-cape/port-elizabeth/central/financial-services/pwm-financial-management-cc","Update Your Business Info","EMAIL","https://www.brabys.com/za/financial-services?page=215#","BOOKMARK","More Information","",""
"https://www.brabys.com/images/logo-placeholder.webp","Q C AGENCIES","https://www.brabys.com/za/eastern-cape/port-elizabeth/finance-companies/q-c-agencies","Port Elizabeth, Eastern Cape","•","Finance Companies","Phone:","041 453 5823","tel:0414535823","Email:","pschmitt@intekom.co.za","mailto:pschmitt@intekom.co.za","More
                                        Information","https://www.brabys.com/za/eastern-cape/port-elizabeth/finance-companies/q-c-agencies","Update Your Business Info","EMAIL","https://www.brabys.com/za/financial-services?page=215#","BOOKMARK","More Information","",""
"https://www.brabys.com/images/logo-placeholder.webp","Q L B INVESTMENT BROKERS CC","https://www.brabys.com/za/kwazulu-natal/amanzimtoti/insurance/q-l-b-investment-brokers-cc","Amanzimtoti, Kwazulu-Natal","•","Insurance","Phone:","031 904 2177","tel:0319042177","Share Call Fax:","086 658 6913","tel:0866586913","Visit
                                        Website","http://www.qlb.co.za/","Update Your Business Info","EMAIL","https://www.brabys.com/za/financial-services?page=216#","BOOKMARK","More Information","accounts02@qlb.co.za","mailto:accounts02@qlb.co.za"
"https://www.brabys.com/images/logo-placeholder.webp","QUADFIN FINANCIAL INVESTMENTS","https://www.brabys.com/za/eastern-cape/port-elizabeth/newton-park/financial-consultants/quadfin-financial-investments","Newton Park, Port Elizabeth, Eastern Cape","•","Financial Consultants","Phone:","041 365 7949","tel:0413657949","Share Call Fax:","086 671 5759","tel:0866715759","More
                                        Information","https://www.brabys.com/za/eastern-cape/port-elizabeth/newton-park/financial-consultants/quadfin-financial-investments","Update Your Business Info","EMAIL","https://www.brabys.com/za/financial-services?page=216#","BOOKMARK","More Information","",""
"https://www.brabys.com/images/logo-placeholder.webp","QUICKFIN NATIONWIDE","https://www.brabys.com/za/western-cape/plettenberg-bay/finance-companies/quickfin-nationwide","Plettenberg Bay, Western Cape","•","Finance Companies","Phone:","044 533 5151","tel:0445335151","Email:","pl@quickfin.co.za","mailto:pl@quickfin.co.za","More
                                        Information","https://www.brabys.com/za/western-cape/plettenberg-bay/finance-companies/quickfin-nationwide","Update Your Business Info","EMAIL","https://www.brabys.com/za/financial-services?page=216#","BOOKMARK","More Information","",""
"https://www.brabys.com/images/logo-placeholder.webp","QUINTESSENTIALS MATERIALS DEVELOPMENT","https://www.brabys.com/za/eastern-cape/port-elizabeth/walmer/communications/quintessentials-materials-development","Walmer, Port Elizabeth, Eastern Cape","•","Communications","Phone:","041 581 3870","tel:0415813870","Email:","hunneyball@axxess.co.za","mailto:hunneyball@axxess.co.za","Visit
                                        Website","http://www.quintessentials.co.za/","Update Your Business Info","EMAIL","https://www.brabys.com/za/financial-services?page=216#","BOOKMARK","More Information","",""
"https://www.brabys.com/images/logo-placeholder.webp","QUOTIENT FINANCIAL SOLUTIONS","https://www.brabys.com/za/western-cape/cape-town/tokai/financial-services/quotient-financial-solutions","Tokai, Cape Town, Western Cape","•","Financial Services","Phone:","021 701 4052","tel:0217014052","","","","More
                                        Information","https://www.brabys.com/za/western-cape/cape-town/tokai/financial-services/quotient-financial-solutions","Update Your Business Info","EMAIL","https://www.brabys.com/za/financial-services?page=216#","BOOKMARK","More Information","",""
"https://www.brabys.com/images/logo-placeholder.webp","R 3 SOLUTIONS","https://www.brabys.com/za/northern-cape/kimberley/financial-services/r-3-solutions","Kimberley, Northern Cape","•","Financial Services","Phone:","053 832 8121","tel:0538328121","Cell:","083 292 2143","tel:0832922143","More
                                        Information","https://www.brabys.com/za/northern-cape/kimberley/financial-services/r-3-solutions","Update Your Business Info","EMAIL","https://www.brabys.com/za/financial-services?page=216#","BOOKMARK","More Information","jaco.rrs@kimberley.co.za","mailto:jaco.rrs@kimberley.co.za"
"https://www.brabys.com/images/logo-placeholder.webp","R B FINANCIAL ADVISORY SERVICES","https://www.brabys.com/za/eastern-cape/port-elizabeth/newton-park/financial-consultants/r-b-financial-advisory-services","Newton Park, Port Elizabeth, Eastern Cape","•","Financial Consultants","Phone:","041 365 1522","tel:0413651522","Share Call Fax:","086 615 0873","tel:0866150873","More
                                        Information","https://www.brabys.com/za/eastern-cape/port-elizabeth/newton-park/financial-consultants/r-b-financial-advisory-services","Update Your Business Info","EMAIL","https://www.brabys.com/za/financial-services?page=216#","BOOKMARK","More Information","admin@rbhouse.co.za","mailto:admin@rbhouse.co.za"
"https://www.brabys.com/images/logo-placeholder.webp","R C S GROUP","https://www.brabys.com/za/western-cape/goodwood/financial-services/r-c-s-group","Goodwood, Western Cape","•","Financial Services","Phone:","021 597 4000","tel:0215974000","Email:","contactus@rcsgroup.co.za","mailto:contactus@rcsgroup.co.za","Visit
                                        Website","http://www.rcs.co.za/","Update Your Business Info","EMAIL","https://www.brabys.com/za/financial-services?page=216#","BOOKMARK","More Information","",""
"https://www.brabys.com/images/logo-placeholder.webp","R D A FINANCIAL SERVICES","https://www.brabys.com/za/western-cape/cape-town/tokai/financial-services/r-d-a-financial-services","Tokai, Cape Town, Western Cape","•","Financial Services","Phone:","021 712 1198","tel:0217121198","Email:","reception@rdafs.co.za","mailto:reception@rdafs.co.za","Visit
                                        Website","http://www.rdafs.co.za/","Update Your Business Info","EMAIL","https://www.brabys.com/za/financial-services?page=216#","BOOKMARK","More Information","",""
"https://www.brabys.com/images/logo-placeholder.webp","R J FINANCIAL SERVICES","https://www.brabys.com/za/gauteng/vanderbijlpark/town-centre/finance-companies/r-j-financial-services","Town Centre, Vanderbijlpark, Gauteng","•","Finance Companies","Phone:","016 933 3814","tel:0169333814","Share Call Fax:","086 639 8398","tel:0866398398","More
                                        Information","https://www.brabys.com/za/gauteng/vanderbijlpark/town-centre/finance-companies/r-j-financial-services","Update Your Business Info","EMAIL","https://www.brabys.com/za/financial-services?page=216#","BOOKMARK","More Information","lea@omfranchise.co.za","mailto:lea@omfranchise.co.za"
"https://www.brabys.com/images/logo-placeholder.webp","R MAETISA AND ASSOCIATES (PTY) LTD","https://www.brabys.com/za/gauteng/sandton/rivonia/financial-consultants/r-maetisa-and-associates-pty-ltd","Rivonia, Sandton, Gauteng","•","Financial Consultants","Phone:","011 259 9011","tel:0112599011","Email:","rudolph@rmaetisaassociates.com","mailto:rudolph@rmaetisaassociates.com","More
                                        Information","https://www.brabys.com/za/gauteng/sandton/rivonia/financial-consultants/r-maetisa-and-associates-pty-ltd","Update Your Business Info","EMAIL","https://www.brabys.com/za/financial-services?page=217#","BOOKMARK","More Information","",""
"https://www.brabys.com/images/logo-placeholder.webp","R S A AGRI BROKERS","https://www.brabys.com/za/western-cape/tulbagh/financial-services/r-s-a-agri-brokers","Tulbagh, Western Cape","•","Financial Services","Phone:","023 230 1437","tel:0232301437","Email:","bets.dekock@rsab.co.za","mailto:bets.dekock@rsab.co.za","More
                                        Information","https://www.brabys.com/za/western-cape/tulbagh/financial-services/r-s-a-agri-brokers","Update Your Business Info","EMAIL","https://www.brabys.com/za/financial-services?page=217#","BOOKMARK","More Information","",""
"https://www.brabys.com/images/logo-placeholder.webp","RAINBOW CASH LOANS","https://www.brabys.com/za/north-west/bloemhof/finance-companies/rainbow-cash-loans","Bloemhof, North West","•","Finance Companies","Phone:","053 433 0238","tel:0534330238","","","","More
                                        Information","https://www.brabys.com/za/north-west/bloemhof/finance-companies/rainbow-cash-loans","Update Your Business Info","EMAIL","https://www.brabys.com/za/financial-services?page=217#","BOOKMARK","More Information","",""
"https://www.brabys.com/images/logo-placeholder.webp","RALPH GRIFFIN & ASSOCIATES","https://www.brabys.com/za/gauteng/edenvale/finance-companies/ralph-griffin-associates","Edenvale, Gauteng","•","Finance Companies","Phone:","011 454 6631","tel:0114546631","Cell:","083 527 6855","tel:0835276855","More
                                        Information","https://www.brabys.com/za/gauteng/edenvale/finance-companies/ralph-griffin-associates","Update Your Business Info","EMAIL","https://www.brabys.com/za/financial-services?page=217#","BOOKMARK","More Information","",""
"https://www.brabys.com/images/logo-placeholder.webp","RAM NAIDOO & ASSOCIATES","https://www.brabys.com/za/gauteng/lenasia/lenasia-south/financial-consultants/ram-naidoo-associates","Lenasia South, Lenasia, Gauteng","•","Financial Consultants","Phone:","011 855 0023","tel:0118550023","Email:","tax@ramna.co.za","mailto:tax@ramna.co.za","Visit
                                        Website","http://www.ramna.co.za/","Update Your Business Info","EMAIL","https://www.brabys.com/za/financial-services?page=217#","BOOKMARK","More Information","",""
"https://www.brabys.com/images/logo-placeholder.webp","RAMRUP D TAXI SERVICE","https://www.brabys.com/za/kwazulu-natal/kwadukuza/stanger-manor/taxi-services/ramrup-d-taxi-service","Stanger Manor, KwaDukuza, Kwazulu-Natal","•","Taxi Services","Cell:","083 443 7895","tel:0834437895","Email:","jisakatravel@gmail.com","mailto:jisakatravel@gmail.com","More
                                        Information","https://www.brabys.com/za/kwazulu-natal/kwadukuza/stanger-manor/taxi-services/ramrup-d-taxi-service","Update Your Business Info","EMAIL","https://www.brabys.com/za/financial-services?page=217#","BOOKMARK","More Information","",""
"https://www.brabys.com/images/logo-placeholder.webp","RAND MANAGEMENT SERVICES","https://www.brabys.com/za/gauteng/johannesburg/northcliff/income-tax-consultants/rand-management-services","Northcliff, Johannesburg, Gauteng","•","Income Tax Consultants","Phone:","011 678 4587","tel:0116784587","Email:","nic@randmanagement.co.za","mailto:nic@randmanagement.co.za","More
                                        Information","https://www.brabys.com/za/gauteng/johannesburg/northcliff/income-tax-consultants/rand-management-services","Update Your Business Info","EMAIL","https://www.brabys.com/za/financial-services?page=217#","BOOKMARK","More Information","",""
"https://www.brabys.com/images/logo-placeholder.webp","RAND TRUST","https://www.brabys.com/za/gauteng/sandton/rivonia/finance-companies/rand-trust","Rivonia, Sandton, Gauteng","•","Finance Companies","Phone:","011 234 4306","tel:0112344306","Email:","randtrust4@gmail.com","mailto:randtrust4@gmail.com","Visit
                                        Website","http://www.randtrust.co.za/","Update Your Business Info","EMAIL","https://www.brabys.com/za/financial-services?page=217#","BOOKMARK","More Information","",""
"https://www.brabys.com/images/logo-placeholder.webp","RAND TRUST FINANCIERS","https://www.brabys.com/za/gauteng/sandton/rivonia/financial-services/rand-trust-financiers","Rivonia, Sandton, Gauteng","•","Financial Services","Phone:","011 234 4089","tel:0112344089","Email:","enquiries@randtrust.co.za","mailto:enquiries@randtrust.co.za","Visit
                                        Website","http://www.randtrust.co.za/","Update Your Business Info","EMAIL","https://www.brabys.com/za/financial-services?page=217#","BOOKMARK","More Information","",""
"https://www.brabys.com/images/logo-placeholder.webp","RAND-ASIA HOLDCO (PTY) LTD","https://www.brabys.com/za/gauteng/randburg/ferndale/financial-services/rand-asia-holdco-pty-ltd","Ferndale, Randburg, Gauteng","•","Financial Services","Phone:","011 666 1529","tel:0116661529","Email:","info@randasia.co.za","mailto:info@randasia.co.za","Visit
                                        Website","http://www.randasia.co.za/","Update Your Business Info","EMAIL","https://www.brabys.com/za/financial-services?page=217#","BOOKMARK","More Information","",""
"https://www.brabys.com/images/logo-placeholder.webp","RAND-ASIA TRADE FINANCE SA (PTY) LTD","https://www.brabys.com/za/gauteng/randburg/ferndale/finance-companies/rand-asia-trade-finance-sa-pty-ltd","Ferndale, Randburg, Gauteng","•","Finance Companies","Phone:","011 666 1500","tel:0116661500","Share Call Fax:","086 460 5057","tel:0864605057","Visit
                                        Website","http://www.randasia.co.za/","Update Your Business Info","EMAIL","https://www.brabys.com/za/financial-services?page=218#","BOOKMARK","More Information","info@randasia.co.za","mailto:info@randasia.co.za"
"https://www.brabys.com/images/logo-placeholder.webp","RANDBURG FINANCIAL CONSULTANCY","https://www.brabys.com/za/gauteng/kempton-park/bredell/financial-consultants/randburg-financial-consultancy","Bredell, Kempton Park, Gauteng","•","Financial Consultants","Phone:","011 396 3106","tel:0113963106","Email:","trevor-rfc@telkomsa.net","mailto:trevor-rfc@telkomsa.net","More
                                        Information","https://www.brabys.com/za/gauteng/kempton-park/bredell/financial-consultants/randburg-financial-consultancy","Update Your Business Info","EMAIL","https://www.brabys.com/za/financial-services?page=218#","BOOKMARK","More Information","",""
"https://www.brabys.com/images/logo-placeholder.webp","RANDFONTEIN FINANCIAL ADVISORS","https://www.brabys.com/za/gauteng/randfontein/hectorton/financial-consultants/randfontein-financial-advisors","Hectorton, Randfontein, Gauteng","•","Financial Consultants","Phone:","011 412 3490","tel:0114123490","Share Call Fax:","086 559 3488","tel:0865593488","More
                                        Information","https://www.brabys.com/za/gauteng/randfontein/hectorton/financial-consultants/randfontein-financial-advisors","Update Your Business Info","EMAIL","https://www.brabys.com/za/financial-services?page=218#","BOOKMARK","More Information","gvrbroke@netactive.co.za","mailto:gvrbroke@netactive.co.za"
"https://www.brabys.com/images/logo-placeholder.webp","RANDMETRO FINANCIAL ADVISORY SERVICES CC","https://www.brabys.com/za/gauteng/randburg/risidale/financial-consultants/randmetro-financial-advisory-services-cc","Risidale, Randburg, Gauteng","•","Financial Consultants","Phone:","011 888 1677","tel:0118881677","Cell:","083 227 2936","tel:0832272936","Visit
                                        Website","http://www.randmetro.com/","Update Your Business Info","EMAIL","https://www.brabys.com/za/financial-services?page=218#","BOOKMARK","More Information","rmfas@randmetro.com","mailto:rmfas@randmetro.com"
"https://www.brabys.com/images/logo-placeholder.webp","RANDRIDGE FINANCIAL SERVICES","https://www.brabys.com/za/gauteng/randburg/randpark-ridge/finance-companies/randridge-financial-services","Randpark Ridge, Randburg, Gauteng","•","Finance Companies","Phone:","011 793 3510","tel:0117933510","Email:","randridgesa@mweb.co.za","mailto:randridgesa@mweb.co.za","More
                                        Information","https://www.brabys.com/za/gauteng/randburg/randpark-ridge/finance-companies/randridge-financial-services","Update Your Business Info","EMAIL","https://www.brabys.com/za/financial-services?page=218#","BOOKMARK","More Information","",""
"https://www.brabys.com/images/logo-placeholder.webp","RAPSURE FINANCIAL & PROPERTY BROKERS","https://www.brabys.com/za/northern-cape/kimberley/kimberley-north/financial-consultants/rapsure-financial-property-brokers","Kimberley North, Kimberley, Northern Cape","•","Financial Consultants","Phone:","053 832 9318","tel:0538329318","Cell:","053 832 9319","tel:0538329319","More
                                        Information","https://www.brabys.com/za/northern-cape/kimberley/kimberley-north/financial-consultants/rapsure-financial-property-brokers","Update Your Business Info","EMAIL","https://www.brabys.com/za/financial-services?page=218#","BOOKMARK","More Information","072 372 8447","tel:0723728447"
"https://www.brabys.com/images/logo-placeholder.webp","RAVENSBERG GROUP (PTY) LTD","https://www.brabys.com/za/western-cape/cape-town/constantia/business-management-consultants/ravensberg-group-pty-ltd","Constantia, Cape Town, Western Cape","•","Management Consultants","Cell:","083 299 6567","tel:0832996567","VOIP:","087 470 0118","tel:0874700118","Visit
                                        Website","http://www.ravensberg.co.za/","Update Your Business Info","EMAIL","https://www.brabys.com/za/financial-services?page=218#","BOOKMARK","More Information","chirag@ravensberg.co.za","mailto:chirag@ravensberg.co.za"
"https://www.brabys.com/images/logo-placeholder.webp","RAVI NAIDOO FINANCIAL SOLUTIONS CC","https://www.brabys.com/za/kwazulu-natal/chatsworth/silverglen/finance-companies/ravi-naidoo-financial-solutions-cc","Silverglen, Chatsworth, Kwazulu-Natal","•","Finance Companies","Phone:","031 403 3301","tel:0314033301","Cell:","082 456 8335","tel:0824568335","More
                                        Information","https://www.brabys.com/za/kwazulu-natal/chatsworth/silverglen/finance-companies/ravi-naidoo-financial-solutions-cc","Update Your Business Info","EMAIL","https://www.brabys.com/za/financial-services?page=218#","BOOKMARK","More Information","ravi1@telkomsa.net","mailto:ravi1@telkomsa.net"
"https://www.brabys.com/images/logo-placeholder.webp","RAY GOVINDSAMY FINANCIAL ADVISORS","https://www.brabys.com/za/eastern-cape/port-elizabeth/newton-park/financial-advisors/ray-govindsamy-financial-advisors","Newton Park, Port Elizabeth, Eastern Cape","•","Financial Advisors","Phone:","041 365 0133","tel:0413650133","Share Call Fax:","086 672 8548","tel:0866728548","More
                                        Information","https://www.brabys.com/za/eastern-cape/port-elizabeth/newton-park/financial-advisors/ray-govindsamy-financial-advisors","Update Your Business Info","EMAIL","https://www.brabys.com/za/financial-services?page=218#","BOOKMARK","More Information","raysanlam@icon.co.za","mailto:raysanlam@icon.co.za"
"https://www.brabys.com/images/logo-placeholder.webp","RCP ADVISORY SERVICES","https://www.brabys.com/za/kwazulu-natal/durban/morningside/financial-consultants/rcp-advisory-services","Morningside, Durban, Kwazulu-Natal","•","Financial Consultants","Phone:","031 312 5088","tel:0313125088","","","","More
                                        Information","https://www.brabys.com/za/kwazulu-natal/durban/morningside/financial-consultants/rcp-advisory-services","Update Your Business Info","EMAIL","https://www.brabys.com/za/financial-services?page=218#","BOOKMARK","More Information","",""
"https://www.brabys.com/images/logo-placeholder.webp","REACH OUT FINANCIAL SERVICES (PTY) LTD","https://www.brabys.com/za/gauteng/pretoria/alphen-park/financial-services/reach-out-financial-services-pty-ltd","Alphen Park, Pretoria, Gauteng","•","Financial Services","Phone:","012 346 1400","tel:0123461400","Email:","admin@reachout.co.za","mailto:admin@reachout.co.za","Visit
                                        Website","http://www.reachout.co.za/","Update Your Business Info","EMAIL","https://www.brabys.com/za/financial-services?page=219#","BOOKMARK","More Information","",""
"https://www.brabys.com/images/logo-placeholder.webp","REACHMORE FINANCIAL SERVICES","https://www.brabys.com/za/western-cape/milnerton/bothasig/financial-services/reachmore-financial-services","Bothasig, Milnerton, Western Cape","•","Financial Services","Phone:","021 558 0046","tel:0215580046","Email:","reachmore1@gmail.com","mailto:reachmore1@gmail.com","More
                                        Information","https://www.brabys.com/za/western-cape/milnerton/bothasig/financial-services/reachmore-financial-services","Update Your Business Info","EMAIL","https://www.brabys.com/za/financial-services?page=219#","BOOKMARK","More Information","",""
"https://www.brabys.com/images/logo-placeholder.webp","REAL PAY","https://www.brabys.com/za/gauteng/pretoria/waterkloof-glen/finance-companies/real-pay","Waterkloof Glen, Pretoria, Gauteng","•","Finance Companies","Phone:","012 347 0729","tel:0123470729","Email:","info@realpay.co.za","mailto:info@realpay.co.za","Visit
                                        Website","http://www.realpay.co.za/","Update Your Business Info","EMAIL","https://www.brabys.com/za/financial-services?page=219#","BOOKMARK","More Information","",""
"https://www.brabys.com/images/logo-placeholder.webp","REAL PEOPLE","https://www.brabys.com/za/eastern-cape/east-london/quigney/finance-companies/real-people","Quigney, East London, Eastern Cape","•","Finance Companies","Phone:","043 702 4600","tel:0437024600","Email:","realsolutions@realpeople.co.za","mailto:realsolutions@realpeople.co.za","Visit
                                        Website","http://www.realpeople.co.za/","Update Your Business Info","EMAIL","https://www.brabys.com/za/financial-services?page=219#","BOOKMARK","More Information","",""
"https://www.brabys.com/images/logo-placeholder.webp","REAL PEOPLE","https://www.brabys.com/za/northern-cape/upington/finance-companies/real-people","Upington, Northern Cape","•","Finance Companies","Phone:","054 331 3712","tel:0543313712","Share Call Fax:","086 620 1949","tel:0866201949","Visit
                                        Website","http://www.realpeople.co.za/","Update Your Business Info","EMAIL","https://www.brabys.com/za/financial-services?page=219#","BOOKMARK","More Information","upington@realpeople.co.za","mailto:upington@realpeople.co.za"
"https://www.brabys.com/images/logo-placeholder.webp","REAL PEOPLE","https://www.brabys.com/za/northern-cape/postmasburg/finance-companies/real-people","Postmasburg, Northern Cape","•","Finance Companies","Phone:","053 313 3033","tel:0533133033","Share Call Fax:","086 621 4202","tel:0866214202","Visit
                                        Website","http://www.realpeople.co.za/","Update Your Business Info","EMAIL","https://www.brabys.com/za/financial-services?page=219#","BOOKMARK","More Information","postmasburg@realpeople.co.za","mailto:postmasburg@realpeople.co.za"
"https://www.brabys.com/images/logo-placeholder.webp","REAL PEOPLE FINANCE","https://www.brabys.com/za/eastern-cape/east-london/east-london-city-ctr/finance-companies/real-people-finance","East London City Ctr, East London, Eastern Cape","•","Finance Companies","Phone:","043 743 2301","tel:0437432301","Share Call Fax:","086 620 6676","tel:0866206676","Visit
                                        Website","http://www.realpeople.co.za/","Update Your Business Info","EMAIL","https://www.brabys.com/za/financial-services?page=219#","BOOKMARK","More Information","luckys@realpeople.co.za","mailto:luckys@realpeople.co.za"
"https://www.brabys.com/images/logo-placeholder.webp","REALTY COVER PLUS CC","https://www.brabys.com/za/gauteng/sandton/fairmount/financial-advisors-consultants/realty-cover-plus-cc","Fairmount, Sandton, Gauteng","•","Financial Advisors Consultants","Phone:","011 485 3773","tel:0114853773","Cell:","082 824 1979","tel:0828241979","Visit
                                        Website","http://www.realtycover.co.za/","Update Your Business Info","EMAIL","https://www.brabys.com/za/financial-services?page=219#","BOOKMARK","More Information","086 604 0840","tel:0866040840"
"https://www.brabys.com/images/logo-placeholder.webp","REATHUSA AFRICAN FINANCE","https://www.brabys.com/za/free-state/bethlehem/finance-companies/reathusa-african-finance","Bethlehem, Free State","•","Finance Companies","Phone:","058 303 2641","tel:0583032641","Email:","bethlehem@reathusa.co.za","mailto:bethlehem@reathusa.co.za","More
                                        Information","https://www.brabys.com/za/free-state/bethlehem/finance-companies/reathusa-african-finance","Update Your Business Info","EMAIL","https://www.brabys.com/za/financial-services?page=219#","BOOKMARK","More Information","",""
"https://www.brabys.com/images/logo-placeholder.webp","REATHUSA AFRICAN FINANCE","https://www.brabys.com/za/free-state/bethlehem/financial-services/reathusa-african-finance","Bethlehem, Free State","•","Financial Services","Phone:","058 303 1477","tel:0583031477","","","","More
                                        Information","https://www.brabys.com/za/free-state/bethlehem/financial-services/reathusa-african-finance","Update Your Business Info","EMAIL","https://www.brabys.com/za/financial-services?page=219#","BOOKMARK","More Information","",""
"https://www.brabys.com/images/logo-placeholder.webp","RECRO BUSINESS SERVICES","https://www.brabys.com/za/western-cape/parow/panorama/financial-consultants/recro-business-services","Panorama, Parow, Western Cape","•","Financial Consultants","Phone:","021 930 3850","tel:0219303850","Cell:","021 788 7575","tel:0217887575","Visit
                                        Website","http://www.recro.co.za/","Update Your Business Info","EMAIL","https://www.brabys.com/za/financial-services?page=220#","BOOKMARK","More Information","071 265 8148","tel:0712658148"
"https://www.brabys.com/images/logo-placeholder.webp","REDWOOD UNLIMITED","https://www.brabys.com/za/kwazulu-natal/durban/morningside/employee-benefit-schemes/redwood-unlimited","Morningside, Durban, Kwazulu-Natal","•","Employee Benefit Schemes","Phone:","031 572 3427","tel:0315723427","Email:","info@redwoodunlimited.co.za","mailto:info@redwoodunlimited.co.za","Visit
                                        Website","http://www.redwoodunlimited.co.za/","Update Your Business Info","EMAIL","https://www.brabys.com/za/financial-services?page=220#","BOOKMARK","More Information","",""
"https://www.brabys.com/images/logo-placeholder.webp","REED AND STANLEY","https://www.brabys.com/za/kwazulu-natal/durban/central/financial-consultants/reed-and-stanley","Central, Durban, Kwazulu-Natal","•","Financial Consultants","Phone:","031 304 5842","tel:0313045842","Cell:","083 777 1015","tel:0837771015","More
                                        Information","https://www.brabys.com/za/kwazulu-natal/durban/central/financial-consultants/reed-and-stanley","Update Your Business Info","EMAIL","https://www.brabys.com/za/financial-services?page=220#","BOOKMARK","More Information","reedstan@mweb.co.za","mailto:reedstan@mweb.co.za"
"https://www.brabys.com/images/logo-placeholder.webp","REGGIES TAXI","https://www.brabys.com/za/kwazulu-natal/durban/south-beach/metered-taxis/reggies-taxi","South Beach, Durban, Kwazulu-Natal","•","Metered Taxis","Cell:","072 489 1430","tel:0724891430","","","","More
                                        Information","https://www.brabys.com/za/kwazulu-natal/durban/south-beach/metered-taxis/reggies-taxi","Update Your Business Info","EMAIL","https://www.brabys.com/za/financial-services?page=220#","BOOKMARK","More Information","",""
"https://www.brabys.com/images/logo-placeholder.webp","REGIMENTS CAPITAL (PTY) LTD","https://www.brabys.com/za/gauteng/sandton/illovo/finance-companies/regiments-capital-pty-ltd","Illovo, Sandton, Gauteng","•","Finance Companies","Phone:","011 715 0300","tel:0117150300","Email:","info@regiments.co.za","mailto:info@regiments.co.za","More
                                        Information","https://www.brabys.com/za/gauteng/sandton/illovo/finance-companies/regiments-capital-pty-ltd","Update Your Business Info","EMAIL","https://www.brabys.com/za/financial-services?page=220#","BOOKMARK","More Information","",""
"https://www.brabys.com/images/logo-placeholder.webp","REICHTEC FINANCIAL","https://www.brabys.com/za/kwazulu-natal/westville/berea-west/financial-consultants/reichtec-financial","Berea West, Westville, Kwazulu-Natal","•","Financial Consultants","Phone:","031 267 1000","tel:0312671000","Email:","info@reichtec.co.za","mailto:info@reichtec.co.za","Visit
                                        Website","http://www.reichtec.co.za/","Update Your Business Info","EMAIL","https://www.brabys.com/za/financial-services?page=220#","BOOKMARK","More Information","",""
"https://www.brabys.com/images/logo-placeholder.webp","REMINGTON HOUSE","https://www.brabys.com/za/western-cape/cape-town/wynberg/financial-advisors/remington-house","Wynberg, Cape Town, Western Cape","•","Financial Advisors","Phone:","021 762 7590","tel:0217627590","Email:","reception@remingtonhouse.co.za","mailto:reception@remingtonhouse.co.za","More
                                        Information","https://www.brabys.com/za/western-cape/cape-town/wynberg/financial-advisors/remington-house","Update Your Business Info","EMAIL","https://www.brabys.com/za/financial-services?page=220#","BOOKMARK","More Information","",""
"https://www.brabys.com/images/logo-placeholder.webp","RENTWORKS (PTY) LTD","https://www.brabys.com/za/gauteng/sandton/bryanston/finance-companies/rentworks-pty-ltd","Bryanston, Sandton, Gauteng","•","Finance Companies","Phone:","011 549 9000","tel:0115499000","","","","Visit
                                        Website","http://www.rentworks.co.za/","Update Your Business Info","EMAIL","https://www.brabys.com/za/financial-services?page=220#","BOOKMARK","More Information","",""
"https://www.brabys.com/images/logo-placeholder.webp","RESERVE BANK","https://www.brabys.com/za/gauteng/pretoria/financial-services/reserve-bank","Pretoria, Gauteng","•","Financial Services","Phone:","012 313 3000","tel:0123133000","","","","More
                                        Information","https://www.brabys.com/za/gauteng/pretoria/financial-services/reserve-bank","Update Your Business Info","EMAIL","https://www.brabys.com/za/financial-services?page=220#","BOOKMARK","More Information","",""
"https://www.brabys.com/images/logo-placeholder.webp","RESOLUTE FINANCE","https://www.brabys.com/za/gauteng/pretoria/financial-services/resolute-finance","Pretoria, Gauteng","•","Financial Services","Phone:","012 321 0123","tel:0123210123","Email:","info@resolutefinance.co.za","mailto:info@resolutefinance.co.za","Visit
                                        Website","http://www.resolutefinance.co.za/","Update Your Business Info","EMAIL","https://www.brabys.com/za/financial-services?page=220#","BOOKMARK","More Information","",""
"https://www.brabys.com/images/logo-placeholder.webp","RETIRE RIGHT","https://www.brabys.com/za/gauteng/centurion/lyttelton-a-h/financial-services/retire-right","Lyttelton A H, Centurion, Gauteng","•","Financial Services","Cell:","084 514 6005","tel:0845146005","Email:","marchant@celestialbluestar.co.za","mailto:marchant@celestialbluestar.co.za","Visit
                                        Website","http://www.retireright.co.za/","Update Your Business Info","EMAIL","https://www.brabys.com/za/financial-services?page=221#","BOOKMARK","More Information","",""
"https://www.brabys.com/images/logo-placeholder.webp","RETSOL (PTY) LTD","https://www.brabys.com/za/western-cape/milnerton/project-financing/retsol-pty-ltd","Milnerton, Western Cape","•","Project Financing","Phone:","021 552 2565","tel:0215522565","Email:","info@retsol.co.za","mailto:info@retsol.co.za","Visit
                                        Website","http://www.retsol.co.za/","Update Your Business Info","EMAIL","https://www.brabys.com/za/financial-services?page=221#","BOOKMARK","More Information","",""
"https://www.brabys.com/images/logo-placeholder.webp","REYNARD ASSOCIATES (PTY) LTD","https://www.brabys.com/za/gauteng/sandton/hurlingham/financial-consultants/reynard-associates-pty-ltd","Hurlingham, Sandton, Gauteng","•","Financial Consultants","Phone:","011 883 5960","tel:0118835960","Email:","reynard@mweb.co.za","mailto:reynard@mweb.co.za","More
                                        Information","https://www.brabys.com/za/gauteng/sandton/hurlingham/financial-consultants/reynard-associates-pty-ltd","Update Your Business Info","EMAIL","https://www.brabys.com/za/financial-services?page=221#","BOOKMARK","More Information","",""
"https://www.brabys.com/images/logo-placeholder.webp","REZCO COLLECTIVE INVESTMENTS LTD","https://www.brabys.com/za/eastern-cape/port-elizabeth/mill-park/asset-management/rezco-collective-investments-ltd","Mill Park, Port Elizabeth, Eastern Cape","•","Asset Management","Phone:","041 373 0905","tel:0413730905","Email:","rcape@rezco.co.za","mailto:rcape@rezco.co.za","Visit
                                        Website","http://www.rezco.co.za/","Update Your Business Info","EMAIL","https://www.brabys.com/za/financial-services?page=221#","BOOKMARK","More Information","",""
"https://www.brabys.com/images/logo-placeholder.webp","RF ADVICE","https://www.brabys.com/za/western-cape/cape-town/finance-companies/rf-advice","Cape Town, Western Cape","•","Finance Companies","Phone:","021 558 6850","tel:0215586850","","","","More
                                        Information","https://www.brabys.com/za/western-cape/cape-town/finance-companies/rf-advice","Update Your Business Info","EMAIL","https://www.brabys.com/za/financial-services?page=221#","BOOKMARK","More Information","",""
"https://www.brabys.com/images/logo-placeholder.webp","RIAAN EKSTEEN ACCOUNTANTS","https://www.brabys.com/za/gauteng/pretoria/montanapark/accountants/riaan-eksteen-accountants","Montanapark, Pretoria, Gauteng","•","Accountants","Phone:","012 548 0870","tel:0125480870","Email:","clarie@riaaneksteen.co.za","mailto:clarie@riaaneksteen.co.za","More
                                        Information","https://www.brabys.com/za/gauteng/pretoria/montanapark/accountants/riaan-eksteen-accountants","Update Your Business Info","EMAIL","https://www.brabys.com/za/financial-services?page=221#","BOOKMARK","More Information","",""
"https://www.brabys.com/images/logo-placeholder.webp","RIAAN ODENDAAL FINANCIAL ADVISOR","https://www.brabys.com/za/kwazulu-natal/amanzimtoti/financial-advisors/riaan-odendaal-financial-advisor","Amanzimtoti, Kwazulu-Natal","•","Financial Advisors","Phone:","031 903 5364","tel:0319035364","Share Call Fax:","086 293 7868","tel:0862937868","More
                                        Information","https://www.brabys.com/za/kwazulu-natal/amanzimtoti/financial-advisors/riaan-odendaal-financial-advisor","Update Your Business Info","EMAIL","https://www.brabys.com/za/financial-services?page=221#","BOOKMARK","More Information","",""
"https://www.brabys.com/images/logo-placeholder.webp","RICHMARK HOLDINGS","https://www.brabys.com/za/gauteng/sandton/financial-services/richmark-holdings","Sandton, Gauteng","•","Financial Services","Phone:","011 523 3007","tel:0115233007","Email:","info@richmark.co.za","mailto:info@richmark.co.za","Visit
                                        Website","http://www.richmark.co.za/","Update Your Business Info","EMAIL","https://www.brabys.com/za/financial-services?page=221#","BOOKMARK","More Information","",""
"https://www.brabys.com/images/logo-placeholder.webp","RIDGETOP INVESTMENTS MANAGERS","https://www.brabys.com/za/kwazulu-natal/hillcrest/hilldene/financial-services/ridgetop-investments-managers","Hilldene, Hillcrest, Kwazulu-Natal","•","Financial Services","Phone:","031 765 6625","tel:0317656625","","","","More
                                        Information","https://www.brabys.com/za/kwazulu-natal/hillcrest/hilldene/financial-services/ridgetop-investments-managers","Update Your Business Info","EMAIL","https://www.brabys.com/za/financial-services?page=221#","BOOKMARK","More Information","",""
"https://www.brabys.com/images/logo-placeholder.webp","RIKKIS TAXIS","https://www.brabys.com/za/northern-cape/kimberley/beaconsfield/taxi-services/rikkis-taxis","Beaconsfield, Kimberley, Northern Cape","•","Taxi Services","Phone:","053 842 1764","tel:0538421764","Share Call Fax:","086 562 6420","tel:0865626420","Visit
                                        Website","http://www.rikkistaxis.co.za/","Update Your Business Info","EMAIL","https://www.brabys.com/za/financial-services?page=221#","BOOKMARK","More Information","rikkistaxis@mwebbiz.co.za","mailto:rikkistaxis@mwebbiz.co.za"
"https://www.brabys.com/images/logo-placeholder.webp","RILEY FINANCIAL SERVICES","https://www.brabys.com/za/gauteng/edenvale/dowerglen/financial-services/riley-financial-services","Dowerglen, Edenvale, Gauteng","•","Financial Services","Phone:","011 454 6313","tel:0114546313","","","","Visit
                                        Website","http://www.rileyfinancial.co.za/","Update Your Business Info","EMAIL","https://www.brabys.com/za/financial-services?page=222#","BOOKMARK","More Information","",""
"https://www.brabys.com/images/logo-placeholder.webp","RISK ASSESSMENT SERVICES","https://www.brabys.com/za/free-state/bloemfontein/dan-pienaar/financial-services/risk-assessment-services","Dan Pienaar, Bloemfontein, Free State","•","Financial Services","Phone:","051 436 0896","tel:0514360896","Share Call Fax:","086 609 0670","tel:0866090670","Visit
                                        Website","http://www.raservices.co.za/","Update Your Business Info","EMAIL","https://www.brabys.com/za/financial-services?page=222#","BOOKMARK","More Information","chantelle@raservices.co.za","mailto:chantelle@raservices.co.za"
"https://www.brabys.com/images/logo-placeholder.webp","RISK PLANNING SERVICES CC","https://www.brabys.com/za/western-cape/hermanus/financial-consultants/risk-planning-services-cc","Hermanus, Western Cape","•","Financial Consultants","Phone:","028 313 0251","tel:0283130251","Cell:","082 881 3936","tel:0828813936","More
                                        Information","https://www.brabys.com/za/western-cape/hermanus/financial-consultants/risk-planning-services-cc","Update Your Business Info","EMAIL","https://www.brabys.com/za/financial-services?page=222#","BOOKMARK","More Information","rps@hermanus.co.za","mailto:rps@hermanus.co.za"
"https://www.brabys.com/images/logo-placeholder.webp","RISK TRANS INSURANCE BROKERS","https://www.brabys.com/za/kwazulu-natal/durban/morningside/finance-companies/risk-trans-insurance-brokers","Morningside, Durban, Kwazulu-Natal","•","Finance Companies","Phone:","031 207 4055","tel:0312074055","Cell:","083 636 1111","tel:0836361111","Visit
                                        Website","http://www.risktrans.co.za/","Update Your Business Info","EMAIL","https://www.brabys.com/za/financial-services?page=222#","BOOKMARK","More Information","carolv@risktrans.co.za","mailto:carolv@risktrans.co.za"
"https://www.brabys.com/images/logo-placeholder.webp","RITZFIN FINANCIAL SERVICES","https://www.brabys.com/za/western-cape/cape-town/constantia/financial-services/ritzfin-financial-services","Constantia, Cape Town, Western Cape","•","Financial Services","Cell:","083 397 9695","tel:0833979695","Email:","info@ritzfin.co.za","mailto:info@ritzfin.co.za","Visit
                                        Website","http://www.ritzfin.co.za/","Update Your Business Info","EMAIL","https://www.brabys.com/za/financial-services?page=222#","BOOKMARK","More Information","",""
"https://www.brabys.com/images/logo-placeholder.webp","RIXI TAXI","https://www.brabys.com/za/gauteng/pretoria/brooklyn/taxi-services/rixi-taxi","Brooklyn, Pretoria, Gauteng","•","Taxi Services","Phone:","012 362 6262","tel:0123626262","Share Call Fax:","086 100 7494","tel:0861007494","Visit
                                        Website","http://www.rixitaxi.co.za/","Update Your Business Info","EMAIL","https://www.brabys.com/za/financial-services?page=222#","BOOKMARK","More Information","086 517 6542","tel:0865176542"
"https://www.brabys.com/images/logo-placeholder.webp","RJ RJ CONSULTING","https://www.brabys.com/za/gauteng/vereeniging/duncanville/typing-services/rj-rj-consulting","Duncanville, Vereeniging, Gauteng","•","Typing Services","Cell:","072 513 2554","tel:0725132554","Email:","rjrjconsulting@gmail.com","mailto:rjrjconsulting@gmail.com","Visit
                                        Website","http://www.rjrjconsulting.co.za/","Update Your Business Info","EMAIL","https://www.brabys.com/za/financial-services?page=222#","BOOKMARK","More Information","",""
"https://www.brabys.com/images/logo-placeholder.webp","ROBERT BAICHAN FINANCIAL SERVICES CC","https://www.brabys.com/za/kwazulu-natal/umhlanga/umhlanga-ridge/financial-services/robert-baichan-financial-services-cc","Umhlanga Ridge, Umhlanga, Kwazulu-Natal","•","Financial Services","Phone:","031 584 7007","tel:0315847007","","","","More
                                        Information","https://www.brabys.com/za/kwazulu-natal/umhlanga/umhlanga-ridge/financial-services/robert-baichan-financial-services-cc","Update Your Business Info","EMAIL","https://www.brabys.com/za/financial-services?page=222#","BOOKMARK","More Information","",""
"https://www.brabys.com/images/logo-placeholder.webp","ROBERT GROUP THE","https://www.brabys.com/za/kwazulu-natal/umhlanga/la-lucia-ridge/wealth-management/robert-group-the","La Lucia Ridge, Umhlanga, Kwazulu-Natal","•","Wealth Management","Phone:","031 566 6188","tel:0315666188","Share Call Fax:","031 566 6111","tel:0315666111","Visit
                                        Website","http://www.robertgroup.co.za/","Update Your Business Info","EMAIL","https://www.brabys.com/za/financial-services?page=222#","BOOKMARK","More Information","086 669 2922","tel:0866692922"
"https://www.brabys.com/images/logo-placeholder.webp","ROBERT GROUP THE","https://www.brabys.com/za/kwazulu-natal/umhlali/salt-rock/financial-consultants/robert-group-the","Salt Rock, Umhlali, Kwazulu-Natal","•","Financial Consultants","Phone:","032 947 1132","tel:0329471132","Cell:","032 947 1133","tel:0329471133","More
                                        Information","https://www.brabys.com/za/kwazulu-natal/umhlali/salt-rock/financial-consultants/robert-group-the","Update Your Business Info","EMAIL","https://www.brabys.com/za/financial-services?page=222#","BOOKMARK","More Information","032 947 2322","tel:0329472322"
"https://www.brabys.com/images/logo-placeholder.webp","RODEL FINANCIAL","https://www.brabys.com/za/kwazulu-natal/durban/morningside/finance-companies/rodel-financial","Morningside, Durban, Kwazulu-Natal","•","Finance Companies","Phone:","031 303 7722","tel:0313037722","Share Call Fax:","086 127 6335","tel:0861276335","Visit
                                        Website","http://www.rodel.co.za/","Update Your Business Info","EMAIL","https://www.brabys.com/za/financial-services?page=223#","BOOKMARK","More Information","info@rodel.co.za","mailto:info@rodel.co.za"
"https://www.brabys.com/images/logo-placeholder.webp","RODL & PARTNER INC","https://www.brabys.com/za/gauteng/bedfordview/accountants/rodl-partner-inc","Bedfordview, Gauteng","•","Accountants","Phone:","011 479 3000","tel:0114793000","","","","More
                                        Information","https://www.brabys.com/za/gauteng/bedfordview/accountants/rodl-partner-inc","Update Your Business Info","EMAIL","https://www.brabys.com/za/financial-services?page=223#","BOOKMARK","More Information","",""
"https://www.brabys.com/images/logo-placeholder.webp","RODNEY STEIN FINANCIAL SERVICES","https://www.brabys.com/za/western-cape/milnerton/century-city/financial-services/rodney-stein-financial-services","Century City, Milnerton, Western Cape","•","Financial Services","Phone:","021 551 1700","tel:0215511700","","","","More
                                        Information","https://www.brabys.com/za/western-cape/milnerton/century-city/financial-services/rodney-stein-financial-services","Update Your Business Info","EMAIL","https://www.brabys.com/za/financial-services?page=223#","BOOKMARK","More Information","",""
"https://www.brabys.com/images/logo-placeholder.webp","ROMKOR FINANCIAL SOLUTIONS (PTY) LTD","https://www.brabys.com/za/free-state/bloemfontein/universitas/financial-management-services/romkor-financial-solutions-pty-ltd","Universitas, Bloemfontein, Free State","•","Financial Management Services","Phone:","051 522 0206","tel:0515220206","Share Call Fax:","086 571 8777","tel:0865718777","More
                                        Information","https://www.brabys.com/za/free-state/bloemfontein/universitas/financial-management-services/romkor-financial-solutions-pty-ltd","Update Your Business Info","EMAIL","https://www.brabys.com/za/financial-services?page=223#","BOOKMARK","More Information","",""
"https://www.brabys.com/images/logo-placeholder.webp","RONBEL FINANCIAL SERVICES","https://www.brabys.com/za/eastern-cape/port-elizabeth/walmer/finance-companies/ronbel-financial-services","Walmer, Port Elizabeth, Eastern Cape","•","Finance Companies","Phone:","041 581 2780","tel:0415812780","Share Call Fax:","086 535 8527","tel:0865358527","More
                                        Information","https://www.brabys.com/za/eastern-cape/port-elizabeth/walmer/finance-companies/ronbel-financial-services","Update Your Business Info","EMAIL","https://www.brabys.com/za/financial-services?page=223#","BOOKMARK","More Information","ronbelss@gmail.com","mailto:ronbelss@gmail.com"
"https://www.brabys.com/images/logo-placeholder.webp","RONEL JACOBS FINANCIAL SERVICES","https://www.brabys.com/za/northern-cape/kimberley/newpark/finance-companies/ronel-jacobs-financial-services","Newpark, Kimberley, Northern Cape","•","Finance Companies","Phone:","053 831 6861","tel:0538316861","Share Call Fax:","086 564 5534","tel:0865645534","More
                                        Information","https://www.brabys.com/za/northern-cape/kimberley/newpark/finance-companies/ronel-jacobs-financial-services","Update Your Business Info","EMAIL","https://www.brabys.com/za/financial-services?page=223#","BOOKMARK","More Information","rjacobs1@absamail.co.za","mailto:rjacobs1@absamail.co.za"
"https://www.brabys.com/images/logo-placeholder.webp","ROOS BROKER TRUST","https://www.brabys.com/za/eastern-cape/port-elizabeth/newton-park/financial-planning/roos-broker-trust","Newton Park, Port Elizabeth, Eastern Cape","•","Financial Planning","Phone:","041 365 5820","tel:0413655820","Cell:","074 759 5024","tel:0747595024","Visit
                                        Website","http://www.roosbrokers.co.za/","Update Your Business Info","EMAIL","https://www.brabys.com/za/financial-services?page=223#","BOOKMARK","More Information","michael@roosbrokers.co.za","mailto:michael@roosbrokers.co.za"
"https://www.brabys.com/images/logo-placeholder.webp","ROUTE QUEST","https://www.brabys.com/za/western-cape/bellville/sacks-circle/finance-companies/route-quest","Sacks Circle, Bellville, Western Cape","•","Finance Companies","Phone:","021 959 1100","tel:0219591100","","","","More
                                        Information","https://www.brabys.com/za/western-cape/bellville/sacks-circle/finance-companies/route-quest","Update Your Business Info","EMAIL","https://www.brabys.com/za/financial-services?page=223#","BOOKMARK","More Information","",""
"https://www.brabys.com/images/logo-placeholder.webp","ROUTE QUEST","https://www.brabys.com/za/gauteng/germiston/wadeville/finance-companies/route-quest","Wadeville, Germiston, Gauteng","•","Finance Companies","Phone:","011 878 4000","tel:0118784000","","","","More
                                        Information","https://www.brabys.com/za/gauteng/germiston/wadeville/finance-companies/route-quest","Update Your Business Info","EMAIL","https://www.brabys.com/za/financial-services?page=223#","BOOKMARK","More Information","",""
"https://www.brabys.com/images/logo-placeholder.webp","ROWCO COASTAL REGION","https://www.brabys.com/za/eastern-cape/port-elizabeth/newton-park/financial-services/rowco-coastal-region","Newton Park, Port Elizabeth, Eastern Cape","•","Financial Services","Phone:","041 364 1713","tel:0413641713","Email:","pe.sales@rowco.co.za","mailto:pe.sales@rowco.co.za","Visit
                                        Website","http://www.rowco.co.za/","Update Your Business Info","EMAIL","https://www.brabys.com/za/financial-services?page=223#","BOOKMARK","More Information","",""
"https://www.brabys.com/images/logo-placeholder.webp","ROWEN GOPAUL","https://www.brabys.com/za/kwazulu-natal/umhlanga/prestondale/financial-services/rowen-gopaul","Prestondale, Umhlanga, Kwazulu-Natal","•","Financial Services","Phone:","031 514 6430","tel:0315146430","Email:","rowen.gopaul@liberty.co.za","mailto:rowen.gopaul@liberty.co.za","Visit
                                        Website","http://www.libertyholdings.co.za/","Update Your Business Info","EMAIL","https://www.brabys.com/za/financial-services?page=224#","BOOKMARK","More Information","",""
"https://www.brabys.com/images/logo-placeholder.webp","ROYAL FIELDS FINANCE","https://www.brabys.com/za/gauteng/johannesburg/illovo/financial-services/royal-fields-finance","Illovo, Johannesburg, Gauteng","•","Financial Services","Phone:","086 178 9607","tel:0861789607","Email:","info@royalfields.co.za","mailto:info@royalfields.co.za","Visit
                                        Website","http://www.royalfields.co.za/","Update Your Business Info","EMAIL","https://www.brabys.com/za/financial-services?page=224#","BOOKMARK","More Information","",""
"https://www.brabys.com/images/logo-placeholder.webp","ROYAL FINANCE","https://www.brabys.com/za/free-state/bloemfontein/city-centre/financial-services/royal-finance","City Centre, Bloemfontein, Free State","•","Financial Services","Phone:","051 448 2491","tel:0514482491","Email:","bloemfontein@royalfinance.co.za","mailto:bloemfontein@royalfinance.co.za","More
                                        Information","https://www.brabys.com/za/free-state/bloemfontein/city-centre/financial-services/royal-finance","Update Your Business Info","EMAIL","https://www.brabys.com/za/financial-services?page=224#","BOOKMARK","More Information","",""
"https://www.brabys.com/images/logo-placeholder.webp","ROYAL UNION FINANCIAL","https://www.brabys.com/za/kwazulu-natal/kloof/medical-aid/royal-union-financial","Kloof, Kwazulu-Natal","•","Medical Aid","Phone:","031 717 2700","tel:0317172700","Email:","johna@rufs.co.za","mailto:johna@rufs.co.za","Visit
                                        Website","http://www.rufs.co.za/","Update Your Business Info","EMAIL","https://www.brabys.com/za/financial-services?page=224#","BOOKMARK","More Information","",""
"https://www.brabys.com/images/logo-placeholder.webp","RUBIN H & ASSOCIATES INC","https://www.brabys.com/za/gauteng/sandton/woodmead/accounting/rubin-h-associates-inc","Woodmead, Sandton, Gauteng","•","Accounting","Phone:","011 656 4750","tel:0116564750","","","","More
                                        Information","https://www.brabys.com/za/gauteng/sandton/woodmead/accounting/rubin-h-associates-inc","Update Your Business Info","EMAIL","https://www.brabys.com/za/financial-services?page=224#","BOOKMARK","More Information","",""
"https://www.brabys.com/images/logo-placeholder.webp","RUDI MULLER FINANCIAL ADVISOR","https://www.brabys.com/za/north-west/klerksdorp/flamwood/financial-consultants/rudi-muller-financial-advisor","Flamwood, Klerksdorp, North West","•","Financial Consultants","Phone:","018 468 8442","tel:0184688442","Email:","janfourie@rmfa.co.za","mailto:janfourie@rmfa.co.za","More
                                        Information","https://www.brabys.com/za/north-west/klerksdorp/flamwood/financial-consultants/rudi-muller-financial-advisor","Update Your Business Info","EMAIL","https://www.brabys.com/za/financial-services?page=224#","BOOKMARK","More Information","",""
"https://www.brabys.com/images/logo-placeholder.webp","RUDOLPH EIENDOM & VERSEKERINGSMAKELAARS","https://www.brabys.com/za/north-west/klerksdorp/new-town/financial-consultants/rudolph-eiendom-versekeringsmakelaars","New Town, Klerksdorp, North West","•","Financial Consultants","Phone:","018 464 4322","tel:0184644322","","","","More
                                        Information","https://www.brabys.com/za/north-west/klerksdorp/new-town/financial-consultants/rudolph-eiendom-versekeringsmakelaars","Update Your Business Info","EMAIL","https://www.brabys.com/za/financial-services?page=224#","BOOKMARK","More Information","",""
"https://www.brabys.com/images/logo-placeholder.webp","RUSSEL WOLPE FINANCIAL CONSULTANTS","https://www.brabys.com/za/gauteng/sandton/houghton/financial-consultants/russel-wolpe-financial-consultants","Houghton, Sandton, Gauteng","•","Financial Consultants","Phone:","011 483 3333","tel:0114833333","Email:","info@rwfc.co.za","mailto:info@rwfc.co.za","More
                                        Information","https://www.brabys.com/za/gauteng/sandton/houghton/financial-consultants/russel-wolpe-financial-consultants","Update Your Business Info","EMAIL","https://www.brabys.com/za/financial-services?page=224#","BOOKMARK","More Information","",""
"https://www.brabys.com/images/logo-placeholder.webp","RUSSELL WALLETT FINANCIAL SERVICES CC","https://www.brabys.com/za/gauteng/johannesburg/mulbarton/financial-services/russell-wallett-financial-services-cc","Mulbarton, Johannesburg, Gauteng","•","Financial Services","Phone:","011 432 2030","tel:0114322030","Email:","wallettr@mweb.co.za","mailto:wallettr@mweb.co.za","More
                                        Information","https://www.brabys.com/za/gauteng/johannesburg/mulbarton/financial-services/russell-wallett-financial-services-cc","Update Your Business Info","EMAIL","https://www.brabys.com/za/financial-services?page=224#","BOOKMARK","More Information","",""
"https://www.brabys.com/images/logo-placeholder.webp","RUSTIC LIVING TRADING","https://www.brabys.com/za/northern-cape/victoria-west/finance/rustic-living-trading","Victoria West, Northern Cape","•","Finance","Phone:","053 621 0210","tel:0536210210","","","","More
                                        Information","https://www.brabys.com/za/northern-cape/victoria-west/finance/rustic-living-trading","Update Your Business Info","EMAIL","https://www.brabys.com/za/financial-services?page=224#","BOOKMARK","More Information","",""
"https://www.brabys.com/images/logo-placeholder.webp","S & H CRONJE FINANCIAL SERVICES","https://www.brabys.com/za/eastern-cape/uitenhage/financial-services/s-h-cronje-financial-services","Uitenhage, Eastern Cape","•","Financial Services","Phone:","041 922 5413","tel:0419225413","Share Call Fax:","086 276 4053","tel:0862764053","More
                                        Information","https://www.brabys.com/za/eastern-cape/uitenhage/financial-services/s-h-cronje-financial-services","Update Your Business Info","EMAIL","https://www.brabys.com/za/financial-services?page=225#","BOOKMARK","More Information","",""
"https://www.brabys.com/images/logo-placeholder.webp","S A CONSULTANT GROUP CC","https://www.brabys.com/za/gauteng/centurion/eldoraigne/magazines-periodicals/s-a-consultant-group-cc","Eldoraigne, Centurion, Gauteng","•","Magazines & Periodicals","Phone:","012 660 2282","tel:0126602282","Email:","sainfo@saconsults.co.za","mailto:sainfo@saconsults.co.za","More
                                        Information","https://www.brabys.com/za/gauteng/centurion/eldoraigne/magazines-periodicals/s-a-consultant-group-cc","Update Your Business Info","EMAIL","https://www.brabys.com/za/financial-services?page=225#","BOOKMARK","More Information","",""
"https://www.brabys.com/images/logo-placeholder.webp","S A FINANCE CORPORATION","https://www.brabys.com/za/western-cape/parow/plattekloof/finance-companies/s-a-finance-corporation","Plattekloof, Parow, Western Cape","•","Finance Companies","Phone:","021 911 3826","tel:0219113826","Share Call Fax:","086 615 530","tel:086615530","Visit
                                        Website","http://www.safincorp.co.za/","Update Your Business Info","EMAIL","https://www.brabys.com/za/financial-services?page=225#","BOOKMARK","More Information","admin@safincorp.co.za","mailto:admin@safincorp.co.za"
"https://www.brabys.com/images/logo-placeholder.webp","S A FINANCIAL ENTERPRISES","https://www.brabys.com/za/kwazulu-natal/umhlanga/ridgeside/accountants-tax-consultants/s-a-financial-enterprises","Ridgeside, Umhlanga, Kwazulu-Natal","•","Accountants & Tax Consultants","Phone:","031 309 3080","tel:0313093080","Share Call Fax:","086 563 5875","tel:0865635875","More
                                        Information","https://www.brabys.com/za/kwazulu-natal/umhlanga/ridgeside/accountants-tax-consultants/s-a-financial-enterprises","Update Your Business Info","EMAIL","https://www.brabys.com/za/financial-services?page=225#","BOOKMARK","More Information","safe.admin@nfsgroup.co.za","mailto:safe.admin@nfsgroup.co.za"
"https://www.brabys.com/images/logo-placeholder.webp","S A S B O-THE FINANCE UNION","https://www.brabys.com/za/western-cape/cape-town/central/financial-services/s-a-s-b-o-the-finance-union","Central, Cape Town, Western Cape","•","Financial Services","Phone:","021 424 5941","tel:0214245941","Email:","sasbo@sasbocpt.org.za","mailto:sasbo@sasbocpt.org.za","More
                                        Information","https://www.brabys.com/za/western-cape/cape-town/central/financial-services/s-a-s-b-o-the-finance-union","Update Your Business Info","EMAIL","https://www.brabys.com/za/financial-services?page=225#","BOOKMARK","More Information","",""
"https://www.brabys.com/images/logo-placeholder.webp","S A SHARES","https://www.brabys.com/za/gauteng/sandton/sandton-city/financial-services/s-a-shares","Sandton City, Sandton, Gauteng","•","Financial Services","Phone:","010 449 4445","tel:0104494445","Email:","info@sashares.co.za","mailto:info@sashares.co.za","Visit
                                        Website","http://www.sashares.co.za/","Update Your Business Info","EMAIL","https://www.brabys.com/za/financial-services?page=225#","BOOKMARK","More Information","",""
"https://www.brabys.com/images/logo-placeholder.webp","S A TAXI","https://www.brabys.com/za/kwazulu-natal/durban/morningside/finance-companies/s-a-taxi","Morningside, Durban, Kwazulu-Natal","•","Finance Companies","Phone:","031 202 3578","tel:0312023578","","031 202 3587","tel:0312023587","Visit
                                        Website","http://www.sataxi.co.za/","Update Your Business Info","EMAIL","https://www.brabys.com/za/financial-services?page=225#","BOOKMARK","More Information","031 202 3574","tel:0312023574"
"https://www.brabys.com/images/logo-placeholder.webp","S A TAXI","https://www.brabys.com/za/north-west/rustenburg/finance-companies/s-a-taxi","Rustenburg, North West","•","Finance Companies","Phone:","014 597 2734","tel:0145972734","Cell:","086 182 9448","tel:0861829448","More
                                        Information","https://www.brabys.com/za/north-west/rustenburg/finance-companies/s-a-taxi","Update Your Business Info","EMAIL","https://www.brabys.com/za/financial-services?page=225#","BOOKMARK","More Information","079 892 6903","tel:0798926903"
"https://www.brabys.com/images/logo-placeholder.webp","S A TAXI","https://www.brabys.com/za/eastern-cape/east-london/east-london-city-ctr/finance-companies/s-a-taxi","East London City Ctr, East London, Eastern Cape","•","Finance Companies","Phone:","043 742 2096","tel:0437422096","Email:","043 742 2098","tel:0437422098","Visit
                                        Website","http://www.sataxi.co.za/","Update Your Business Info","EMAIL","https://www.brabys.com/za/financial-services?page=225#","BOOKMARK","More Information","086 182 9448","tel:0861829448"
"https://www.brabys.com/images/logo-placeholder.webp","S A TAXI","https://www.brabys.com/za/gauteng/midrand/randjiespark/finance-companies/s-a-taxi","Randjiespark, Midrand, Gauteng","•","Finance Companies","Phone:","011 550 9300","tel:0115509300","","086 182 9448","tel:0861829448","Visit
                                        Website","http://www.sataxi.co.za/","Update Your Business Info","EMAIL","https://www.brabys.com/za/financial-services?page=225#","BOOKMARK","More Information","",""
"https://www.brabys.com/images/logo-placeholder.webp","S A TAXI","https://www.brabys.com/za/limpopo/polokwane/finance-companies/s-a-taxi","Polokwane, Limpopo","•","Finance Companies","Phone:","086 182 9448","tel:0861829448","Cell:","079 892 6898","tel:0798926898","Visit
                                        Website","http://www.sataxi.co.za/","Update Your Business Info","EMAIL","https://www.brabys.com/za/financial-services?page=226#","BOOKMARK","More Information","",""
"https://www.brabys.com/images/logo-placeholder.webp","S B A / STEMELE BOSCH AFRICA","https://www.brabys.com/za/eastern-cape/port-elizabeth/newton-park/black-economic-empowerment/s-b-a-stemele-bosch-africa","Newton Park, Port Elizabeth, Eastern Cape","•","Black Economic Empowerment","Phone:","041 363 0598","tel:0413630598","Email:","cummingsg@boschstemele.co.za","mailto:cummingsg@boschstemele.co.za","Visit
                                        Website","http://www.bagroup.co.za/","Update Your Business Info","EMAIL","https://www.brabys.com/za/financial-services?page=226#","BOOKMARK","More Information","",""
"https://www.brabys.com/images/logo-placeholder.webp","S D A BUSINESS AND FINANCIAL CONSULTANTS","https://www.brabys.com/za/kwazulu-natal/pietermaritzburg/financial-consultants/s-d-a-business-and-financial-consultants","Pietermaritzburg, Kwazulu-Natal","•","Financial Consultants","Phone:","033 397 2895","tel:0333972895","Cell:","033 342 4161","tel:0333424161","Visit
                                        Website","http://www.sdaconsultants.co.za/","Update Your Business Info","EMAIL","https://www.brabys.com/za/financial-services?page=226#","BOOKMARK","More Information","082 562 9947","tel:0825629947"
"https://www.brabys.com/images/logo-placeholder.webp","S D M AGENCIES (PTY) LTD","https://www.brabys.com/za/gauteng/centurion/hennopspark-ext-7/financial-services/s-d-m-agencies-pty-ltd","Hennopspark Ext 7, Centurion, Gauteng","•","Financial Services","Phone:","012 023 0189","tel:0120230189","Email:","accounts@ccmssa.co.za","mailto:accounts@ccmssa.co.za","More
                                        Information","https://www.brabys.com/za/gauteng/centurion/hennopspark-ext-7/financial-services/s-d-m-agencies-pty-ltd","Update Your Business Info","EMAIL","https://www.brabys.com/za/financial-services?page=226#","BOOKMARK","More Information","",""
"https://www.brabys.com/images/logo-placeholder.webp","S E D A MPUMALANGA","https://www.brabys.com/za/mpumalanga/mbombela/job-creation/s-e-d-a-mpumalanga","Mbombela, Mpumalanga","•","Job Creation","Phone:","013 755 6046","tel:0137556046","","","","Visit
                                        Website","http://www.seda.org.za/","Update Your Business Info","EMAIL","https://www.brabys.com/za/financial-services?page=226#","BOOKMARK","More Information","",""
"https://www.brabys.com/images/logo-placeholder.webp","S H B FINANCIAL SERVICES","https://www.brabys.com/za/gauteng/sandton/financial-services/s-h-b-financial-services","Sandton, Gauteng","•","Financial Services","Cell:","083 600 2342","tel:0836002342","Email:","stacey@shbfs.co.za","mailto:stacey@shbfs.co.za","Visit
                                        Website","http://www.shbfs.co.za/","Update Your Business Info","EMAIL","https://www.brabys.com/za/financial-services?page=226#","BOOKMARK","More Information","",""
"https://www.brabys.com/images/logo-placeholder.webp","S M ACCOUNTING & TAX CONSULTANTS","https://www.brabys.com/za/kwazulu-natal/richards-bay/cbd/tax-clearance/s-m-accounting-tax-consultants","CBD, Richards Bay, Kwazulu-Natal","•","Tax Clearance","Phone:","035 789 3150","tel:0357893150","Cell:","071 403 6271","tel:0714036271","Visit
                                        Website","http://www.sm-accounting.co.za/","Update Your Business Info","EMAIL","https://www.brabys.com/za/financial-services?page=226#","BOOKMARK","More Information","sifiso@sm-accounting.co.za","mailto:sifiso@sm-accounting.co.za"
"https://www.brabys.com/images/logo-placeholder.webp","S O S FINANCE CC","https://www.brabys.com/za/gauteng/alberton/finance-companies/s-o-s-finance-cc","Alberton, Gauteng","•","Finance Companies","Phone:","011 869 7775","tel:0118697775","Email:","joey@compumail.co.za","mailto:joey@compumail.co.za","More
                                        Information","https://www.brabys.com/za/gauteng/alberton/finance-companies/s-o-s-finance-cc","Update Your Business Info","EMAIL","https://www.brabys.com/za/financial-services?page=226#","BOOKMARK","More Information","",""
"https://www.brabys.com/images/logo-placeholder.webp","S R B FINANCIAL SERVICES CC","https://www.brabys.com/za/northern-cape/kimberley/hillcrest/financial-services/s-r-b-financial-services-cc","Hillcrest, Kimberley, Northern Cape","•","Financial Services","Phone:","053 861 1259","tel:0538611259","","","","More
                                        Information","https://www.brabys.com/za/northern-cape/kimberley/hillcrest/financial-services/s-r-b-financial-services-cc","Update Your Business Info","EMAIL","https://www.brabys.com/za/financial-services?page=226#","BOOKMARK","More Information","",""
"https://www.brabys.com/images/logo-placeholder.webp","S R M FINANCIAL BROKERS","https://www.brabys.com/za/gauteng/roodepoort/finance-companies/s-r-m-financial-brokers","Roodepoort, Gauteng","•","Finance Companies","Phone:","011 672 0122","tel:0116720122","Email:","srm@absamail.co.za","mailto:srm@absamail.co.za","More
                                        Information","https://www.brabys.com/za/gauteng/roodepoort/finance-companies/s-r-m-financial-brokers","Update Your Business Info","EMAIL","https://www.brabys.com/za/financial-services?page=226#","BOOKMARK","More Information","",""
"https://www.brabys.com/images/logo-placeholder.webp","S W KELBER FINANCIAL SERVICES","https://www.brabys.com/za/limpopo/mokopane/financial-services/s-w-kelber-financial-services","Mokopane, Limpopo","•","Financial Services","Phone:","015 491 8838","tel:0154918838","","","","More
                                        Information","https://www.brabys.com/za/limpopo/mokopane/financial-services/s-w-kelber-financial-services","Update Your Business Info","EMAIL","https://www.brabys.com/za/financial-services?page=227#","BOOKMARK","More Information","",""
"https://www.brabys.com/images/logo-placeholder.webp","S W U CREDIT SOLUTIONS","https://www.brabys.com/za/free-state/bloemfontein/heidedal/financial-services/s-w-u-credit-solutions","Heidedal, Bloemfontein, Free State","•","Financial Services","Phone:","051 432 0542","tel:0514320542","Email:","heidedal01@swu.co.za","mailto:heidedal01@swu.co.za","More
                                        Information","https://www.brabys.com/za/free-state/bloemfontein/heidedal/financial-services/s-w-u-credit-solutions","Update Your Business Info","EMAIL","https://www.brabys.com/za/financial-services?page=227#","BOOKMARK","More Information","",""
"https://www.brabys.com/images/logo-placeholder.webp","S W U CREDIT SOLUTIONS","https://www.brabys.com/za/western-cape/vredenburg/financial-services/s-w-u-credit-solutions","Vredenburg, Western Cape","•","Financial Services","Phone:","022 719 1886","tel:0227191886","Email:","andrea@swu.co.za","mailto:andrea@swu.co.za","More
                                        Information","https://www.brabys.com/za/western-cape/vredenburg/financial-services/s-w-u-credit-solutions","Update Your Business Info","EMAIL","https://www.brabys.com/za/financial-services?page=227#","BOOKMARK","More Information","",""
"https://www.brabys.com/images/logo-placeholder.webp","SA HOME LOANS (GEORGE)","https://www.brabys.com/za/western-cape/george/george-central/home-finance/sa-home-loans-george","George Central, George, Western Cape","•","Home Finance","Phone:","044 803 8500","tel:0448038500","Cell:","082 677 2277","tel:0826772277","More
                                        Information","https://www.brabys.com/za/western-cape/george/george-central/home-finance/sa-home-loans-george","Update Your Business Info","EMAIL","https://www.brabys.com/za/financial-services?page=227#","BOOKMARK","More Information","mandyb@sahomeloans.com","mailto:mandyb@sahomeloans.com"
"https://www.brabys.com/images/logo-placeholder.webp","SAB & T BEE","https://www.brabys.com/za/kwazulu-natal/durban/sherwood/bee-events-training/sab-t-bee","Sherwood, Durban, Kwazulu-Natal","•","BEE Events & Training","Share Call Fax:","086 500 8922","tel:0865008922","Email:","accounts@sabtbee.co.za","mailto:accounts@sabtbee.co.za","Visit
                                        Website","http://www.sabtbee.co.za/","Update Your Business Info","EMAIL","https://www.brabys.com/za/financial-services?page=227#","BOOKMARK","More Information","",""
"https://www.brabys.com/images/logo-placeholder.webp","SABA CONSULTING","https://www.brabys.com/za/gauteng/sandton/highlands-north/financial-consultants/saba-consulting","Highlands North, Sandton, Gauteng","•","Financial Consultants","Phone:","011 786 6628","tel:0117866628","Cell:","083 303 5632","tel:0833035632","More
                                        Information","https://www.brabys.com/za/gauteng/sandton/highlands-north/financial-consultants/saba-consulting","Update Your Business Info","EMAIL","https://www.brabys.com/za/financial-services?page=227#","BOOKMARK","More Information","sabaconsulting@tiscali.co.za","mailto:sabaconsulting@tiscali.co.za"
"https://www.brabys.com/images/logo-placeholder.webp","SABLE INTERNATIONAL","https://www.brabys.com/za/western-cape/cape-town/kenilworth/wealth-management/sable-international","Kenilworth, Cape Town, Western Cape","•","Wealth Management","Phone:","021 657 2180","tel:0216572180","Email:","info@sableinternational.com","mailto:info@sableinternational.com","Visit
                                        Website","http://www.sableinternational.com/","Update Your Business Info","EMAIL","https://www.brabys.com/za/financial-services?page=227#","BOOKMARK","More Information","",""
"https://www.brabys.com/images/logo-placeholder.webp","SABRINA MAKELAARS BK","https://www.brabys.com/za/gauteng/pretoria/val-de-grace/insurance-brokers/sabrina-makelaars-bk","Val-De-Grace, Pretoria, Gauteng","•","Insurance Brokers","Phone:","012 845 9160","tel:0128459160","Email:","info@sabrina.co.za","mailto:info@sabrina.co.za","Visit
                                        Website","http://www.sabrina.co.za/","Update Your Business Info","EMAIL","https://www.brabys.com/za/financial-services?page=227#","BOOKMARK","More Information","",""
"https://www.brabys.com/images/logo-placeholder.webp","SAI TAXIS","https://www.brabys.com/za/kwazulu-natal/durban/snell-parade/metered-taxis/sai-taxis","Snell Parade, Durban, Kwazulu-Natal","•","Metered Taxis","Cell:","083 261 8225","tel:0832618225","","","","More
                                        Information","https://www.brabys.com/za/kwazulu-natal/durban/snell-parade/metered-taxis/sai-taxis","Update Your Business Info","EMAIL","https://www.brabys.com/za/financial-services?page=227#","BOOKMARK","More Information","",""
"https://www.brabys.com/images/logo-placeholder.webp","SAKHINDIMA CONSULTANTS","https://www.brabys.com/za/gauteng/sandton/bezuidenhout-valley/financial-services/sakhindima-consultants","Bezuidenhout Valley, Sandton, Gauteng","•","Financial Services","Phone:","011 231 027","tel:011231027","Cell:","083 611 4537","tel:0836114537","More
                                        Information","https://www.brabys.com/za/gauteng/sandton/bezuidenhout-valley/financial-services/sakhindima-consultants","Update Your Business Info","EMAIL","https://www.brabys.com/za/financial-services?page=227#","BOOKMARK","More Information","086 530 3397","tel:0865303397"
"https://www.brabys.com/images/logo-placeholder.webp","SALDANHA GROUP OF COMPANIES","https://www.brabys.com/za/western-cape/cape-town/v-a-waterfront/wealth-management/saldanha-group-of-companies","V & A Waterfront, Cape Town, Western Cape","•","Wealth Management","Phone:","021 425 8055","tel:0214258055","Email:","gavin@sgh.co.za","mailto:gavin@sgh.co.za","Visit
                                        Website","http://www.saldanha.co.za/","Update Your Business Info","EMAIL","https://www.brabys.com/za/financial-services?page=228#","BOOKMARK","More Information","",""
"https://www.brabys.com/images/logo-placeholder.webp","SALLY'S FINANCE CC","https://www.brabys.com/za/kwazulu-natal/pietermaritzburg/raisethorpe/financial-consultants/sallys-finance-cc","Raisethorpe, Pietermaritzburg, Kwazulu-Natal","•","Financial Consultants","Phone:","033 387 7294","tel:0333877294","Email:","vinotayob@telkomsa.net","mailto:vinotayob@telkomsa.net","More
                                        Information","https://www.brabys.com/za/kwazulu-natal/pietermaritzburg/raisethorpe/financial-consultants/sallys-finance-cc","Update Your Business Info","EMAIL","https://www.brabys.com/za/financial-services?page=228#","BOOKMARK","More Information","",""
"https://www.brabys.com/images/logo-placeholder.webp","SALVO CAPITAL","https://www.brabys.com/za/free-state/bloemfontein/brandwag/insurance-brokers/salvo-capital","Brandwag, Bloemfontein, Free State","•","Insurance Brokers","Phone:","051 401 8200","tel:0514018200","Email:","jayde@salvocapital.com","mailto:jayde@salvocapital.com","Visit
                                        Website","http://www.salvocapital.com/","Update Your Business Info","EMAIL","https://www.brabys.com/za/financial-services?page=228#","BOOKMARK","More Information","",""
"https://www.brabys.com/images/logo-placeholder.webp","SAMBA (CO-OP) LTD","https://www.brabys.com/za/free-state/bloemfontein/city-centre/financial-institutions/samba-co-op-ltd","City Centre, Bloemfontein, Free State","•","Financial Institutions","Phone:","051 448 0111","tel:0514480111","Email:","navrae@sambacoop.com","mailto:navrae@sambacoop.com","Visit
                                        Website","http://www.sambacoop.com/","Update Your Business Info","EMAIL","https://www.brabys.com/za/financial-services?page=228#","BOOKMARK","More Information","",""
"https://www.brabys.com/images/logo-placeholder.webp","SANDRA BESWICK & ASSOCIATES (PTY) LTD","https://www.brabys.com/za/gauteng/sandton/rivonia/financial-management-services/sandra-beswick-associates-pty-ltd","Rivonia, Sandton, Gauteng","•","Financial Management Services","Cell:","082 338 5007","tel:0823385007","","","","Visit
                                        Website","http://www.sbassociates.co.za/","Update Your Business Info","EMAIL","https://www.brabys.com/za/financial-services?page=228#","BOOKMARK","More Information","",""
"https://www.brabys.com/images/logo-placeholder.webp","SANDTON TAXI CABS (PTY) LTD","https://www.brabys.com/za/gauteng/sandton/rivonia/taxi-services/sandton-taxi-cabs-pty-ltd","Rivonia, Sandton, Gauteng","•","Taxi Services","Phone:","011 039 4402","tel:0110394402","Share Call Fax:","086 625 8096","tel:0866258096","Visit
                                        Website","http://www.sandtontaxicabs.co.za/","Update Your Business Info","EMAIL","https://www.brabys.com/za/financial-services?page=228#","BOOKMARK","More Information","info@sandtontaxicabs.co.za","mailto:info@sandtontaxicabs.co.za"
"https://www.brabys.com/images/logo-placeholder.webp","SANFEN FINANCIAL SERVICES","https://www.brabys.com/za/eastern-cape/uitenhage/cannon-hill/financial-services/sanfen-financial-services","Cannon Hill, Uitenhage, Eastern Cape","•","Financial Services","Phone:","041 922 8843","tel:0419228843","","","","More
                                        Information","https://www.brabys.com/za/eastern-cape/uitenhage/cannon-hill/financial-services/sanfen-financial-services","Update Your Business Info","EMAIL","https://www.brabys.com/za/financial-services?page=228#","BOOKMARK","More Information","",""
"https://www.brabys.com/images/logo-placeholder.webp","SANLAM","https://www.brabys.com/za/mpumalanga/volksrust/financial-services/sanlam","Volksrust, Mpumalanga","•","Financial Services","Phone:","017 735 2484","tel:0177352484","Share Call Fax:","086 504 5099","tel:0865045099","More
                                        Information","https://www.brabys.com/za/mpumalanga/volksrust/financial-services/sanlam","Update Your Business Info","EMAIL","https://www.brabys.com/za/financial-services?page=228#","BOOKMARK","More Information","pauldekock@sanlam4u.co.za","mailto:pauldekock@sanlam4u.co.za"
"https://www.brabys.com/images/logo-placeholder.webp","SANLAM","https://www.brabys.com/za/kwazulu-natal/durban/central/financial-services/sanlam","Central, Durban, Kwazulu-Natal","•","Financial Services","Phone:","031 300 0911","tel:0313000911","","","","Visit
                                        Website","http://www.sanlam.co.za/","Update Your Business Info","EMAIL","https://www.brabys.com/za/financial-services?page=228#","BOOKMARK","More Information","",""
"https://www.brabys.com/images/logo-placeholder.webp","SANLAM","https://www.brabys.com/za/north-west/wolmaransstad/financial-consultants/sanlam","Wolmaransstad, North West","•","Financial Consultants","Phone:","018 596 2240","tel:0185962240","Email:","benniepieters2@sanlam44.co.za","mailto:benniepieters2@sanlam44.co.za","More
                                        Information","https://www.brabys.com/za/north-west/wolmaransstad/financial-consultants/sanlam","Update Your Business Info","EMAIL","https://www.brabys.com/za/financial-services?page=228#","BOOKMARK","More Information","",""
"https://www.brabys.com/images/logo-placeholder.webp","SANLAM - GEORGE","https://www.brabys.com/za/western-cape/george/george-central/financial-consultants/sanlam-george","George Central, George, Western Cape","•","Financial Consultants","Phone:","044 801 1033","tel:0448011033","","","","More
                                        Information","https://www.brabys.com/za/western-cape/george/george-central/financial-consultants/sanlam-george","Update Your Business Info","EMAIL","https://www.brabys.com/za/financial-services?page=229#","BOOKMARK","More Information","",""
"https://www.brabys.com/images/logo-placeholder.webp","SANLAM 4U","https://www.brabys.com/za/western-cape/hermanus/financial-services/sanlam-4u","Hermanus, Western Cape","•","Financial Services","Phone:","028 312 4338","tel:0283124338","Email:","admin.prinsloo@sanlam4u.co.za","mailto:admin.prinsloo@sanlam4u.co.za","More
                                        Information","https://www.brabys.com/za/western-cape/hermanus/financial-services/sanlam-4u","Update Your Business Info","EMAIL","https://www.brabys.com/za/financial-services?page=229#","BOOKMARK","More Information","",""
"https://www.brabys.com/images/logo-placeholder.webp","SANLAM CAPITAL MARKETS","https://www.brabys.com/za/gauteng/sandton/risk-management-services/sanlam-capital-markets","Sandton, Gauteng","•","Risk Management Services","Phone:","011 778 6000","tel:0117786000","Email:","michellem@scm.sanlam.co.za","mailto:michellem@scm.sanlam.co.za","Visit
                                        Website","http://www.scm.sanlam.co.za/","Update Your Business Info","EMAIL","https://www.brabys.com/za/financial-services?page=229#","BOOKMARK","More Information","",""
"https://www.brabys.com/images/logo-placeholder.webp","SANLAM COBALT","https://www.brabys.com/za/western-cape/bellville/financial-services/sanlam-cobalt","Bellville, Western Cape","•","Financial Services","Phone:","021 947 4506","tel:0219474506","Email:","cobalt@sanlam.co.za","mailto:cobalt@sanlam.co.za","Visit
                                        Website","http://www.sanlam-cobalt.co.za/","Update Your Business Info","EMAIL","https://www.brabys.com/za/financial-services?page=229#","BOOKMARK","More Information","",""
"https://www.brabys.com/images/logo-placeholder.webp","SANLAM FINANCIAL PLANNING","https://www.brabys.com/za/mpumalanga/emalahleni/fransville/financial-services/sanlam-financial-planning","Fransville, Emalahleni, Mpumalanga","•","Financial Services","Phone:","013 590 1276","tel:0135901276","","","","More
                                        Information","https://www.brabys.com/za/mpumalanga/emalahleni/fransville/financial-services/sanlam-financial-planning","Update Your Business Info","EMAIL","https://www.brabys.com/za/financial-services?page=229#","BOOKMARK","More Information","",""
"https://www.brabys.com/images/logo-placeholder.webp","SANLAM FINANCIAL SERVICES","https://www.brabys.com/za/mpumalanga/lydenburg/financial-services/sanlam-financial-services","Lydenburg, Mpumalanga","•","Financial Services","Phone:","013 235 4770","tel:0132354770","Share Call Fax:","086 685 1937","tel:0866851937","More
                                        Information","https://www.brabys.com/za/mpumalanga/lydenburg/financial-services/sanlam-financial-services","Update Your Business Info","EMAIL","https://www.brabys.com/za/financial-services?page=229#","BOOKMARK","More Information","bafana@sanlam4u.co.za","mailto:bafana@sanlam4u.co.za"
"https://www.brabys.com/images/logo-placeholder.webp","SANLAM INVESTMENT MANAGEMENT","https://www.brabys.com/za/western-cape/bellville/tygervalley/financial-services/sanlam-investment-management","Tygervalley, Bellville, Western Cape","•","Financial Services","Phone:","021 950 2500","tel:0219502500","","","","Visit
                                        Website","http://www.sanlam.co.za/","Update Your Business Info","EMAIL","https://www.brabys.com/za/financial-services?page=229#","BOOKMARK","More Information","",""
"https://www.brabys.com/images/logo-placeholder.webp","SANLAM SOUTHCOAST FINANCIAL SERVICES","https://www.brabys.com/za/kwazulu-natal/port-shepstone/retirement-planning/sanlam-southcoast-financial-services","Port Shepstone, Kwazulu-Natal","•","Retirement Planning","Phone:","039 682 2302","tel:0396822302","Share Call Fax:","086 680 1347","tel:0866801347","More
                                        Information","https://www.brabys.com/za/kwazulu-natal/port-shepstone/retirement-planning/sanlam-southcoast-financial-services","Update Your Business Info","EMAIL","https://www.brabys.com/za/financial-services?page=229#","BOOKMARK","More Information","cruickshank@sanlam4u.co.za","mailto:cruickshank@sanlam4u.co.za"
"https://www.brabys.com/images/logo-placeholder.webp","SANPLEX BLOUSTER SANLAM","https://www.brabys.com/za/free-state/harrismith/financial-tax-consultants/sanplex-blouster-sanlam","Harrismith, Free State","•","Financial & Tax Consultants","Phone:","058 623 1601","tel:0586231601","Email:","johan@jbotahma.co.za","mailto:johan@jbotahma.co.za","More
                                        Information","https://www.brabys.com/za/free-state/harrismith/financial-tax-consultants/sanplex-blouster-sanlam","Update Your Business Info","EMAIL","https://www.brabys.com/za/financial-services?page=229#","BOOKMARK","More Information","",""
"https://www.brabys.com/images/logo-placeholder.webp","SANTAM WESTRAND DRIVE IN CENTRE","https://www.brabys.com/za/gauteng/randburg/klipfontein-no-4/financial-services/santam-westrand-drive-in-centre","Klipfontein No 4, Randburg, Gauteng","•","Financial Services","Cell:","079 506 1539","tel:0795061539","Email:","lucille.baker@santam.co.za","mailto:lucille.baker@santam.co.za","More
                                        Information","https://www.brabys.com/za/gauteng/randburg/klipfontein-no-4/financial-services/santam-westrand-drive-in-centre","Update Your Business Info","EMAIL","https://www.brabys.com/za/financial-services?page=229#","BOOKMARK","More Information","",""
"https://www.brabys.com/images/logo-placeholder.webp","SAPIENTIS FINANCIAL CONSULTANTS","https://www.brabys.com/za/gauteng/sandton/bryanston/financial-consultants/sapientis-financial-consultants","Bryanston, Sandton, Gauteng","•","Financial Consultants","Cell:","071 450 5887","tel:0714505887","Email:","info@sapientis.co.za","mailto:info@sapientis.co.za","Visit
                                        Website","http://www.sapientis.co.za/","Update Your Business Info","EMAIL","https://www.brabys.com/za/financial-services?page=230#","BOOKMARK","More Information","",""
"https://www.brabys.com/images/logo-placeholder.webp","SAPOR GROUP","https://www.brabys.com/za/gauteng/johannesburg/bassonia/financial-services/sapor-group","Bassonia, Johannesburg, Gauteng","•","Financial Services","Phone:","011 432 4321","tel:0114324321","","","","More
                                        Information","https://www.brabys.com/za/gauteng/johannesburg/bassonia/financial-services/sapor-group","Update Your Business Info","EMAIL","https://www.brabys.com/za/financial-services?page=230#","BOOKMARK","More Information","",""
"https://www.brabys.com/images/logo-placeholder.webp","SASBO","https://www.brabys.com/za/gauteng/centurion/zwartkop-ext-7/financial-services/sasbo","Zwartkop Ext 7, Centurion, Gauteng","•","Financial Services","Phone:","012 663 6673","tel:0126636673","Email:","sasbopta@sasbo.org.za","mailto:sasbopta@sasbo.org.za","Visit
                                        Website","http://www.sasbo.org.za/","Update Your Business Info","EMAIL","https://www.brabys.com/za/financial-services?page=230#","BOOKMARK","More Information","",""
"https://www.brabys.com/images/logo-placeholder.webp","SASFIN","https://www.brabys.com/za/kwazulu-natal/westville/financial-services/sasfin","Westville, Kwazulu-Natal","•","Financial Services","Phone:","031 271 8750","tel:0312718750","","","","More
                                        Information","https://www.brabys.com/za/kwazulu-natal/westville/financial-services/sasfin","Update Your Business Info","EMAIL","https://www.brabys.com/za/financial-services?page=230#","BOOKMARK","More Information","",""
"https://www.brabys.com/images/logo-placeholder.webp","SASFIN FINANCIAL ADVISORY SERVICES (PTY) LTD","https://www.brabys.com/za/gauteng/sandton/belgravia/financial-services/sasfin-financial-advisory-services-pty-ltd","Belgravia, Sandton, Gauteng","•","Financial Services","Phone:","011 809 7500","tel:0118097500","","","","Visit
                                        Website","http://www.sasfin.com/","Update Your Business Info","EMAIL","https://www.brabys.com/za/financial-services?page=230#","BOOKMARK","More Information","",""
"https://www.brabys.com/images/logo-placeholder.webp","SASFIN FRANKEL POLLAK SECURITIES (PTY) LTD","https://www.brabys.com/za/eastern-cape/port-elizabeth/perridgevale/finance-companies/sasfin-frankel-pollak-securities-pty-ltd","Perridgevale, Port Elizabeth, Eastern Cape","•","Finance Companies","Phone:","041 363 5989","tel:0413635989","Email:","info@sasfin.com","mailto:info@sasfin.com","More
                                        Information","https://www.brabys.com/za/eastern-cape/port-elizabeth/perridgevale/finance-companies/sasfin-frankel-pollak-securities-pty-ltd","Update Your Business Info","EMAIL","https://www.brabys.com/za/financial-services?page=230#","BOOKMARK","More Information","",""
"https://www.brabys.com/images/logo-placeholder.webp","SASFIN SECURITIES (PTY) LIMTED","https://www.brabys.com/za/gauteng/pretoria/menlo-park/stock-share-brokers/sasfin-securities-pty-limted","Menlo Park, Pretoria, Gauteng","•","Stock & Share Brokers","Phone:","012 425 6000","tel:0124256000","Email:","012 425 6003","tel:0124256003","More
                                        Information","https://www.brabys.com/za/gauteng/pretoria/menlo-park/stock-share-brokers/sasfin-securities-pty-limted","Update Your Business Info","EMAIL","https://www.brabys.com/za/financial-services?page=230#","BOOKMARK","More Information","info@sasfin.com","mailto:info@sasfin.com"
"https://www.brabys.com/images/logo-placeholder.webp","SASOLBURG BLUESTAR FINANCIAL ADVISORY SERVICES","https://www.brabys.com/za/free-state/sasolburg/financial-services/sasolburg-bluestar-financial-advisory-services","Sasolburg, Free State","•","Financial Services","Phone:","016 976 5760","tel:0169765760","Email:","inligting@sasolburg.bluestarbiz.co.za","mailto:inligting@sasolburg.bluestarbiz.co.za","More
                                        Information","https://www.brabys.com/za/free-state/sasolburg/financial-services/sasolburg-bluestar-financial-advisory-services","Update Your Business Info","EMAIL","https://www.brabys.com/za/financial-services?page=230#","BOOKMARK","More Information","",""
"https://www.brabys.com/images/logo-placeholder.webp","SCANCOR FINANCIAL SERVICES","https://www.brabys.com/za/mpumalanga/secunda/financial-services/scancor-financial-services","Secunda, Mpumalanga","•","Financial Services","Phone:","017 634 1750","tel:0176341750","Email:","ho@scanfin.co.za","mailto:ho@scanfin.co.za","More
                                        Information","https://www.brabys.com/za/mpumalanga/secunda/financial-services/scancor-financial-services","Update Your Business Info","EMAIL","https://www.brabys.com/za/financial-services?page=230#","BOOKMARK","More Information","",""
"https://www.brabys.com/images/logo-placeholder.webp","SCANCOR FINANCIAL SERVICES (PTY) LTD","https://www.brabys.com/za/kwazulu-natal/kokstad/finance-companies/scancor-financial-services-pty-ltd","Kokstad, Kwazulu-Natal","•","Finance Companies","Phone:","039 727 4640","tel:0397274640","Email:","kokstad@scanfin.co.za","mailto:kokstad@scanfin.co.za","More
                                        Information","https://www.brabys.com/za/kwazulu-natal/kokstad/finance-companies/scancor-financial-services-pty-ltd","Update Your Business Info","EMAIL","https://www.brabys.com/za/financial-services?page=230#","BOOKMARK","More Information","",""
"https://www.brabys.com/images/logo-placeholder.webp","SCANCOR FIVE (PTY) LTD","https://www.brabys.com/za/eastern-cape/east-london/east-london-city-ctr/finance-companies/scancor-five-pty-ltd","East London City Ctr, East London, Eastern Cape","•","Finance Companies","Phone:","043 743 2630","tel:0437432630","","","","More
                                        Information","https://www.brabys.com/za/eastern-cape/east-london/east-london-city-ctr/finance-companies/scancor-five-pty-ltd","Update Your Business Info","EMAIL","https://www.brabys.com/za/financial-services?page=231#","BOOKMARK","More Information","",""
"https://www.brabys.com/images/logo-placeholder.webp","SCHABBIES FINANCIAL SERVICES","https://www.brabys.com/za/north-west/potchefstroom/financial-services/schabbies-financial-services","Potchefstroom, North West","•","Financial Services","Phone:","018 294 3195","tel:0182943195","Email:","admin@schabbiesfin.co.za","mailto:admin@schabbiesfin.co.za","More
                                        Information","https://www.brabys.com/za/north-west/potchefstroom/financial-services/schabbies-financial-services","Update Your Business Info","EMAIL","https://www.brabys.com/za/financial-services?page=231#","BOOKMARK","More Information","",""
"https://www.brabys.com/images/logo-placeholder.webp","SECFIN","https://www.brabys.com/za/kwazulu-natal/pinetown/financial-consultants/secfin","Pinetown, Kwazulu-Natal","•","Financial Consultants","Phone:","031 701 1032","tel:0317011032","","","","More
                                        Information","https://www.brabys.com/za/kwazulu-natal/pinetown/financial-consultants/secfin","Update Your Business Info","EMAIL","https://www.brabys.com/za/financial-services?page=231#","BOOKMARK","More Information","",""
"https://www.brabys.com/images/logo-placeholder.webp","SECUNDA FINANCIAL ADVICE SERVICES","https://www.brabys.com/za/mpumalanga/secunda/financial-services/secunda-financial-advice-services","Secunda, Mpumalanga","•","Financial Services","Phone:","017 634 7166","tel:0176347166","Share Call Fax:","086 690 3861","tel:0866903861","More
                                        Information","https://www.brabys.com/za/mpumalanga/secunda/financial-services/secunda-financial-advice-services","Update Your Business Info","EMAIL","https://www.brabys.com/za/financial-services?page=231#","BOOKMARK","More Information","",""
"https://www.brabys.com/images/logo-placeholder.webp","SECURE INSURANCE & FINANCIAL SERVICES CC","https://www.brabys.com/za/western-cape/cape-town/rondebosch/financial-services/secure-insurance-financial-services-cc","Rondebosch, Cape Town, Western Cape","•","Financial Services","Phone:","021 637 1123","tel:0216371123","Cell:","083 786 9964","tel:0837869964","More
                                        Information","https://www.brabys.com/za/western-cape/cape-town/rondebosch/financial-services/secure-insurance-financial-services-cc","Update Your Business Info","EMAIL","https://www.brabys.com/za/financial-services?page=231#","BOOKMARK","More Information","secure@netactive.co.za","mailto:secure@netactive.co.za"
"https://www.brabys.com/images/logo-placeholder.webp","SEDA","https://www.brabys.com/za/mpumalanga/emalahleni/advisory-services/seda","Emalahleni, Mpumalanga","•","Advisory Services","Phone:","013 655 6970","tel:0136556970","","","","Visit
                                        Website","http://www.seda.org.za/","Update Your Business Info","EMAIL","https://www.brabys.com/za/financial-services?page=231#","BOOKMARK","More Information","",""
"https://www.brabys.com/images/logo-placeholder.webp","SEDA","https://www.brabys.com/za/north-west/rustenburg/financial-consultants/seda","Rustenburg, North West","•","Financial Consultants","Phone:","014 592 3696","tel:0145923696","Email:","014 592 3769","tel:0145923769","Visit
                                        Website","http://www.seda.org.za/","Update Your Business Info","EMAIL","https://www.brabys.com/za/financial-services?page=231#","BOOKMARK","More Information","more@cedanw.org.za","mailto:more@cedanw.org.za"
"https://www.brabys.com/images/logo-placeholder.webp","SEDA CACADU DM SATELLITE OFF CAMDEBOO","https://www.brabys.com/za/eastern-cape/graaff-reinet/financial-consultants/seda-cacadu-dm-satellite-off-camdeboo","Graaff-Reinet, Eastern Cape","•","Financial Consultants","Phone:","049 892 2105","tel:0498922105","Share Call Fax:","086 698 3418","tel:0866983418","Visit
                                        Website","http://www.seda.co.za/","Update Your Business Info","EMAIL","https://www.brabys.com/za/financial-services?page=231#","BOOKMARK","More Information","nkayster@sedaec.org.za","mailto:nkayster@sedaec.org.za"
"https://www.brabys.com/images/logo-placeholder.webp","SEDA-UPINGTON","https://www.brabys.com/za/northern-cape/upington/financial-consultants/seda-upington","Upington, Northern Cape","•","Financial Consultants","Phone:","054 332 2822","tel:0543322822","Email:","cfortuin@seda.org.za","mailto:cfortuin@seda.org.za","Visit
                                        Website","http://www.seda.co.za/","Update Your Business Info","EMAIL","https://www.brabys.com/za/financial-services?page=231#","BOOKMARK","More Information","",""
"https://www.brabys.com/images/logo-placeholder.webp","SEECAST CONSULTING","https://www.brabys.com/za/gauteng/johannesburg/fairland/financial-tax-consultants/seecast-consulting","Fairland, Johannesburg, Gauteng","•","Financial & Tax Consultants","Phone:","011 678 6774","tel:0116786774","Email:","sseeger@global.co.za","mailto:sseeger@global.co.za","More
                                        Information","https://www.brabys.com/za/gauteng/johannesburg/fairland/financial-tax-consultants/seecast-consulting","Update Your Business Info","EMAIL","https://www.brabys.com/za/financial-services?page=231#","BOOKMARK","More Information","",""
"https://www.brabys.com/images/logo-placeholder.webp","SEED BENEFIT CONSULTING CC","https://www.brabys.com/za/western-cape/bellville/loevenstein/financial-consultants/seed-benefit-consulting-cc","Loevenstein, Bellville, Western Cape","•","Financial Consultants","Phone:","021 913 3900","tel:0219133900","Email:","rudi@seedbc.co.za","mailto:rudi@seedbc.co.za","More
                                        Information","https://www.brabys.com/za/western-cape/bellville/loevenstein/financial-consultants/seed-benefit-consulting-cc","Update Your Business Info","EMAIL","https://www.brabys.com/za/financial-services?page=232#","BOOKMARK","More Information","",""
"https://www.brabys.com/images/logo-placeholder.webp","SEENI PATHER FINANCIAL CONSULTANTS","https://www.brabys.com/za/kwazulu-natal/queensburgh/escombe/financial-consultants/seeni-pather-financial-consultants","Escombe, Queensburgh, Kwazulu-Natal","•","Financial Consultants","Phone:","031 464 0207","tel:0314640207","Email:","seeni@global.co.za","mailto:seeni@global.co.za","More
                                        Information","https://www.brabys.com/za/kwazulu-natal/queensburgh/escombe/financial-consultants/seeni-pather-financial-consultants","Update Your Business Info","EMAIL","https://www.brabys.com/za/financial-services?page=232#","BOOKMARK","More Information","",""
"https://www.brabys.com/images/logo-placeholder.webp","SELECT AFRICA","https://www.brabys.com/za/gauteng/johannesburg/illovo/financial-services/select-africa","Illovo, Johannesburg, Gauteng","•","Financial Services","Phone:","011 214 8300","tel:0112148300","Email:","info@selectafrica.net","mailto:info@selectafrica.net","Visit
                                        Website","http://www.selectafrica.net/","Update Your Business Info","EMAIL","https://www.brabys.com/za/financial-services?page=232#","BOOKMARK","More Information","",""
"https://www.brabys.com/images/logo-placeholder.webp","SELEKANE CONSULTANTS","https://www.brabys.com/za/gauteng/sandton/bryanston/asset-management/selekane-consultants","Bryanston, Sandton, Gauteng","•","Asset Management","Phone:","011 514 0018","tel:0115140018","Email:","info@selekane.co.za","mailto:info@selekane.co.za","Visit
                                        Website","http://www.selekane.co.za/","Update Your Business Info","EMAIL","https://www.brabys.com/za/financial-services?page=232#","BOOKMARK","More Information","",""
"https://www.brabys.com/images/logo-placeholder.webp","SENSFIN (PTY) LTD","https://www.brabys.com/za/gauteng/pretoria/menlo-park/financial-services/sensfin-pty-ltd","Menlo Park, Pretoria, Gauteng","•","Financial Services","Phone:","012 460 0439","tel:0124600439","Email:","admin@sensfin.com","mailto:admin@sensfin.com","Visit
                                        Website","http://www.sensfin.com/","Update Your Business Info","EMAIL","https://www.brabys.com/za/financial-services?page=232#","BOOKMARK","More Information","",""
"https://www.brabys.com/images/logo-placeholder.webp","SENTINEL RETIREMENT FUND","https://www.brabys.com/za/mpumalanga/emalahleni/del-judor-exts/finance-companies/sentinel-retirement-fund","Del Judor Exts, Emalahleni, Mpumalanga","•","Finance Companies","Phone:","013 656 4214","tel:0136564214","","","","Visit
                                        Website","http://www.sentinel.co.za/","Update Your Business Info","EMAIL","https://www.brabys.com/za/financial-services?page=232#","BOOKMARK","More Information","",""
"https://www.brabys.com/images/logo-placeholder.webp","SENTRUM FINANCIAL SERVICES","https://www.brabys.com/za/kwazulu-natal/queensburgh/malvern/financial-services/sentrum-financial-services","Malvern, Queensburgh, Kwazulu-Natal","•","Financial Services","Phone:","031 464 4203","tel:0314644203","Share Call Fax:","086 604 2717","tel:0866042717","More
                                        Information","https://www.brabys.com/za/kwazulu-natal/queensburgh/malvern/financial-services/sentrum-financial-services","Update Your Business Info","EMAIL","https://www.brabys.com/za/financial-services?page=232#","BOOKMARK","More Information","service@sentrumonline.co.za","mailto:service@sentrumonline.co.za"
"https://www.brabys.com/images/logo-placeholder.webp","SEQUESTRATION WAREHOUSE","https://www.brabys.com/za/gauteng/pretoria/villieria/financial-planning/sequestration-warehouse","Villieria, Pretoria, Gauteng","•","Financial Planning","VOIP:","087 802 7278","tel:0878027278","Email:","admin@sequestrationwarehouse.co.za","mailto:admin@sequestrationwarehouse.co.za","Visit
                                        Website","http://www.sequestrationwarehouse.co.za/","Update Your Business Info","EMAIL","https://www.brabys.com/za/financial-services?page=232#","BOOKMARK","More Information","",""
"https://www.brabys.com/images/logo-placeholder.webp","SETZKORN HARVEY DODDS & ASSOCIATES CC","https://www.brabys.com/za/kwazulu-natal/kloof/financial-consultants/setzkorn-harvey-dodds-associates-cc","Kloof, Kwazulu-Natal","•","Financial Consultants","Phone:","031 764 1842","tel:0317641842","Cell:","083 445 7347","tel:0834457347","More
                                        Information","https://www.brabys.com/za/kwazulu-natal/kloof/financial-consultants/setzkorn-harvey-dodds-associates-cc","Update Your Business Info","EMAIL","https://www.brabys.com/za/financial-services?page=232#","BOOKMARK","More Information","shd.setzkorn@gmail.com","mailto:shd.setzkorn@gmail.com"
"https://www.brabys.com/images/logo-placeholder.webp","SHACKLETON RISK MANAGEMENT","https://www.brabys.com/za/gauteng/sandton/strathavon/financial-services/shackleton-risk-management","Strathavon, Sandton, Gauteng","•","Financial Services","Phone:","011 784 5373","tel:0117845373","Share Call Fax:","086 611 3226","tel:0866113226","Visit
                                        Website","http://www.shackletonrisk.co.za/","Update Your Business Info","EMAIL","https://www.brabys.com/za/financial-services?page=232#","BOOKMARK","More Information","info@srisk.co.za","mailto:info@srisk.co.za"
"https://www.brabys.com/images/logo-placeholder.webp","SHAKTI FINANCE","https://www.brabys.com/za/kwazulu-natal/phoenix/westham/finance-companies/shakti-finance","Westham, Phoenix, Kwazulu-Natal","•","Finance Companies","Phone:","031 500 9496","tel:0315009496","Email:","info@shaktiloans.co.za","mailto:info@shaktiloans.co.za","More
                                        Information","https://www.brabys.com/za/kwazulu-natal/phoenix/westham/finance-companies/shakti-finance","Update Your Business Info","EMAIL","https://www.brabys.com/za/financial-services?page=233#","BOOKMARK","More Information","",""
"https://www.brabys.com/images/logo-placeholder.webp","SHARE DIRECT","https://www.brabys.com/za/gauteng/centurion/lyttelton-a-h/financial-services/share-direct","Lyttelton A H, Centurion, Gauteng","•","Financial Services","Phone:","012 644 0111","tel:0126440111","Email:","santim@sharedirect.co.za","mailto:santim@sharedirect.co.za","Visit
                                        Website","http://www.sharedirect.co.za/","Update Your Business Info","EMAIL","https://www.brabys.com/za/financial-services?page=233#","BOOKMARK","More Information","",""
"https://www.brabys.com/images/logo-placeholder.webp","SHARENET","https://www.brabys.com/za/western-cape/bellville/tyger-waterfront/stock-share-brokers/sharenet","Tyger Waterfront, Bellville, Western Cape","•","Stock & Share Brokers","Phone:","021 700 4800","tel:0217004800","Email:","support@sharenet.co.za","mailto:support@sharenet.co.za","Visit
                                        Website","http://www.sharenet.co.za/","Update Your Business Info","EMAIL","https://www.brabys.com/za/financial-services?page=233#","BOOKMARK","More Information","",""
"https://www.brabys.com/images/logo-placeholder.webp","SHAUN'S TAXIS","https://www.brabys.com/za/kwazulu-natal/durban/mount-vernon/metered-taxis/shauns-taxis","Mount Vernon, Durban, Kwazulu-Natal","•","Metered Taxis","Phone:","031 463 2618","tel:0314632618","Email:","shaunstaxis@telkomsa.net","mailto:shaunstaxis@telkomsa.net","More
                                        Information","https://www.brabys.com/za/kwazulu-natal/durban/mount-vernon/metered-taxis/shauns-taxis","Update Your Business Info","EMAIL","https://www.brabys.com/za/financial-services?page=233#","BOOKMARK","More Information","",""
"https://www.brabys.com/images/logo-placeholder.webp","SHAVIYELA TAXI TOURS","https://www.brabys.com/za/mpumalanga/mbombela/taxi-services/shaviyela-taxi-tours","Mbombela, Mpumalanga","•","Taxi Services","Cell:","079 565 0452","tel:0795650452","","060 431 1190","tel:0604311190","More
                                        Information","https://www.brabys.com/za/mpumalanga/mbombela/taxi-services/shaviyela-taxi-tours","Update Your Business Info","EMAIL","https://www.brabys.com/za/financial-services?page=233#","BOOKMARK","More Information","",""
"https://www.brabys.com/images/logo-placeholder.webp","SHAWN SMIT - FINANCIAL ADVISOR","https://www.brabys.com/za/kwazulu-natal/umhlanga/financial-services/shawn-smit-financial-advisor","Umhlanga, Kwazulu-Natal","•","Financial Services","Cell:","082 563 9030","tel:0825639030","Email:","shawn@herefordgroup.co.za","mailto:shawn@herefordgroup.co.za","More
                                        Information","https://www.brabys.com/za/kwazulu-natal/umhlanga/financial-services/shawn-smit-financial-advisor","Update Your Business Info","EMAIL","https://www.brabys.com/za/financial-services?page=233#","BOOKMARK","More Information","",""
"https://www.brabys.com/images/logo-placeholder.webp","SHER BARKHAN & SCHAUDER","https://www.brabys.com/za/gauteng/sandton/woodmead/financial-consultants/sher-barkhan-schauder","Woodmead, Sandton, Gauteng","•","Financial Consultants","Phone:","011 804 9640","tel:0118049640","","","","More
                                        Information","https://www.brabys.com/za/gauteng/sandton/woodmead/financial-consultants/sher-barkhan-schauder","Update Your Business Info","EMAIL","https://www.brabys.com/za/financial-services?page=233#","BOOKMARK","More Information","",""
"https://www.brabys.com/images/logo-placeholder.webp","SHERINA BELEGGINGS BK","https://www.brabys.com/za/gauteng/midrand/halfway-house/finance-companies/sherina-beleggings-bk","Halfway House, Midrand, Gauteng","•","Finance Companies","Phone:","011 805 5476","tel:0118055476","Email:","sherina@global.co.za","mailto:sherina@global.co.za","More
                                        Information","https://www.brabys.com/za/gauteng/midrand/halfway-house/finance-companies/sherina-beleggings-bk","Update Your Business Info","EMAIL","https://www.brabys.com/za/financial-services?page=233#","BOOKMARK","More Information","",""
"https://www.brabys.com/images/logo-placeholder.webp","SIBUSISO CONSULTING (PTY) LTD","https://www.brabys.com/za/gauteng/kempton-park/birch-acres/financial-services/sibusiso-consulting-pty-ltd","Birch Acres, Kempton Park, Gauteng","•","Financial Services","Cell:","076 796 9305","tel:0767969305","Email:","info@sibusisoconsulting.co.za","mailto:info@sibusisoconsulting.co.za","Visit
                                        Website","http://www.sibusisoconsulting.co.za/","Update Your Business Info","EMAIL","https://www.brabys.com/za/financial-services?page=233#","BOOKMARK","More Information","",""
"https://www.brabys.com/images/logo-placeholder.webp","SIGMA BLUESTAR","https://www.brabys.com/za/mpumalanga/mbombela/financial-advisors/sigma-bluestar","Mbombela, Mpumalanga","•","Financial Advisors","Phone:","013 590 1262","tel:0135901262","Email:","service@sigmabluestar.co.za","mailto:service@sigmabluestar.co.za","Visit
                                        Website","http://www.sigmabluestar.com/","Update Your Business Info","EMAIL","https://www.brabys.com/za/financial-services?page=233#","BOOKMARK","More Information","",""
"https://www.brabys.com/images/logo-placeholder.webp","SILKE FINANCIAL SERVICES","https://www.brabys.com/za/western-cape/cape-town/pinelands/finance-companies/silke-financial-services","Pinelands, Cape Town, Western Cape","•","Finance Companies","Phone:","021 683 3380","tel:0216833380","Email:","info@silke.co.za","mailto:info@silke.co.za","Visit
                                        Website","http://www.silke.co.za/","Update Your Business Info","EMAIL","https://www.brabys.com/za/financial-services?page=234#","BOOKMARK","More Information","",""
"https://www.brabys.com/images/logo-placeholder.webp","SILVER OAK INVESTMENTS","https://www.brabys.com/za/western-cape/cape-town/meadowridge/investment-consultants/silver-oak-investments","Meadowridge, Cape Town, Western Cape","•","Investment Consultants","Phone:","021 713 2700","tel:0217132700","Cell:","083 259 4993","tel:0832594993","More
                                        Information","https://www.brabys.com/za/western-cape/cape-town/meadowridge/investment-consultants/silver-oak-investments","Update Your Business Info","EMAIL","https://www.brabys.com/za/financial-services?page=234#","BOOKMARK","More Information","robert@silveroakgroup.co.za","mailto:robert@silveroakgroup.co.za"
"https://www.brabys.com/images/logo-placeholder.webp","SILVERTREE RISK & WEALTH MANAGEMENT CC","https://www.brabys.com/za/western-cape/cape-town/tokai/financial-services/silvertree-risk-wealth-management-cc","Tokai, Cape Town, Western Cape","•","Financial Services","Phone:","021 702 1915","tel:0217021915","Email:","lynne@silvertreegroup.co.za","mailto:lynne@silvertreegroup.co.za","Visit
                                        Website","http://www.silvertree.co.za/","Update Your Business Info","EMAIL","https://www.brabys.com/za/financial-services?page=234#","BOOKMARK","More Information","",""
"https://www.brabys.com/images/logo-placeholder.webp","SIMEKA CONSULTANTS & ACTUARIES","https://www.brabys.com/za/western-cape/bellville/tygervalley/financial-consultants/simeka-consultants-actuaries","Tygervalley, Bellville, Western Cape","•","Financial Consultants","Phone:","021 912 3300","tel:0219123300","Email:","info@simekaconsult.co.za","mailto:info@simekaconsult.co.za","Visit
                                        Website","http://www.simekaconsult.co.za/","Update Your Business Info","EMAIL","https://www.brabys.com/za/financial-services?page=234#","BOOKMARK","More Information","",""
"https://www.brabys.com/images/logo-placeholder.webp","SINBOND MUTUAL BANK","https://www.brabys.com/za/limpopo/polokwane/finance-companies/sinbond-mutual-bank","Polokwane, Limpopo","•","Finance Companies","Phone:","015 297 1996","tel:0152971996","Email:","polokwane1@sinbond.co.za","mailto:polokwane1@sinbond.co.za","Visit
                                        Website","http://www.sinbond.co.za/","Update Your Business Info","EMAIL","https://www.brabys.com/za/financial-services?page=234#","BOOKMARK","More Information","",""
"https://www.brabys.com/images/logo-placeholder.webp","SIRIUS FINANCIAL NAVIGATIONS","https://www.brabys.com/za/kwazulu-natal/kloof/finance-companies/sirius-financial-navigations","Kloof, Kwazulu-Natal","•","Finance Companies","Phone:","031 764 7474","tel:0317647474","Share Call Fax:","086 174 7487","tel:0861747487","Visit
                                        Website","http://www.siriusgroup.org/","Update Your Business Info","EMAIL","https://www.brabys.com/za/financial-services?page=234#","BOOKMARK","More Information","info@siriusgroup.org","mailto:info@siriusgroup.org"
"https://www.brabys.com/images/logo-placeholder.webp","SIRIUS FINANCIAL SERVICES","https://www.brabys.com/za/gauteng/johannesburg/kensington/financial-services/sirius-financial-services","Kensington, Johannesburg, Gauteng","•","Financial Services","Phone:","011 615 9215","tel:0116159215","","","","More
                                        Information","https://www.brabys.com/za/gauteng/johannesburg/kensington/financial-services/sirius-financial-services","Update Your Business Info","EMAIL","https://www.brabys.com/za/financial-services?page=234#","BOOKMARK","More Information","",""
"https://www.brabys.com/images/logo-placeholder.webp","SIRIUS FUND MANAGEMENT","https://www.brabys.com/za/western-cape/cape-town/constantia/financial-management-services/sirius-fund-management","Constantia, Cape Town, Western Cape","•","Financial Management Services","Phone:","021 794 0613","tel:0217940613","","","","More
                                        Information","https://www.brabys.com/za/western-cape/cape-town/constantia/financial-management-services/sirius-fund-management","Update Your Business Info","EMAIL","https://www.brabys.com/za/financial-services?page=234#","BOOKMARK","More Information","",""
"https://www.brabys.com/images/logo-placeholder.webp","SIYABONGA PERSONAL SERVICE","https://www.brabys.com/za/kwazulu-natal/pietermaritzburg/finance-companies/siyabonga-personal-service","Pietermaritzburg, Kwazulu-Natal","•","Finance Companies","Phone:","033 342 7764","tel:0333427764","Share Call Fax:","086 502 9675","tel:0865029675","More
                                        Information","https://www.brabys.com/za/kwazulu-natal/pietermaritzburg/finance-companies/siyabonga-personal-service","Update Your Business Info","EMAIL","https://www.brabys.com/za/financial-services?page=234#","BOOKMARK","More Information","cwpmb3@siyabonga.co.za","mailto:cwpmb3@siyabonga.co.za"
"https://www.brabys.com/images/logo-placeholder.webp","SIYENZA TEXTILES (PTY) LTD","https://www.brabys.com/za/eastern-cape/port-elizabeth/struandale/black-economic-empowerment/siyenza-textiles-pty-ltd","Struandale, Port Elizabeth, Eastern Cape","•","Black Economic Empowerment","Phone:","041 402 6890","tel:0414026890","Cell:","082 926 0025","tel:0829260025","More
                                        Information","https://www.brabys.com/za/eastern-cape/port-elizabeth/struandale/black-economic-empowerment/siyenza-textiles-pty-ltd","Update Your Business Info","EMAIL","https://www.brabys.com/za/financial-services?page=234#","BOOKMARK","More Information","enoch@siyenza.com","mailto:enoch@siyenza.com"
"https://www.brabys.com/images/logo-placeholder.webp","SIZEKA FINANCIAL SOLUTIONS","https://www.brabys.com/za/kwazulu-natal/pietermaritzburg/financial-services/sizeka-financial-solutions","Pietermaritzburg, Kwazulu-Natal","•","Financial Services","Phone:","033 345 6801","tel:0333456801","Email:","sizekafms@gmail.com","mailto:sizekafms@gmail.com","More
                                        Information","https://www.brabys.com/za/kwazulu-natal/pietermaritzburg/financial-services/sizeka-financial-solutions","Update Your Business Info","EMAIL","https://www.brabys.com/za/financial-services?page=235#","BOOKMARK","More Information","",""
"https://www.brabys.com/images/logo-placeholder.webp","SKYBOUND CAPITAL (PTY) LTD","https://www.brabys.com/za/western-cape/cape-town/newlands/financial-services/skybound-capital-pty-ltd","Newlands, Cape Town, Western Cape","•","Financial Services","Phone:","021 657 4999","tel:0216574999","","","","More
                                        Information","https://www.brabys.com/za/western-cape/cape-town/newlands/financial-services/skybound-capital-pty-ltd","Update Your Business Info","EMAIL","https://www.brabys.com/za/financial-services?page=235#","BOOKMARK","More Information","",""
"https://www.brabys.com/images/logo-placeholder.webp","SKYE FINANCIAL CONSULTANTS","https://www.brabys.com/za/kwazulu-natal/umhlanga/umhlanga-rocks/financial-consultants/skye-financial-consultants","Umhlanga Rocks, Umhlanga, Kwazulu-Natal","•","Financial Consultants","Phone:","031 561 7000","tel:0315617000","Email:","lloyd@skyefinancial.co.za","mailto:lloyd@skyefinancial.co.za","More
                                        Information","https://www.brabys.com/za/kwazulu-natal/umhlanga/umhlanga-rocks/financial-consultants/skye-financial-consultants","Update Your Business Info","EMAIL","https://www.brabys.com/za/financial-services?page=235#","BOOKMARK","More Information","",""
"https://www.brabys.com/images/logo-placeholder.webp","SMALL ENTERPRISE FINANCE AGENTS","https://www.brabys.com/za/eastern-cape/port-elizabeth/newton-park/financial-analysis-planning-management/small-enterprise-finance-agents","Newton Park, Port Elizabeth, Eastern Cape","•","Financial Analysis, Planning & Management","Phone:","041 363 2570","tel:0413632570","Email:","pelmaz@sefa.org.za","mailto:pelmaz@sefa.org.za","Visit
                                        Website","http://www.khula.org.za/","Update Your Business Info","EMAIL","https://www.brabys.com/za/financial-services?page=235#","BOOKMARK","More Information","",""
"https://www.brabys.com/images/logo-placeholder.webp","SOFTY COMP","https://www.brabys.com/za/gauteng/centurion/eldoraigne/financial-services/softy-comp","Eldoraigne, Centurion, Gauteng","•","Financial Services","Phone:","012 664 2745","tel:0126642745","","","","Visit
                                        Website","http://www.softycomp.co.za/","Update Your Business Info","EMAIL","https://www.brabys.com/za/financial-services?page=235#","BOOKMARK","More Information","",""
"https://www.brabys.com/images/logo-placeholder.webp","SOROUR FAMILY OFFICE","https://www.brabys.com/za/western-cape/cape-town/tamboerskloof/financial-advisors/sorour-family-office","Tamboerskloof, Cape Town, Western Cape","•","Financial Advisors","Phone:","021 423 5846","tel:0214235846","Email:","jenny@sorourfamilyoffice.com","mailto:jenny@sorourfamilyoffice.com","More
                                        Information","https://www.brabys.com/za/western-cape/cape-town/tamboerskloof/financial-advisors/sorour-family-office","Update Your Business Info","EMAIL","https://www.brabys.com/za/financial-services?page=235#","BOOKMARK","More Information","",""
"https://www.brabys.com/images/logo-placeholder.webp","SOTOBE FINANCIAL","https://www.brabys.com/za/kwazulu-natal/empangeni/cbd/financial-consultants/sotobe-financial","CBD, Empangeni, Kwazulu-Natal","•","Financial Consultants","Phone:","035 772 3247","tel:0357723247","","","","More
                                        Information","https://www.brabys.com/za/kwazulu-natal/empangeni/cbd/financial-consultants/sotobe-financial","Update Your Business Info","EMAIL","https://www.brabys.com/za/financial-services?page=235#","BOOKMARK","More Information","",""
"https://www.brabys.com/images/logo-placeholder.webp","SOUTH AFRICAN BANK OF ATHENS","https://www.brabys.com/za/gauteng/pretoria/new-muckleneuk/financial-services/south-african-bank-of-athens","New Muckleneuk, Pretoria, Gauteng","•","Financial Services","Phone:","012 346 2203","tel:0123462203","Email:","phillipb@bankofathens.co.za","mailto:phillipb@bankofathens.co.za","Visit
                                        Website","http://www.bankofathens.co.za/","Update Your Business Info","EMAIL","https://www.brabys.com/za/financial-services?page=235#","BOOKMARK","More Information","",""
"https://www.brabys.com/images/logo-placeholder.webp","SOUTH AFRICAN BLACK ECONOMIC RATING AGENCY (S.A.B.E.R.A.)","https://www.brabys.com/za/kwazulu-natal/tongaat/bee-ratings/south-african-black-economic-rating-agency-sabera","Tongaat, Kwazulu-Natal","•","BEE Ratings","Phone:","032 944 2488","tel:0329442488","Cell:","078 456 8369","tel:0784568369","Visit
                                        Website","http://www.sabera.co.za/","Update Your Business Info","EMAIL","https://www.brabys.com/za/financial-services?page=235#","BOOKMARK","More Information","086 612 7787","tel:0866127787"
"https://www.brabys.com/resize/logos/m/5951474/SABERA_NEW_LOGO.jpg.jpg","SOUTH AFRICAN BLACK ECONOMIC RATING AGENCY (SABERA)","https://www.brabys.com/za/kwazulu-natal/tongaat/mithanagar/bee-verification/south-african-black-economic-rating-agency-sabera","Mithanagar, Tongaat, Kwazulu-Natal","•","BEE Verification","Phone:","032 944 2488","tel:0329442488","Cell:","084 852 5304","tel:0848525304","Visit
                                        Website","http://www.sabera.co.za/","Update Your Business Info","EMAIL","https://www.brabys.com/za/financial-services?page=235#","BOOKMARK","More Information","086 612 7787","tel:0866127787"
"https://www.brabys.com/images/logo-placeholder.webp","SOUTH AFRICAN INSTITUTE OF BLACK PROPERTY PRACTITIONERS","https://www.brabys.com/za/gauteng/sandton/houghton/bee-strategy-consulting/south-african-institute-of-black-property-practitioners","Houghton, Sandton, Gauteng","•","BEE Strategy Consulting","Phone:","011 838 6722","tel:0118386722","Email:","services@saibpp.co.za","mailto:services@saibpp.co.za","Visit
                                        Website","http://www.saibpp.co.za/","Update Your Business Info","EMAIL","https://www.brabys.com/za/financial-services?page=236#","BOOKMARK","More Information","",""
"https://www.brabys.com/images/logo-placeholder.webp","SOUTH AFRICAN SOFTWARE SOLUTION ARCHITECTS","https://www.brabys.com/za/gauteng/pretoria/claremont/business-solution/south-african-software-solution-architects","Claremont, Pretoria, Gauteng","•","Solution","Phone:","012 377 2302","tel:0123772302","Cell:","083 778 1434","tel:0837781434","Visit
                                        Website","http://www.sassaonline.co.za/","Update Your Business Info","EMAIL","https://www.brabys.com/za/financial-services?page=236#","BOOKMARK","More Information","086 656 9752","tel:0866569752"
"https://www.brabys.com/images/logo-placeholder.webp","SOUTH CITY FINANCIAL PLANNERS","https://www.brabys.com/za/eastern-cape/port-elizabeth/walmer/financial-planning/south-city-financial-planners","Walmer, Port Elizabeth, Eastern Cape","•","Financial Planning","Phone:","041 503 8600","tel:0415038600","Email:","reception@southcity.co.za","mailto:reception@southcity.co.za","More
                                        Information","https://www.brabys.com/za/eastern-cape/port-elizabeth/walmer/financial-planning/south-city-financial-planners","Update Your Business Info","EMAIL","https://www.brabys.com/za/financial-services?page=236#","BOOKMARK","More Information","",""
"https://www.brabys.com/images/logo-placeholder.webp","SOUTHERN AFRICAN ASSET MANAGEMENT ASSOCIATION","https://www.brabys.com/za/gauteng/centurion/highveld-technopark/asset-management/southern-african-asset-management-association","Highveld Technopark, Centurion, Gauteng","•","Asset Management","Phone:","012 665 3387","tel:0126653387","Share Call Fax:","086 501 5386","tel:0865015386","Visit
                                        Website","http://www.saama.org.za/","Update Your Business Info","EMAIL","https://www.brabys.com/za/financial-services?page=236#","BOOKMARK","More Information","info@saama.org.za","mailto:info@saama.org.za"
"https://www.brabys.com/images/logo-placeholder.webp","SOUTHERN CHARTER","https://www.brabys.com/za/western-cape/cape-town/tokai/financial-services/southern-charter","Tokai, Cape Town, Western Cape","•","Financial Services","Phone:","021 700 1000","tel:0217001000","Email:","info@southerncharter.co.za","mailto:info@southerncharter.co.za","More
                                        Information","https://www.brabys.com/za/western-cape/cape-town/tokai/financial-services/southern-charter","Update Your Business Info","EMAIL","https://www.brabys.com/za/financial-services?page=236#","BOOKMARK","More Information","",""
"https://www.brabys.com/images/logo-placeholder.webp","SOUTHERN CHARTER","https://www.brabys.com/za/western-cape/cape-town/rondebosch/financial-services/southern-charter","Rondebosch, Cape Town, Western Cape","•","Financial Services","Phone:","021 671 3427","tel:0216713427","Email:","rondebosch@southerncharter.co.za","mailto:rondebosch@southerncharter.co.za","Visit
                                        Website","http://www.southerncharter.co.za/","Update Your Business Info","EMAIL","https://www.brabys.com/za/financial-services?page=236#","BOOKMARK","More Information","",""
"https://www.brabys.com/images/logo-placeholder.webp","SOUTHERN CHARTER","https://www.brabys.com/za/gauteng/sandton/bryanston/financial-services/southern-charter","Bryanston, Sandton, Gauteng","•","Financial Services","Phone:","010 594 4688","tel:0105944688","Email:","bryanston@southerncharter.co.za","mailto:bryanston@southerncharter.co.za","Visit
                                        Website","http://www.southerncharter.co.za/","Update Your Business Info","EMAIL","https://www.brabys.com/za/financial-services?page=236#","BOOKMARK","More Information","",""
"https://www.brabys.com/images/logo-placeholder.webp","SP VAN HUYSSTEEN","https://www.brabys.com/za/western-cape/villiersdorp/financial-consultants/sp-van-huyssteen","Villiersdorp, Western Cape","•","Financial Consultants","Phone:","028 840 1819","tel:0288401819","","","","More
                                        Information","https://www.brabys.com/za/western-cape/villiersdorp/financial-consultants/sp-van-huyssteen","Update Your Business Info","EMAIL","https://www.brabys.com/za/financial-services?page=236#","BOOKMARK","More Information","",""
"https://www.brabys.com/images/logo-placeholder.webp","SPANOUDIS BASIL FINANCIAL CONSULTANTS","https://www.brabys.com/za/western-cape/cape-town/kenilworth/financial-consultants/spanoudis-basil-financial-consultants","Kenilworth, Cape Town, Western Cape","•","Financial Consultants","Phone:","021 683 2675","tel:0216832675","Email:","basil.spanoudis@momentum.co.za","mailto:basil.spanoudis@momentum.co.za","More
                                        Information","https://www.brabys.com/za/western-cape/cape-town/kenilworth/financial-consultants/spanoudis-basil-financial-consultants","Update Your Business Info","EMAIL","https://www.brabys.com/za/financial-services?page=236#","BOOKMARK","More Information","",""
"https://www.brabys.com/images/logo-placeholder.webp","SPECTRUM FINANCIAL CONSULTANTS","https://www.brabys.com/za/gauteng/randburg/kensington-b/insurance-medical-aid-brokers/spectrum-financial-consultants","Kensington B, Randburg, Gauteng","•","Insurance & Medical Aid Brokers","Phone:","011 789 5317","tel:0117895317","Email:","specfin@icon.co.za","mailto:specfin@icon.co.za","More
                                        Information","https://www.brabys.com/za/gauteng/randburg/kensington-b/insurance-medical-aid-brokers/spectrum-financial-consultants","Update Your Business Info","EMAIL","https://www.brabys.com/za/financial-services?page=236#","BOOKMARK","More Information","",""
"https://www.brabys.com/images/logo-placeholder.webp","SPEEDACC","https://www.brabys.com/za/kwazulu-natal/umhlanga/umhlanga-ridge/financial-consultants/speedacc","Umhlanga Ridge, Umhlanga, Kwazulu-Natal","•","Financial Consultants","Phone:","031 566 3549","tel:0315663549","Email:","info@speedacc.co.za","mailto:info@speedacc.co.za","More
                                        Information","https://www.brabys.com/za/kwazulu-natal/umhlanga/umhlanga-ridge/financial-consultants/speedacc","Update Your Business Info","EMAIL","https://www.brabys.com/za/financial-services?page=237#","BOOKMARK","More Information","",""
"https://www.brabys.com/images/logo-placeholder.webp","SPEEDY FINANCIAL SEVICES","https://www.brabys.com/za/kwazulu-natal/durban/rossburgh/finance-companies/speedy-financial-sevices","Rossburgh, Durban, Kwazulu-Natal","•","Finance Companies","Phone:","031 465 6212","tel:0314656212","Email:","speedy@cwss.co.za","mailto:speedy@cwss.co.za","More
                                        Information","https://www.brabys.com/za/kwazulu-natal/durban/rossburgh/finance-companies/speedy-financial-sevices","Update Your Business Info","EMAIL","https://www.brabys.com/za/financial-services?page=237#","BOOKMARK","More Information","",""
"https://www.brabys.com/images/logo-placeholder.webp","SPEKTRUM LOANS","https://www.brabys.com/za/mpumalanga/standerton/loans/spektrum-loans","Standerton, Mpumalanga","•","Loans","Phone:","017 712 3830","tel:0177123830","Email:","owner@spekfin.com","mailto:owner@spekfin.com","Visit
                                        Website","http://www.spekfin.com/","Update Your Business Info","EMAIL","https://www.brabys.com/za/financial-services?page=237#","BOOKMARK","More Information","",""
"https://www.brabys.com/images/logo-placeholder.webp","SPES BONA FINANCIAL ADMINISTRATORS (PTY) LTD","https://www.brabys.com/za/gauteng/pretoria/persequor/financial-services/spes-bona-financial-administrators-pty-ltd","Persequor, Pretoria, Gauteng","•","Financial Services","Phone:","012 348 2812","tel:0123482812","Email:","info@spesbona.com","mailto:info@spesbona.com","More
                                        Information","https://www.brabys.com/za/gauteng/pretoria/persequor/financial-services/spes-bona-financial-administrators-pty-ltd","Update Your Business Info","EMAIL","https://www.brabys.com/za/financial-services?page=237#","BOOKMARK","More Information","",""
"https://www.brabys.com/images/logo-placeholder.webp","ST JAMES GLOBAL","https://www.brabys.com/za/western-cape/knysna/paradise/financial-consultants/st-james-global","Paradise, Knysna, Western Cape","•","Financial Consultants","Phone:","044 382 6164","tel:0443826164","","","","More
                                        Information","https://www.brabys.com/za/western-cape/knysna/paradise/financial-consultants/st-james-global","Update Your Business Info","EMAIL","https://www.brabys.com/za/financial-services?page=237#","BOOKMARK","More Information","",""
"https://www.brabys.com/images/logo-placeholder.webp","ST&T COMPLIANCE","https://www.brabys.com/za/western-cape/durbanville/financial-services/stt-compliance","Durbanville, Western Cape","•","Financial Services","Cell:","076 401 5312","tel:0764015312","Email:","hendrik@stellentrust.co.za","mailto:hendrik@stellentrust.co.za","Visit
                                        Website","http://www.stellentrust.co.za/","Update Your Business Info","EMAIL","https://www.brabys.com/za/financial-services?page=237#","BOOKMARK","More Information","",""
"https://www.brabys.com/images/logo-placeholder.webp","STANDARD BANK FINANCIAL SERVICES (PTY) LTD","https://www.brabys.com/za/northern-cape/de-aar/finance-companies/standard-bank-financial-services-pty-ltd","De Aar, Northern Cape","•","Finance Companies","Email:","ibsupport@standardbank.co.za","mailto:ibsupport@standardbank.co.za","","","","Visit
                                        Website","http://www.standardbank.co.za/","Update Your Business Info","EMAIL","https://www.brabys.com/za/financial-services?page=237#","BOOKMARK","More Information","",""
"https://www.brabys.com/images/logo-placeholder.webp","STANDARD BANK FINANCIAL SERVICES (PTY) LTD","https://www.brabys.com/za/western-cape/worcester/central/finance-companies/standard-bank-financial-services-pty-ltd","Central, Worcester, Western Cape","•","Finance Companies","Share Call Fax:","086 654 0286","tel:0866540286","","","","Visit
                                        Website","http://www.standardbank.co.za/","Update Your Business Info","EMAIL","https://www.brabys.com/za/financial-services?page=237#","BOOKMARK","More Information","",""
"https://www.brabys.com/images/logo-placeholder.webp","STANDARD BANK VEHICLE & ASSET FINANCE","https://www.brabys.com/za/kwazulu-natal/durban/greyville/vehicle-financing/standard-bank-vehicle-asset-finance","Greyville, Durban, Kwazulu-Natal","•","Vehicle Financing","","","","","","","Visit
                                        Website","http://www.standardbank.co.za/","Update Your Business Info","EMAIL","https://www.brabys.com/za/financial-services?page=237#","BOOKMARK","More Information","",""
"https://www.brabys.com/images/logo-placeholder.webp","STANDARD MERCHANT","https://www.brabys.com/za/gauteng/sandton/sandown/asset-finance/standard-merchant","Sandown, Sandton, Gauteng","•","Asset Finance","Phone:","011 881 5828","tel:0118815828","Email:","johan@standardmerchant.co.za","mailto:johan@standardmerchant.co.za","Visit
                                        Website","http://www.standardmerchant.co.za/","Update Your Business Info","EMAIL","https://www.brabys.com/za/financial-services?page=237#","BOOKMARK","More Information","",""
"https://www.brabys.com/images/logo-placeholder.webp","STANDARD PRIVATE BANK EQUITY ADVISORY SERVICES","https://www.brabys.com/za/western-cape/cape-town/claremont/banks/standard-private-bank-equity-advisory-services","Claremont, Cape Town, Western Cape","•","Banks","Phone:","021 670 6400","tel:0216706400","","","","More
                                        Information","https://www.brabys.com/za/western-cape/cape-town/claremont/banks/standard-private-bank-equity-advisory-services","Update Your Business Info","EMAIL","https://www.brabys.com/za/financial-services?page=238#","BOOKMARK","More Information","",""
"https://www.brabys.com/images/logo-placeholder.webp","STANLIB ASSET MANAGEMENT","https://www.brabys.com/za/gauteng/johannesburg/melrose-arch/asset-management/stanlib-asset-management","Melrose Arch, Johannesburg, Gauteng","•","Asset Management","Phone:","011 448 5000","tel:0114485000","Email:","info@stanlib.com","mailto:info@stanlib.com","Visit
                                        Website","http://www.stanlib.com/","Update Your Business Info","EMAIL","https://www.brabys.com/za/financial-services?page=238#","BOOKMARK","More Information","devans@stanlib.com","mailto:devans@stanlib.com"
"https://www.brabys.com/images/logo-placeholder.webp","STAR CABS","https://www.brabys.com/za/eastern-cape/uitenhage/college-hill/taxi-services/star-cabs","College Hill, Uitenhage, Eastern Cape","•","Taxi Services","Phone:","041 992 4251","tel:0419924251","","","","More
                                        Information","https://www.brabys.com/za/eastern-cape/uitenhage/college-hill/taxi-services/star-cabs","Update Your Business Info","EMAIL","https://www.brabys.com/za/financial-services?page=238#","BOOKMARK","More Information","",""
"https://www.brabys.com/images/logo-placeholder.webp","STAR FINANCE","https://www.brabys.com/za/western-cape/kuils-river/kuils-river-ind/financial-services/star-finance","Kuils River Ind, Kuils River, Western Cape","•","Financial Services","Phone:","021 906 1877","tel:0219061877","","","","More
                                        Information","https://www.brabys.com/za/western-cape/kuils-river/kuils-river-ind/financial-services/star-finance","Update Your Business Info","EMAIL","https://www.brabys.com/za/financial-services?page=238#","BOOKMARK","More Information","",""
"https://www.brabys.com/images/logo-placeholder.webp","STARLITES CABS","https://www.brabys.com/za/kwazulu-natal/umhlanga/umhlanga-ridge/metered-taxis/starlites-cabs","Umhlanga Ridge, Umhlanga, Kwazulu-Natal","•","Metered Taxis","Cell:","083 363 0299","tel:0833630299","Email:","rakesh.mohunlal@yahoo.com","mailto:rakesh.mohunlal@yahoo.com","More
                                        Information","https://www.brabys.com/za/kwazulu-natal/umhlanga/umhlanga-ridge/metered-taxis/starlites-cabs","Update Your Business Info","EMAIL","https://www.brabys.com/za/financial-services?page=238#","BOOKMARK","More Information","",""
"https://www.brabys.com/images/logo-placeholder.webp","STATEWIDE (PTY) LTD","https://www.brabys.com/za/kwazulu-natal/durban/morningside/training-skills-development/statewide-pty-ltd","Morningside, Durban, Kwazulu-Natal","•","Training & Skills Development","Phone:","031 202 4192","tel:0312024192","Email:","statewide@webmail.co.za","mailto:statewide@webmail.co.za","More
                                        Information","https://www.brabys.com/za/kwazulu-natal/durban/morningside/training-skills-development/statewide-pty-ltd","Update Your Business Info","EMAIL","https://www.brabys.com/za/financial-services?page=238#","BOOKMARK","More Information","",""
"https://www.brabys.com/images/logo-placeholder.webp","STATUS CAPITAL (PTY) LTD","https://www.brabys.com/za/gauteng/sandton/morningside-manor/finance-companies/status-capital-pty-ltd","Morningside Manor, Sandton, Gauteng","•","Finance Companies","Cell:","083 791 5000","tel:0837915000","Share Call Fax:","086 676 3024","tel:0866763024","Visit
                                        Website","http://www.statuscapital.co.za/","Update Your Business Info","EMAIL","https://www.brabys.com/za/financial-services?page=238#","BOOKMARK","More Information","brian@statuscapital.co.za","mailto:brian@statuscapital.co.za"
"https://www.brabys.com/images/logo-placeholder.webp","STEADFAST","https://www.brabys.com/za/gauteng/pretoria/faerie-glen/finance/steadfast","Faerie Glen, Pretoria, Gauteng","•","Finance","Phone:","012 663 1240","tel:0126631240","Email:","michael@steadfast.co.za","mailto:michael@steadfast.co.za","Visit
                                        Website","http://www.steadfast.co.za/","Update Your Business Info","EMAIL","https://www.brabys.com/za/financial-services?page=238#","BOOKMARK","More Information","",""
"https://www.brabys.com/images/logo-placeholder.webp","STEADWEALTH MANAGEMENT","https://www.brabys.com/za/gauteng/pretoria/die-wilgers/financial-consultants/steadwealth-management","Die Wilgers, Pretoria, Gauteng","•","Financial Consultants","Phone:","012 348 7629","tel:0123487629","Email:","invest@steadwealth.co.za","mailto:invest@steadwealth.co.za","More
                                        Information","https://www.brabys.com/za/gauteng/pretoria/die-wilgers/financial-consultants/steadwealth-management","Update Your Business Info","EMAIL","https://www.brabys.com/za/financial-services?page=238#","BOOKMARK","More Information","",""
"https://www.brabys.com/images/logo-placeholder.webp","STEENKAMP JM AND PARTNERS","https://www.brabys.com/za/kwazulu-natal/vryheid/accountants-auditors/steenkamp-jm-and-partners","Vryheid, Kwazulu-Natal","•","Accountants & Auditors","Phone:","034 981 3211","tel:0349813211","Email:","admin@trotter-houston.com","mailto:admin@trotter-houston.com","More
                                        Information","https://www.brabys.com/za/kwazulu-natal/vryheid/accountants-auditors/steenkamp-jm-and-partners","Update Your Business Info","EMAIL","https://www.brabys.com/za/financial-services?page=238#","BOOKMARK","More Information","",""
"https://www.brabys.com/images/logo-placeholder.webp","STEENKAMP WEALTH BLUE STAR","https://www.brabys.com/za/western-cape/bredasdorp/financial-services/steenkamp-wealth-blue-star","Bredasdorp, Western Cape","•","Financial Services","Phone:","028 424 1085","tel:0284241085","Email:","maritas@sanlam4u.co.za","mailto:maritas@sanlam4u.co.za","More
                                        Information","https://www.brabys.com/za/western-cape/bredasdorp/financial-services/steenkamp-wealth-blue-star","Update Your Business Info","EMAIL","https://www.brabys.com/za/financial-services?page=239#","BOOKMARK","More Information","",""
"https://www.brabys.com/images/logo-placeholder.webp","STEVE CARSTENS FINANCIAL SERVICES","https://www.brabys.com/za/kwazulu-natal/pietermaritzburg/montrose/financial-services/steve-carstens-financial-services","Montrose, Pietermaritzburg, Kwazulu-Natal","•","Financial Services","Phone:","033 347 8700","tel:0333478700","","","","More
                                        Information","https://www.brabys.com/za/kwazulu-natal/pietermaritzburg/montrose/financial-services/steve-carstens-financial-services","Update Your Business Info","EMAIL","https://www.brabys.com/za/financial-services?page=239#","BOOKMARK","More Information","",""
"https://www.brabys.com/images/logo-placeholder.webp","STICITT","https://www.brabys.com/za/gauteng/pretoria/persequor-park/financial-services/sticitt","Persequor Park, Pretoria, Gauteng","•","Financial Services","Phone:","012 110 4085","tel:0121104085","","","","Visit
                                        Website","http://www.sticitt.co.za/","Update Your Business Info","EMAIL","https://www.brabys.com/za/financial-services?page=239#","BOOKMARK","More Information","",""
"https://www.brabys.com/images/logo-placeholder.webp","STIRLING ACCOUNTING & TAX SERVICES","https://www.brabys.com/za/western-cape/paarl/suider-paarl/taxation-services/stirling-accounting-tax-services","Suider Paarl, Paarl, Western Cape","•","Taxation Services","Phone:","021 975 1036","tel:0219751036","Email:","info@experity.co.za","mailto:info@experity.co.za","More
                                        Information","https://www.brabys.com/za/western-cape/paarl/suider-paarl/taxation-services/stirling-accounting-tax-services","Update Your Business Info","EMAIL","https://www.brabys.com/za/financial-services?page=239#","BOOKMARK","More Information","",""
"https://www.brabys.com/images/logo-placeholder.webp","STONE WEALTH MANAGEMENT (PTY) LTD","https://www.brabys.com/za/kwazulu-natal/kloof/financial-advisors/stone-wealth-management-pty-ltd","Kloof, Kwazulu-Natal","•","Financial Advisors","Phone:","031 832 4555","tel:0318324555","","","","More
                                        Information","https://www.brabys.com/za/kwazulu-natal/kloof/financial-advisors/stone-wealth-management-pty-ltd","Update Your Business Info","EMAIL","https://www.brabys.com/za/financial-services?page=239#","BOOKMARK","More Information","",""
"https://www.brabys.com/images/logo-placeholder.webp","STRATCORP LTD","https://www.brabys.com/za/gauteng/centurion/verwoerdburgstad/marketing-company/stratcorp-ltd","Verwoerdburgstad, Centurion, Gauteng","•","Marketing Company","Phone:","012 643 7400","tel:0126437400","Email:","info@stratcorp.co.za","mailto:info@stratcorp.co.za","Visit
                                        Website","http://www.stratcorp.co.za/","Update Your Business Info","EMAIL","https://www.brabys.com/za/financial-services?page=239#","BOOKMARK","More Information","",""
"https://www.brabys.com/images/logo-placeholder.webp","STRATEGIC FINANCIAL MANAGEMENT GROUP (SFM GROUP)","https://www.brabys.com/za/kwazulu-natal/durban/morningside/insurance-brokers/strategic-financial-management-group-sfm-group","Morningside, Durban, Kwazulu-Natal","•","Insurance Brokers","Phone:","031 303 1060","tel:0313031060","Email:","info@sfmgroup.co.za","mailto:info@sfmgroup.co.za","More
                                        Information","https://www.brabys.com/za/kwazulu-natal/durban/morningside/insurance-brokers/strategic-financial-management-group-sfm-group","Update Your Business Info","EMAIL","https://www.brabys.com/za/financial-services?page=239#","BOOKMARK","More Information","",""
"https://www.brabys.com/images/logo-placeholder.webp","STRATFIN SOLUTIONS","https://www.brabys.com/za/gauteng/sandton/kew/taxation-services/stratfin-solutions","Kew, Sandton, Gauteng","•","Taxation Services","Phone:","011 887 0145","tel:0118870145","Email:","admin@stratfin.co.za","mailto:admin@stratfin.co.za","Visit
                                        Website","http://www.stratfin.co.za/","Update Your Business Info","EMAIL","https://www.brabys.com/za/financial-services?page=239#","BOOKMARK","More Information","",""
"https://www.brabys.com/images/logo-placeholder.webp","STRATMOORE FINANCE & ASSET MANAGEMENT (PTY) LTD","https://www.brabys.com/za/kwazulu-natal/durban/overport/asset-management/stratmoore-finance-asset-management-pty-ltd","Overport, Durban, Kwazulu-Natal","•","Asset Management","Phone:","031 207 1228","tel:0312071228","","","","More
                                        Information","https://www.brabys.com/za/kwazulu-natal/durban/overport/asset-management/stratmoore-finance-asset-management-pty-ltd","Update Your Business Info","EMAIL","https://www.brabys.com/za/financial-services?page=239#","BOOKMARK","More Information","",""
"https://www.brabys.com/images/logo-placeholder.webp","STRUCTURED WEALTH MANAGEMENT","https://www.brabys.com/za/kwazulu-natal/durban/morningside/asset-management/structured-wealth-management","Morningside, Durban, Kwazulu-Natal","•","Asset Management","Phone:","031 312 0333","tel:0313120333","Email:","031 266 0349","tel:0312660349","Visit
                                        Website","http://www.swm.org.za/","Update Your Business Info","EMAIL","https://www.brabys.com/za/financial-services?page=239#","BOOKMARK","More Information","info@swm.org.za","mailto:info@swm.org.za"
"https://www.brabys.com/images/logo-placeholder.webp","STUKA FINANCIAL CONSULTANTS","https://www.brabys.com/za/eastern-cape/port-elizabeth/neave-industrial/financial-consultants/stuka-financial-consultants","Neave Industrial, Port Elizabeth, Eastern Cape","•","Financial Consultants","Phone:","041 451 3650","tel:0414513650","Email:","cwcommercial@credithome.co.za","mailto:cwcommercial@credithome.co.za","More
                                        Information","https://www.brabys.com/za/eastern-cape/port-elizabeth/neave-industrial/financial-consultants/stuka-financial-consultants","Update Your Business Info","EMAIL","https://www.brabys.com/za/financial-services?page=240#","BOOKMARK","More Information","",""
"https://www.brabys.com/images/logo-placeholder.webp","SUBLINE FINANCIAL SERVICES","https://www.brabys.com/za/kwazulu-natal/umhlanga/umhlanga-ridge/financial-services/subline-financial-services","Umhlanga Ridge, Umhlanga, Kwazulu-Natal","•","Financial Services","Phone:","031 537 6220","tel:0315376220","Email:","admin@subfin.co.za","mailto:admin@subfin.co.za","More
                                        Information","https://www.brabys.com/za/kwazulu-natal/umhlanga/umhlanga-ridge/financial-services/subline-financial-services","Update Your Business Info","EMAIL","https://www.brabys.com/za/financial-services?page=240#","BOOKMARK","More Information","",""
"https://www.brabys.com/images/logo-placeholder.webp","SUCCESSION FINANCIAL PLANNING","https://www.brabys.com/za/western-cape/bellville/tygervalley/financial-planning/succession-financial-planning","Tygervalley, Bellville, Western Cape","•","Financial Planning","Phone:","021 912 3920","tel:0219123920","Email:","admin@succession.co.za","mailto:admin@succession.co.za","Visit
                                        Website","http://www.sfpadvice.co.za/","Update Your Business Info","EMAIL","https://www.brabys.com/za/financial-services?page=240#","BOOKMARK","More Information","",""
"https://www.brabys.com/images/logo-placeholder.webp","SUNDY AND ASSOCIATES","https://www.brabys.com/za/kwazulu-natal/gillitts/financial-services/sundy-and-associates","Gillitts, Kwazulu-Natal","•","Financial Services","Phone:","031 765 3204","tel:0317653204","","","","More
                                        Information","https://www.brabys.com/za/kwazulu-natal/gillitts/financial-services/sundy-and-associates","Update Your Business Info","EMAIL","https://www.brabys.com/za/financial-services?page=240#","BOOKMARK","More Information","",""
"https://www.brabys.com/images/logo-placeholder.webp","SUPER LOANS","https://www.brabys.com/za/western-cape/athlone/sand-industria/financial-services/super-loans","Sand Industria, Athlone, Western Cape","•","Financial Services","Phone:","021 699 8856","tel:0216998856","Email:","maylynn@superloanfs.com","mailto:maylynn@superloanfs.com","More
                                        Information","https://www.brabys.com/za/western-cape/athlone/sand-industria/financial-services/super-loans","Update Your Business Info","EMAIL","https://www.brabys.com/za/financial-services?page=240#","BOOKMARK","More Information","",""
"https://www.brabys.com/images/logo-placeholder.webp","SUPERBUS","https://www.brabys.com/za/western-cape/cape-town/wynberg/taxi-services/superbus","Wynberg, Cape Town, Western Cape","•","Taxi Services","Phone:","021 797 9463","tel:0217979463","Email:","info@superbus.co.za","mailto:info@superbus.co.za","More
                                        Information","https://www.brabys.com/za/western-cape/cape-town/wynberg/taxi-services/superbus","Update Your Business Info","EMAIL","https://www.brabys.com/za/financial-services?page=240#","BOOKMARK","More Information","",""
"https://www.brabys.com/images/logo-placeholder.webp","SUPREME FINANCE","https://www.brabys.com/za/free-state/welkom/city-centre/finance-companies/supreme-finance","City Centre, Welkom, Free State","•","Finance Companies","Phone:","057 352 2565","tel:0573522565","Email:","tfs8_welkom@tfsmail.co.za","mailto:tfs8_welkom@tfsmail.co.za","More
                                        Information","https://www.brabys.com/za/free-state/welkom/city-centre/finance-companies/supreme-finance","Update Your Business Info","EMAIL","https://www.brabys.com/za/financial-services?page=240#","BOOKMARK","More Information","",""
"https://www.brabys.com/images/logo-placeholder.webp","SUPREME FINANCE","https://www.brabys.com/za/western-cape/swellendam/financial-services/supreme-finance","Swellendam, Western Cape","•","Financial Services","Phone:","028 514 1393","tel:0285141393","Email:","swellendam1@supremefinance.co.za","mailto:swellendam1@supremefinance.co.za","More
                                        Information","https://www.brabys.com/za/western-cape/swellendam/financial-services/supreme-finance","Update Your Business Info","EMAIL","https://www.brabys.com/za/financial-services?page=240#","BOOKMARK","More Information","",""
"https://www.brabys.com/images/logo-placeholder.webp","SUPREME FINANCE","https://www.brabys.com/za/gauteng/hammanskraal/financial-services/supreme-finance","Hammanskraal, Gauteng","•","Financial Services","Phone:","012 711 3232","tel:0127113232","","","","More
                                        Information","https://www.brabys.com/za/gauteng/hammanskraal/financial-services/supreme-finance","Update Your Business Info","EMAIL","https://www.brabys.com/za/financial-services?page=240#","BOOKMARK","More Information","",""
"https://www.brabys.com/images/logo-placeholder.webp","SUPREME FINANCE","https://www.brabys.com/za/western-cape/cape-town/philippi/financial-services/supreme-finance","Philippi, Cape Town, Western Cape","•","Financial Services","Phone:","021 370 0250","tel:0213700250","","","","More
                                        Information","https://www.brabys.com/za/western-cape/cape-town/philippi/financial-services/supreme-finance","Update Your Business Info","EMAIL","https://www.brabys.com/za/financial-services?page=240#","BOOKMARK","More Information","",""
"https://www.brabys.com/images/logo-placeholder.webp","SUPREME FINANCE","https://www.brabys.com/za/free-state/virginia/virginia-central/financial-services/supreme-finance","Virginia Central, Virginia, Free State","•","Financial Services","Phone:","057 212 5994","tel:0572125994","","","","More
                                        Information","https://www.brabys.com/za/free-state/virginia/virginia-central/financial-services/supreme-finance","Update Your Business Info","EMAIL","https://www.brabys.com/za/financial-services?page=241#","BOOKMARK","More Information","",""
"https://www.brabys.com/images/logo-placeholder.webp","SUPREME FINANCE","https://www.brabys.com/za/kwazulu-natal/durban/musgrave/financial-services/supreme-finance","Musgrave, Durban, Kwazulu-Natal","•","Financial Services","Phone:","031 201 2172","tel:0312012172","Email:","musgrave@supremefinance.co.za","mailto:musgrave@supremefinance.co.za","Visit
                                        Website","http://www.supremefinance.co.za/","Update Your Business Info","EMAIL","https://www.brabys.com/za/financial-services?page=241#","BOOKMARK","More Information","",""
"https://www.brabys.com/images/logo-placeholder.webp","SUREFIN","https://www.brabys.com/za/northern-cape/kimberley/finance-companies/surefin","Kimberley, Northern Cape","•","Finance Companies","Phone:","053 832 8220","tel:0538328220","","","","More
                                        Information","https://www.brabys.com/za/northern-cape/kimberley/finance-companies/surefin","Update Your Business Info","EMAIL","https://www.brabys.com/za/financial-services?page=241#","BOOKMARK","More Information","",""
"https://www.brabys.com/images/logo-placeholder.webp","SURELINK WEALTH","https://www.brabys.com/za/kwazulu-natal/pietermaritzburg/clarendon/finance-companies/surelink-wealth","Clarendon, Pietermaritzburg, Kwazulu-Natal","•","Finance Companies","Phone:","033 341 0300","tel:0333410300","Email:","postbox@surelinkwealth.co.za","mailto:postbox@surelinkwealth.co.za","More
                                        Information","https://www.brabys.com/za/kwazulu-natal/pietermaritzburg/clarendon/finance-companies/surelink-wealth","Update Your Business Info","EMAIL","https://www.brabys.com/za/financial-services?page=241#","BOOKMARK","More Information","",""
"https://www.brabys.com/images/logo-placeholder.webp","SURESTART FINANCIAL SERVICES","https://www.brabys.com/za/western-cape/cape-town/central/financial-services/surestart-financial-services","Central, Cape Town, Western Cape","•","Financial Services","Phone:","021 003 8060","tel:0210038060","Email:","info@surestart.co.za","mailto:info@surestart.co.za","Visit
                                        Website","http://www.surestart.co.za/","Update Your Business Info","EMAIL","https://www.brabys.com/za/financial-services?page=241#","BOOKMARK","More Information","",""
"https://www.brabys.com/images/logo-placeholder.webp","SWARTLAND FINANCIAL SERVICES","https://www.brabys.com/za/western-cape/malmesbury/financial-services/swartland-financial-services","Malmesbury, Western Cape","•","Financial Services","Phone:","022 487 2858","tel:0224872858","Email:","info@sfd.co.za","mailto:info@sfd.co.za","Visit
                                        Website","http://www.sfd.co.za/","Update Your Business Info","EMAIL","https://www.brabys.com/za/financial-services?page=241#","BOOKMARK","More Information","",""
"https://www.brabys.com/images/logo-placeholder.webp","SWISS FINANCIAL CONSULTING","https://www.brabys.com/za/western-cape/milnerton/century-city/financial-consultants/swiss-financial-consulting","Century City, Milnerton, Western Cape","•","Financial Consultants","Phone:","021 551 3331","tel:0215513331","Email:","021 551 8061","tel:0215518061","Visit
                                        Website","http://www.swissfin.co.za/","Update Your Business Info","EMAIL","https://www.brabys.com/za/financial-services?page=241#","BOOKMARK","More Information","info@swissfin.co.za","mailto:info@swissfin.co.za"
"https://www.brabys.com/images/logo-placeholder.webp","SYGNIA ASSET MANAGEMENT","https://www.brabys.com/za/western-cape/cape-town/central/financial-services/sygnia-asset-management","Central, Cape Town, Western Cape","•","Financial Services","Phone:","021 446 4940","tel:0214464940","Email:","021 417 5700","tel:0214175700","Visit
                                        Website","http://www.sygnia.co.za/","Update Your Business Info","EMAIL","https://www.brabys.com/za/financial-services?page=241#","BOOKMARK","More Information","info@sygnia.co.za","mailto:info@sygnia.co.za"
"https://www.brabys.com/images/logo-placeholder.webp","SYGNIA ASSET MANAGEMENT","https://www.brabys.com/za/gauteng/sandton/asset-management/sygnia-asset-management","Sandton, Gauteng","•","Asset Management","Phone:","011 290 9360","tel:0112909360","Share Call Fax:","086 206 5173","tel:0862065173","Visit
                                        Website","http://www.synia.com/","Update Your Business Info","EMAIL","https://www.brabys.com/za/financial-services?page=241#","BOOKMARK","More Information","",""
"https://www.brabys.com/images/logo-placeholder.webp","SYMPHONY FINANCIAL SOLUTIONS","https://www.brabys.com/za/eastern-cape/port-elizabeth/summerstrand/financial-consultants/symphony-financial-solutions","Summerstrand, Port Elizabeth, Eastern Cape","•","Financial Consultants","Phone:","041 583 1809","tel:0415831809","Email:","symphony@telkomsa.net","mailto:symphony@telkomsa.net","More
                                        Information","https://www.brabys.com/za/eastern-cape/port-elizabeth/summerstrand/financial-consultants/symphony-financial-solutions","Update Your Business Info","EMAIL","https://www.brabys.com/za/financial-services?page=241#","BOOKMARK","More Information","",""
"https://www.brabys.com/images/logo-placeholder.webp","SYNERGY TAXATION SERVICES","https://www.brabys.com/za/eastern-cape/east-london/berea/taxation-services/synergy-taxation-services","Berea, East London, Eastern Cape","•","Taxation Services","Phone:","043 721 0368","tel:0437210368","Cell:","082 376 9895","tel:0823769895","More
                                        Information","https://www.brabys.com/za/eastern-cape/east-london/berea/taxation-services/synergy-taxation-services","Update Your Business Info","EMAIL","https://www.brabys.com/za/financial-services?page=242#","BOOKMARK","More Information","synergtax@lantic.net","mailto:synergtax@lantic.net"
"https://www.brabys.com/images/logo-placeholder.webp","SYTFIN ADMINISTRATORS (PTY) LTD","https://www.brabys.com/za/gauteng/johannesburg/houghton/financial-services/sytfin-administrators-pty-ltd","Houghton, Johannesburg, Gauteng","•","Financial Services","Phone:","011 327 7598","tel:0113277598","","","","More
                                        Information","https://www.brabys.com/za/gauteng/johannesburg/houghton/financial-services/sytfin-administrators-pty-ltd","Update Your Business Info","EMAIL","https://www.brabys.com/za/financial-services?page=242#","BOOKMARK","More Information","",""
"https://www.brabys.com/images/logo-placeholder.webp","T C 4U FINANCIAL SERVICES","https://www.brabys.com/za/western-cape/cape-town/central/financial-services/t-c-4u-financial-services","Central, Cape Town, Western Cape","•","Financial Services","Phone:","021 418 8216","tel:0214188216","Email:","tc4u@telkomsa.net","mailto:tc4u@telkomsa.net","More
                                        Information","https://www.brabys.com/za/western-cape/cape-town/central/financial-services/t-c-4u-financial-services","Update Your Business Info","EMAIL","https://www.brabys.com/za/financial-services?page=242#","BOOKMARK","More Information","",""
"https://www.brabys.com/images/logo-placeholder.webp","T M A HOLDINGS (PTY) LTD","https://www.brabys.com/za/gauteng/sandton/atholl-ext-12/financial-analysis-planning-management/t-m-a-holdings-pty-ltd","Atholl Ext 12, Sandton, Gauteng","•","Financial Analysis, Planning & Management","Phone:","011 326 5156","tel:0113265156","Email:","info@tma.co.za","mailto:info@tma.co.za","More
                                        Information","https://www.brabys.com/za/gauteng/sandton/atholl-ext-12/financial-analysis-planning-management/t-m-a-holdings-pty-ltd","Update Your Business Info","EMAIL","https://www.brabys.com/za/financial-services?page=242#","BOOKMARK","More Information","",""
"https://www.brabys.com/images/logo-placeholder.webp","T M FINANCIAL SERVICES","https://www.brabys.com/za/gauteng/boksburg/finance-companies/t-m-financial-services","Boksburg, Gauteng","•","Finance Companies","Phone:","011 826 5049","tel:0118265049","Cell:","082 414 9567","tel:0824149567","More
                                        Information","https://www.brabys.com/za/gauteng/boksburg/finance-companies/t-m-financial-services","Update Your Business Info","EMAIL","https://www.brabys.com/za/financial-services?page=242#","BOOKMARK","More Information","tereza@tandmservices.co.za","mailto:tereza@tandmservices.co.za"
"https://www.brabys.com/images/logo-placeholder.webp","T R CASH LOAN ENTERPRISES","https://www.brabys.com/za/limpopo/thohoyandou/cash-loans/t-r-cash-loan-enterprises","Thohoyandou, Limpopo","•","Cash Loans","Phone:","015 962 4089","tel:0159624089","","","","More
                                        Information","https://www.brabys.com/za/limpopo/thohoyandou/cash-loans/t-r-cash-loan-enterprises","Update Your Business Info","EMAIL","https://www.brabys.com/za/financial-services?page=242#","BOOKMARK","More Information","",""
"https://www.brabys.com/images/logo-placeholder.webp","T T T FINANCE (PTY) LTD","https://www.brabys.com/za/kwazulu-natal/durban/central/financial-services/t-t-t-finance-pty-ltd","Central, Durban, Kwazulu-Natal","•","Financial Services","Phone:","031 301 1499","tel:0313011499","","","","More
                                        Information","https://www.brabys.com/za/kwazulu-natal/durban/central/financial-services/t-t-t-finance-pty-ltd","Update Your Business Info","EMAIL","https://www.brabys.com/za/financial-services?page=242#","BOOKMARK","More Information","",""
"https://www.brabys.com/resize/logos/m/6034390/tanguliza.jpg.jpg","TANGULIZA SERVICES (PTY) LTD","https://www.brabys.com/za/gauteng/edenvale/asset-management-services/tanguliza-services-pty-ltd","Edenvale, Gauteng","•","Asset Management Services","Phone:","011 432 3750","tel:0114323750","Email:","marina@tanguliza.co.za","mailto:marina@tanguliza.co.za","Visit
                                        Website","http://www.tanguliza.co.za/","Update Your Business Info","EMAIL","https://www.brabys.com/za/financial-services?page=242#","BOOKMARK","More Information","",""
"https://www.brabys.com/images/logo-placeholder.webp","TAU PRIDE PROJECTS (PTY) LTD","https://www.brabys.com/za/northern-cape/kimberley/monument-heights/project-financing/tau-pride-projects-pty-ltd","Monument Heights, Kimberley, Northern Cape","•","Project Financing","Phone:","053 832 7955","tel:0538327955","","","","Visit
                                        Website","http://www.taupride.com/","Update Your Business Info","EMAIL","https://www.brabys.com/za/financial-services?page=242#","BOOKMARK","More Information","",""
"https://www.brabys.com/images/logo-placeholder.webp","TAX REFUND","https://www.brabys.com/za/gauteng/kempton-park/financial-services/tax-refund","Kempton Park, Gauteng","•","Financial Services","Phone:","011 390 1655","tel:0113901655","","","","More
                                        Information","https://www.brabys.com/za/gauteng/kempton-park/financial-services/tax-refund","Update Your Business Info","EMAIL","https://www.brabys.com/za/financial-services?page=242#","BOOKMARK","More Information","",""
"https://www.brabys.com/images/logo-placeholder.webp","TAX SHOP THE","https://www.brabys.com/za/north-west/rustenburg/bee-certification/tax-shop-the","Rustenburg, North West","•","BEE Certification","Phone:","014 592 8021","tel:0145928021","Share Call Fax:","086 696 2508","tel:0866962508","Visit
                                        Website","http://www.taxshop.co.za/","Update Your Business Info","EMAIL","https://www.brabys.com/za/financial-services?page=243#","BOOKMARK","More Information","rustenburg@taxshop.co.za","mailto:rustenburg@taxshop.co.za"
"https://www.brabys.com/images/logo-placeholder.webp","TAX TIPS CC","https://www.brabys.com/za/gauteng/boksburg/financial-consultants/tax-tips-cc","Boksburg, Gauteng","•","Financial Consultants","Phone:","011 918 5958","tel:0119185958","Email:","011 918 3321","tel:0119183321","Visit
                                        Website","http://www.taxtips.co.za/","Update Your Business Info","EMAIL","https://www.brabys.com/za/financial-services?page=243#","BOOKMARK","More Information","011 918 4078","tel:0119184078"
"https://www.brabys.com/images/logo-placeholder.webp","TAXI CLUB","https://www.brabys.com/za/gauteng/johannesburg/braamfontein/taxi-services/taxi-club","Braamfontein, Johannesburg, Gauteng","•","Taxi Services","Phone:","011 247 353","tel:011247353","Cell:","073 557 6739","tel:0735576739","Visit
                                        Website","http://www.taxiclub.co.za/","Update Your Business Info","EMAIL","https://www.brabys.com/za/financial-services?page=243#","BOOKMARK","More Information","info@taxiclub.co.za","mailto:info@taxiclub.co.za"
"https://www.brabys.com/images/logo-placeholder.webp","TAXI ON CALL","https://www.brabys.com/za/gauteng/alberton/taxi-services/taxi-on-call","Alberton, Gauteng","•","Taxi Services","Phone:","011 869 7711","tel:0118697711","Cell:","073 250 4351","tel:0732504351","More
                                        Information","https://www.brabys.com/za/gauteng/alberton/taxi-services/taxi-on-call","Update Your Business Info","EMAIL","https://www.brabys.com/za/financial-services?page=243#","BOOKMARK","More Information","krisaffairs@webmail.co.za","mailto:krisaffairs@webmail.co.za"
"https://www.brabys.com/images/logo-placeholder.webp","TAXI SERVICE - JOHANNESBURG","https://www.brabys.com/za/gauteng/johannesburg/taxi-services/taxi-service-johannesburg","Johannesburg, Gauteng","•","Taxi Services","Cell:","078 475 3352","tel:0784753352","Email:","bookings@taxiservicejohannesburg.co.za","mailto:bookings@taxiservicejohannesburg.co.za","Visit
                                        Website","http://www.taxiservicejohannesburg.co.za/","Update Your Business Info","EMAIL","https://www.brabys.com/za/financial-services?page=243#","BOOKMARK","More Information","",""
"https://www.brabys.com/images/logo-placeholder.webp","TAXICONER","https://www.brabys.com/za/gauteng/johannesburg/taxi-services/taxiconer","Johannesburg, Gauteng","•","Taxi Services","Phone:","011 074 7477","tel:0110747477","Email:","marketing@taxiconer.co.za","mailto:marketing@taxiconer.co.za","Visit
                                        Website","http://www.taxiconer.co.za/","Update Your Business Info","EMAIL","https://www.brabys.com/za/financial-services?page=243#","BOOKMARK","More Information","",""
"https://www.brabys.com/images/logo-placeholder.webp","TAXISCRAPPING ADMINISTRATORS (PTY) LTD","https://www.brabys.com/za/limpopo/seshego/taxi-services/taxiscrapping-administrators-pty-ltd","Seshego, Limpopo","•","Taxi Services","Phone:","015 223 0578","tel:0152230578","","","","More
                                        Information","https://www.brabys.com/za/limpopo/seshego/taxi-services/taxiscrapping-administrators-pty-ltd","Update Your Business Info","EMAIL","https://www.brabys.com/za/financial-services?page=243#","BOOKMARK","More Information","",""
"https://www.brabys.com/images/logo-placeholder.webp","TAXPERT TRUST (CLIVE COOPER)","https://www.brabys.com/za/eastern-cape/east-london/east-london-city-ctr/financial-management-services/taxpert-trust-clive-cooper","East London City Ctr, East London, Eastern Cape","•","Financial Management Services","Phone:","043 743 2116","tel:0437432116","Email:","taxpert@iafrica.com","mailto:taxpert@iafrica.com","More
                                        Information","https://www.brabys.com/za/eastern-cape/east-london/east-london-city-ctr/financial-management-services/taxpert-trust-clive-cooper","Update Your Business Info","EMAIL","https://www.brabys.com/za/financial-services?page=243#","BOOKMARK","More Information","",""
"https://www.brabys.com/images/logo-placeholder.webp","TAYLOR MADE FINANCIAL SERVICES","https://www.brabys.com/za/western-cape/somerset-west/paardevlei/financial-services/taylor-made-financial-services","Paardevlei, Somerset West, Western Cape","•","Financial Services","Phone:","021 851 2937","tel:0218512937","","","","Visit
                                        Website","http://www.taylormadefinancial.co.za/","Update Your Business Info","EMAIL","https://www.brabys.com/za/financial-services?page=243#","BOOKMARK","More Information","",""
"https://www.brabys.com/images/logo-placeholder.webp","TEAM FINANCIAL SERVICES","https://www.brabys.com/za/kwazulu-natal/empangeni/cbd/financial-services/team-financial-services","CBD, Empangeni, Kwazulu-Natal","•","Financial Services","Phone:","035 772 1049","tel:0357721049","Email:","admin@tfs.org.za","mailto:admin@tfs.org.za","More
                                        Information","https://www.brabys.com/za/kwazulu-natal/empangeni/cbd/financial-services/team-financial-services","Update Your Business Info","EMAIL","https://www.brabys.com/za/financial-services?page=243#","BOOKMARK","More Information","",""
"https://www.brabys.com/resize/logos/m/4784055/teamtax.jpg.jpg","TEAM TAX & ACCOUNTING","https://www.brabys.com/za/kwazulu-natal/durban/asherville/accounting-taxation/team-tax-accounting","Asherville, Durban, Kwazulu-Natal","•","Accounting & Taxation","Phone:","031 208 8478","tel:0312088478","Cell:","031 207 6648","tel:0312076648","Visit
                                        Website","http://www.teamtaxandaccounting.co.za/","Update Your Business Info","EMAIL","https://www.brabys.com/za/financial-services?page=244#","BOOKMARK","More Information","084 205 7000","tel:0842057000"
"https://www.brabys.com/images/logo-placeholder.webp","TEBA","https://www.brabys.com/za/mpumalanga/malelane/financial-services/teba","Malelane, Mpumalanga","•","Financial Services","Phone:","013 790 1577","tel:0137901577","Email:","malelane@teba.co.za","mailto:malelane@teba.co.za","More
                                        Information","https://www.brabys.com/za/mpumalanga/malelane/financial-services/teba","Update Your Business Info","EMAIL","https://www.brabys.com/za/financial-services?page=244#","BOOKMARK","More Information","",""
"https://www.brabys.com/images/logo-placeholder.webp","TEBA LIMITED","https://www.brabys.com/za/free-state/botshabelo/financial-services/teba-limited","Botshabelo, Free State","•","Financial Services","Phone:","051 534 6846","tel:0515346846","","","","Visit
                                        Website","http://www.teba.co.za/","Update Your Business Info","EMAIL","https://www.brabys.com/za/financial-services?page=244#","BOOKMARK","More Information","",""
"https://www.brabys.com/images/logo-placeholder.webp","TECHNOFIN","https://www.brabys.com/za/gauteng/pretoria/ashlea-park/finance-companies/technofin","Ashlea Park, Pretoria, Gauteng","•","Finance Companies","Phone:","012 346 4730","tel:0123464730","Email:","admin@pta.technofin.co.za","mailto:admin@pta.technofin.co.za","Visit
                                        Website","http://www.technofin.co.za/","Update Your Business Info","EMAIL","https://www.brabys.com/za/financial-services?page=244#","BOOKMARK","More Information","",""
"https://www.brabys.com/images/logo-placeholder.webp","TECHNOFIN","https://www.brabys.com/za/eastern-cape/east-london/vincent-heights/financial-services/technofin","Vincent Heights, East London, Eastern Cape","•","Financial Services","Phone:","043 727 0781","tel:0437270781","Share Call Fax:","086 524 3805","tel:0865243805","More
                                        Information","https://www.brabys.com/za/eastern-cape/east-london/vincent-heights/financial-services/technofin","Update Your Business Info","EMAIL","https://www.brabys.com/za/financial-services?page=244#","BOOKMARK","More Information","michelle@el.technofin.co.za","mailto:michelle@el.technofin.co.za"
"https://www.brabys.com/images/logo-placeholder.webp","TELLEMAN FINANCIAL SERVICES","https://www.brabys.com/za/western-cape/milnerton/financial-services/telleman-financial-services","Milnerton, Western Cape","•","Financial Services","Phone:","021 559 7617","tel:0215597617","Email:","melanie@telfin.co.za","mailto:melanie@telfin.co.za","More
                                        Information","https://www.brabys.com/za/western-cape/milnerton/financial-services/telleman-financial-services","Update Your Business Info","EMAIL","https://www.brabys.com/za/financial-services?page=244#","BOOKMARK","More Information","",""
"https://www.brabys.com/images/logo-placeholder.webp","TENACITY FINANCIAL SERVICES","https://www.brabys.com/za/western-cape/cape-town/paarden-eiland/financial-services/tenacity-financial-services","Paarden Eiland, Cape Town, Western Cape","•","Financial Services","Phone:","021 928 1000","tel:0219281000","","","","More
                                        Information","https://www.brabys.com/za/western-cape/cape-town/paarden-eiland/financial-services/tenacity-financial-services","Update Your Business Info","EMAIL","https://www.brabys.com/za/financial-services?page=244#","BOOKMARK","More Information","",""
"https://www.brabys.com/images/logo-placeholder.webp","TENRISK UNDERWRITING MANAGERS (PTY) LTD","https://www.brabys.com/za/north-west/potchefstroom/insurance-companies/tenrisk-underwriting-managers-pty-ltd","Potchefstroom, North West","•","Insurance Companies","Phone:","018 297 8821","tel:0182978821","Share Call Fax:","086 620 6416","tel:0866206416","Visit
                                        Website","http://www.tenrisk.com/","Update Your Business Info","EMAIL","https://www.brabys.com/za/financial-services?page=244#","BOOKMARK","More Information","info@tenrisk.com","mailto:info@tenrisk.com"
"https://www.brabys.com/images/logo-placeholder.webp","TERNARY FINANCIAL SERVICES","https://www.brabys.com/za/western-cape/bellville/tygervalley/financial-services/ternary-financial-services","Tygervalley, Bellville, Western Cape","•","Financial Services","Phone:","021 913 8865","tel:0219138865","Email:","info@ternary.co.za","mailto:info@ternary.co.za","Visit
                                        Website","http://www.ternary.co.za/","Update Your Business Info","EMAIL","https://www.brabys.com/za/financial-services?page=244#","BOOKMARK","More Information","",""
"https://www.brabys.com/images/logo-placeholder.webp","TERWEY & ASSOCIATES","https://www.brabys.com/za/gauteng/randburg/fontainebleau/financial-consultants/terwey-associates","Fontainebleau, Randburg, Gauteng","•","Financial Consultants","Phone:","011 792 2960","tel:0117922960","Cell:","083 265 1348","tel:0832651348","More
                                        Information","https://www.brabys.com/za/gauteng/randburg/fontainebleau/financial-consultants/terwey-associates","Update Your Business Info","EMAIL","https://www.brabys.com/za/financial-services?page=244#","BOOKMARK","More Information","paul@terweyassociates.co.za","mailto:paul@terweyassociates.co.za"
"https://www.brabys.com/images/logo-placeholder.webp","TESCON FINANCIAL ADVISORS","https://www.brabys.com/za/kwazulu-natal/durban/bulwer/income-tax-consultants/tescon-financial-advisors","Bulwer, Durban, Kwazulu-Natal","•","Income Tax Consultants","Phone:","031 202 9476","tel:0312029476","Cell:","083 789 1393","tel:0837891393","More
                                        Information","https://www.brabys.com/za/kwazulu-natal/durban/bulwer/income-tax-consultants/tescon-financial-advisors","Update Your Business Info","EMAIL","https://www.brabys.com/za/financial-services?page=245#","BOOKMARK","More Information","murugan@tescon.co.za","mailto:murugan@tescon.co.za"
"https://www.brabys.com/images/logo-placeholder.webp","TEWARI S TAXIS","https://www.brabys.com/za/kwazulu-natal/durban/central/metered-taxis/tewari-s-taxis","Central, Durban, Kwazulu-Natal","•","Metered Taxis","Cell:","083 555 1698","tel:0835551698","","","","More
                                        Information","https://www.brabys.com/za/kwazulu-natal/durban/central/metered-taxis/tewari-s-taxis","Update Your Business Info","EMAIL","https://www.brabys.com/za/financial-services?page=245#","BOOKMARK","More Information","",""
"https://www.brabys.com/images/logo-placeholder.webp","THANDABANTU FINANCE CC","https://www.brabys.com/za/gauteng/vereeniging/finance-companies/thandabantu-finance-cc","Vereeniging, Gauteng","•","Finance Companies","Phone:","016 422 9398","tel:0164229398","","","","More
                                        Information","https://www.brabys.com/za/gauteng/vereeniging/finance-companies/thandabantu-finance-cc","Update Your Business Info","EMAIL","https://www.brabys.com/za/financial-services?page=245#","BOOKMARK","More Information","",""
"https://www.brabys.com/images/logo-placeholder.webp","THE BANK OF NEW YORK","https://www.brabys.com/za/gauteng/sandton/morningside/financial-services/the-bank-of-new-york","Morningside, Sandton, Gauteng","•","Financial Services","Phone:","011 217 7160","tel:0112177160","","","","More
                                        Information","https://www.brabys.com/za/gauteng/sandton/morningside/financial-services/the-bank-of-new-york","Update Your Business Info","EMAIL","https://www.brabys.com/za/financial-services?page=245#","BOOKMARK","More Information","",""
"https://www.brabys.com/images/logo-placeholder.webp","THE CAPITAL PARTNER (PTY) LTD","https://www.brabys.com/za/gauteng/pretoria/waterkloof/finance/the-capital-partner-pty-ltd","Waterkloof, Pretoria, Gauteng","•","Finance","VOIP:","087 057 0498","tel:0870570498","","","","Visit
                                        Website","http://www.thecapitalpartner.co.za/","Update Your Business Info","EMAIL","https://www.brabys.com/za/financial-services?page=245#","BOOKMARK","More Information","",""
"https://www.brabys.com/images/logo-placeholder.webp","THE FINANCIAL ALLIANCE","https://www.brabys.com/za/gauteng/sandton/craighall-park/wealth-management/the-financial-alliance","Craighall Park, Sandton, Gauteng","•","Wealth Management","Phone:","011 501 2000","tel:0115012000","Email:","info@financialalliance.co.za","mailto:info@financialalliance.co.za","Visit
                                        Website","http://www.financialalliance.co.za/","Update Your Business Info","EMAIL","https://www.brabys.com/za/financial-services?page=245#","BOOKMARK","More Information","",""
"https://www.brabys.com/images/logo-placeholder.webp","THE FINANCIAL OFFICE","https://www.brabys.com/za/gauteng/pretoria/heatherdale-a-h/financial-services/the-financial-office","Heatherdale A H, Pretoria, Gauteng","•","Financial Services","Phone:","012 542 4560","tel:0125424560","Email:","lilo@propertyschool.co.za","mailto:lilo@propertyschool.co.za","More
                                        Information","https://www.brabys.com/za/gauteng/pretoria/heatherdale-a-h/financial-services/the-financial-office","Update Your Business Info","EMAIL","https://www.brabys.com/za/financial-services?page=245#","BOOKMARK","More Information","",""
"https://www.brabys.com/images/logo-placeholder.webp","THE HEREFORD GROUP","https://www.brabys.com/za/western-cape/cape-town/century-city/finance-companies/the-hereford-group","Century City, Cape Town, Western Cape","•","Finance Companies","Phone:","021 683 4074","tel:0216834074","Email:","alanb@herefordgroup.co.za","mailto:alanb@herefordgroup.co.za","More
                                        Information","https://www.brabys.com/za/western-cape/cape-town/century-city/finance-companies/the-hereford-group","Update Your Business Info","EMAIL","https://www.brabys.com/za/financial-services?page=245#","BOOKMARK","More Information","",""
"https://www.brabys.com/images/logo-placeholder.webp","THE JM LAWTON FAMILY TRUST","https://www.brabys.com/za/gauteng/kempton-park/pomona-ext-2/finance-companies/the-jm-lawton-family-trust","Pomona Ext 2, Kempton Park, Gauteng","•","Finance Companies","Phone:","011 979 5306","tel:0119795306","Email:","accounts@jmlinvestments.co.za","mailto:accounts@jmlinvestments.co.za","Visit
                                        Website","http://www.jmlinvestments.co.za/","Update Your Business Info","EMAIL","https://www.brabys.com/za/financial-services?page=245#","BOOKMARK","More Information","",""
"https://www.brabys.com/images/logo-placeholder.webp","THE NATIONAL EMPOWERMENT RATING AGENCY (NERA)","https://www.brabys.com/za/gauteng/sandton/bryanston/bee-certification/the-national-empowerment-rating-agency-nera","Bryanston, Sandton, Gauteng","•","BEE Certification","Phone:","011 463 8900","tel:0114638900","Share Call Fax:","086 690 6560","tel:0866906560","Visit
                                        Website","http://www.nerasa.co.za/","Update Your Business Info","EMAIL","https://www.brabys.com/za/financial-services?page=245#","BOOKMARK","More Information","shelane@nerasa.co.za","mailto:shelane@nerasa.co.za"
"https://www.brabys.com/images/logo-placeholder.webp","THE OFFICE","https://www.brabys.com/za/western-cape/stellenbosch/financial-services/the-office","Stellenbosch, Western Cape","•","Financial Services","Phone:","021 883 9375","tel:0218839375","Email:","info@theoffices.co.za","mailto:info@theoffices.co.za","Visit
                                        Website","http://www.theoffices.co.za/","Update Your Business Info","EMAIL","https://www.brabys.com/za/financial-services?page=246#","BOOKMARK","More Information","",""
"https://www.brabys.com/images/logo-placeholder.webp","THE ONE FINANCIAL SOLUTIONS","https://www.brabys.com/za/western-cape/george/camfers-drift/financial-consultants/the-one-financial-solutions","Camfers Drift, George, Western Cape","•","Financial Consultants","Phone:","044 884 1655","tel:0448841655","Cell:","084 660 7339","tel:0846607339","Visit
                                        Website","http://www.theonefs.co.za/","Update Your Business Info","EMAIL","https://www.brabys.com/za/financial-services?page=246#","BOOKMARK","More Information","086 655 3755","tel:0866553755"
"https://www.brabys.com/images/logo-placeholder.webp","THE POWER OF 2 CC","https://www.brabys.com/za/western-cape/durbanville/financial-services/the-power-of-2-cc","Durbanville, Western Cape","•","Financial Services","Phone:","021 970 2580","tel:0219702580","Email:","info@po2.co.za","mailto:info@po2.co.za","Visit
                                        Website","http://www.po2.co.za/","Update Your Business Info","EMAIL","https://www.brabys.com/za/financial-services?page=246#","BOOKMARK","More Information","",""
"https://www.brabys.com/images/logo-placeholder.webp","THE RENTAL COMPANY","https://www.brabys.com/za/western-cape/paarl/financial-services/the-rental-company","Paarl, Western Cape","•","Financial Services","Phone:","021 205 1682","tel:0212051682","Email:","capeadmin@rental.co.za","mailto:capeadmin@rental.co.za","Visit
                                        Website","http://www.rental.co.za/","Update Your Business Info","EMAIL","https://www.brabys.com/za/financial-services?page=246#","BOOKMARK","More Information","",""
"https://www.brabys.com/images/logo-placeholder.webp","THE SA TAX COMPANY","https://www.brabys.com/za/western-cape/milnerton/tax-services/the-sa-tax-company","Milnerton, Western Cape","•","Tax Services","Phone:","021 526 7200","tel:0215267200","Email:","marketing@sataxcompany.co.za","mailto:marketing@sataxcompany.co.za","Visit
                                        Website","http://www.sataxcompany.co.za/","Update Your Business Info","EMAIL","https://www.brabys.com/za/financial-services?page=246#","BOOKMARK","More Information","",""
"https://www.brabys.com/images/logo-placeholder.webp","THE TAXATION COMPANY","https://www.brabys.com/za/gauteng/edenvale/taxation-services/the-taxation-company","Edenvale, Gauteng","•","Taxation Services","Cell:","068 098 2542","tel:0680982542","Email:","thetaxationcompanyza@gmail.com","mailto:thetaxationcompanyza@gmail.com","Visit
                                        Website","http://www.thetaxationco.com/","Update Your Business Info","EMAIL","https://www.brabys.com/za/financial-services?page=246#","BOOKMARK","More Information","",""
"https://www.brabys.com/images/logo-placeholder.webp","THE UNLIMITED WORLD","https://www.brabys.com/za/kwazulu-natal/hillcrest/hilldene/call-centres/the-unlimited-world","Hilldene, Hillcrest, Kwazulu-Natal","•","Call Centres","Phone:","086 199 0000","tel:0861990000","Share Call Fax:","086 500 9307","tel:0865009307","Visit
                                        Website","http://www.theunlimited.co.za/","Update Your Business Info","EMAIL","https://www.brabys.com/za/financial-services?page=246#","BOOKMARK","More Information","customercare@theunlimited.co.za","mailto:customercare@theunlimited.co.za"
"https://www.brabys.com/images/logo-placeholder.webp","THE WHITE HOUSE","https://www.brabys.com/za/mpumalanga/white-river/financial-services/the-white-house","White River, Mpumalanga","•","Financial Services","Phone:","013 750 0786","tel:0137500786","Share Call Fax:","086 538 0360","tel:0865380360","Visit
                                        Website","http://www.the-white-house.co.za/","Update Your Business Info","EMAIL","https://www.brabys.com/za/financial-services?page=246#","BOOKMARK","More Information","info@the-white-house.co.za","mailto:info@the-white-house.co.za"
"https://www.brabys.com/images/logo-placeholder.webp","THERON LE ROUX ACCOUNTANTS","https://www.brabys.com/za/western-cape/riversdale/accountants-auditors/theron-le-roux-accountants","Riversdale, Western Cape","•","Accountants & Auditors","Phone:","028 713 2268","tel:0287132268","Email:","028 713 1154","tel:0287131154","More
                                        Information","https://www.brabys.com/za/western-cape/riversdale/accountants-auditors/theron-le-roux-accountants","Update Your Business Info","EMAIL","https://www.brabys.com/za/financial-services?page=246#","BOOKMARK","More Information","info@tlrr.co.za","mailto:info@tlrr.co.za"
"https://www.brabys.com/images/logo-placeholder.webp","THERON RENTAL TRUST","https://www.brabys.com/za/gauteng/pretoria/lukasrand/financial-planning/theron-rental-trust","Lukasrand, Pretoria, Gauteng","•","Financial Planning","Phone:","012 481 9400","tel:0124819400","Email:","tiens.theron@tefinops.co.za","mailto:tiens.theron@tefinops.co.za","More
                                        Information","https://www.brabys.com/za/gauteng/pretoria/lukasrand/financial-planning/theron-rental-trust","Update Your Business Info","EMAIL","https://www.brabys.com/za/financial-services?page=246#","BOOKMARK","More Information","",""
"https://www.brabys.com/images/logo-placeholder.webp","THEZA CAPITAL","https://www.brabys.com/za/gauteng/sandton/sandown/financial-services/theza-capital","Sandown, Sandton, Gauteng","•","Financial Services","Phone:","011 783 6136","tel:0117836136","Email:","info@thezacapital.co.za","mailto:info@thezacapital.co.za","Visit
                                        Website","http://www.thezacapital.co.za/","Update Your Business Info","EMAIL","https://www.brabys.com/za/financial-services?page=247#","BOOKMARK","More Information","",""
"https://www.brabys.com/images/logo-placeholder.webp","THINUS MARAIS FINANCIAL SERVICES","https://www.brabys.com/za/mpumalanga/bethal/financial-consultants/thinus-marais-financial-services","Bethal, Mpumalanga","•","Financial Consultants","Phone:","017 647 5158","tel:0176475158","Email:","thinus@thinusmaris.co.za","mailto:thinus@thinusmaris.co.za","More
                                        Information","https://www.brabys.com/za/mpumalanga/bethal/financial-consultants/thinus-marais-financial-services","Update Your Business Info","EMAIL","https://www.brabys.com/za/financial-services?page=247#","BOOKMARK","More Information","",""
"https://www.brabys.com/images/logo-placeholder.webp","THOLI THUBA FINANCIAL SERVICE","https://www.brabys.com/za/kwazulu-natal/durban/central/financial-services/tholi-thuba-financial-service","Central, Durban, Kwazulu-Natal","•","Financial Services","Phone:","031 304 4127","tel:0313044127","Email:","tholithuba@telkomsa.net","mailto:tholithuba@telkomsa.net","More
                                        Information","https://www.brabys.com/za/kwazulu-natal/durban/central/financial-services/tholi-thuba-financial-service","Update Your Business Info","EMAIL","https://www.brabys.com/za/financial-services?page=247#","BOOKMARK","More Information","",""
"https://www.brabys.com/images/logo-placeholder.webp","THULANI TAXIS","https://www.brabys.com/za/kwazulu-natal/durban/central/metered-taxis/thulani-taxis","Central, Durban, Kwazulu-Natal","•","Metered Taxis","Cell:","073 193 2386","tel:0731932386","","","","More
                                        Information","https://www.brabys.com/za/kwazulu-natal/durban/central/metered-taxis/thulani-taxis","Update Your Business Info","EMAIL","https://www.brabys.com/za/financial-services?page=247#","BOOKMARK","More Information","",""
"https://www.brabys.com/images/logo-placeholder.webp","THULISILE FINANCIAL SERVICES","https://www.brabys.com/za/gauteng/soweto/diepkloof/financial-services/thulisile-financial-services","Diepkloof, Soweto, Gauteng","•","Financial Services","Phone:","011 933 1103","tel:0119331103","","","","Visit
                                        Website","http://www.thulisilefs.co.za/","Update Your Business Info","EMAIL","https://www.brabys.com/za/financial-services?page=247#","BOOKMARK","More Information","",""
"https://www.brabys.com/images/logo-placeholder.webp","THUSANO FIANCIAL MANAGEMENT (PTY) LTD","https://www.brabys.com/za/eastern-cape/venterstad/financial-services/thusano-fiancial-management-pty-ltd","Venterstad, Eastern Cape","•","Financial Services","Phone:","051 654 0050","tel:0516540050","Email:","thusano@venterstad.org","mailto:thusano@venterstad.org","More
                                        Information","https://www.brabys.com/za/eastern-cape/venterstad/financial-services/thusano-fiancial-management-pty-ltd","Update Your Business Info","EMAIL","https://www.brabys.com/za/financial-services?page=247#","BOOKMARK","More Information","",""
"https://www.brabys.com/images/logo-placeholder.webp","THUSEGA FINANCIAL & BUSINESS CONSULTING CC","https://www.brabys.com/za/gauteng/vanderbijlpark/town-centre/financial-consultants/thusega-financial-business-consulting-cc","Town Centre, Vanderbijlpark, Gauteng","•","Financial Consultants","Phone:","016 931 3440","tel:0169313440","Email:","thusega@info.co.za","mailto:thusega@info.co.za","More
                                        Information","https://www.brabys.com/za/gauteng/vanderbijlpark/town-centre/financial-consultants/thusega-financial-business-consulting-cc","Update Your Business Info","EMAIL","https://www.brabys.com/za/financial-services?page=247#","BOOKMARK","More Information","",""
"https://www.brabys.com/images/logo-placeholder.webp","THUTHUKANI FINANCE","https://www.brabys.com/za/eastern-cape/port-elizabeth/central/finance-companies/thuthukani-finance","Central, Port Elizabeth, Eastern Cape","•","Finance Companies","Phone:","041 484 4410","tel:0414844410","","","","More
                                        Information","https://www.brabys.com/za/eastern-cape/port-elizabeth/central/finance-companies/thuthukani-finance","Update Your Business Info","EMAIL","https://www.brabys.com/za/financial-services?page=247#","BOOKMARK","More Information","",""
"https://www.brabys.com/images/logo-placeholder.webp","THUTHUKANI FINANCE","https://www.brabys.com/za/mpumalanga/ermelo/financial-services/thuthukani-finance","Ermelo, Mpumalanga","•","Financial Services","Phone:","017 819 5159","tel:0178195159","","","","More
                                        Information","https://www.brabys.com/za/mpumalanga/ermelo/financial-services/thuthukani-finance","Update Your Business Info","EMAIL","https://www.brabys.com/za/financial-services?page=247#","BOOKMARK","More Information","",""
"https://www.brabys.com/images/logo-placeholder.webp","THUTHUKANI FINANCIAL SERVICE","https://www.brabys.com/za/free-state/bethlehem/financial-services/thuthukani-financial-service","Bethlehem, Free State","•","Financial Services","Phone:","058 303 9727","tel:0583039727","Email:","tfs-bethl@tfsmail.co.za","mailto:tfs-bethl@tfsmail.co.za","More
                                        Information","https://www.brabys.com/za/free-state/bethlehem/financial-services/thuthukani-financial-service","Update Your Business Info","EMAIL","https://www.brabys.com/za/financial-services?page=247#","BOOKMARK","More Information","",""
"https://www.brabys.com/images/logo-placeholder.webp","THUTHUKANI FINANCIAL SERVICE","https://www.brabys.com/za/eastern-cape/port-elizabeth/schauderville/financial-services/thuthukani-financial-service","Schauderville, Port Elizabeth, Eastern Cape","•","Financial Services","Phone:","041 451 4859","tel:0414514859","Email:","korsten@credithome.co.za","mailto:korsten@credithome.co.za","More
                                        Information","https://www.brabys.com/za/eastern-cape/port-elizabeth/schauderville/financial-services/thuthukani-financial-service","Update Your Business Info","EMAIL","https://www.brabys.com/za/financial-services?page=248#","BOOKMARK","More Information","",""
"https://www.brabys.com/images/logo-placeholder.webp","THUTHUKANI FINANCIAL SERVICES","https://www.brabys.com/za/limpopo/tzaneen/avispark/finance-companies/thuthukani-financial-services","Avispark, Tzaneen, Limpopo","•","Finance Companies","Phone:","015 307 6466","tel:0153076466","","","","More
                                        Information","https://www.brabys.com/za/limpopo/tzaneen/avispark/finance-companies/thuthukani-financial-services","Update Your Business Info","EMAIL","https://www.brabys.com/za/financial-services?page=248#","BOOKMARK","More Information","",""
"https://www.brabys.com/images/logo-placeholder.webp","THUTHUKANI FINANCIAL SERVICES","https://www.brabys.com/za/kwazulu-natal/port-shepstone/finance-companies/thuthukani-financial-services","Port Shepstone, Kwazulu-Natal","•","Finance Companies","Phone:","039 682 7371","tel:0396827371","Email:","tfs18psheptone@globemail.co.za","mailto:tfs18psheptone@globemail.co.za","More
                                        Information","https://www.brabys.com/za/kwazulu-natal/port-shepstone/finance-companies/thuthukani-financial-services","Update Your Business Info","EMAIL","https://www.brabys.com/za/financial-services?page=248#","BOOKMARK","More Information","",""
"https://www.brabys.com/images/logo-placeholder.webp","THUTHUKANI FINANCIAL SERVICES","https://www.brabys.com/za/eastern-cape/port-elizabeth/deal-party/finance-companies/thuthukani-financial-services","Deal Party, Port Elizabeth, Eastern Cape","•","Finance Companies","Phone:","041 486 3132","tel:0414863132","","","","More
                                        Information","https://www.brabys.com/za/eastern-cape/port-elizabeth/deal-party/finance-companies/thuthukani-financial-services","Update Your Business Info","EMAIL","https://www.brabys.com/za/financial-services?page=248#","BOOKMARK","More Information","",""
"https://www.brabys.com/images/logo-placeholder.webp","THUTHUKANI FINANCIAL SERVICES","https://www.brabys.com/za/gauteng/springs/finance-companies/thuthukani-financial-services","Springs, Gauteng","•","Finance Companies","Phone:","011 362 4480","tel:0113624480","Email:","011 302 2695","tel:0113022695","Visit
                                        Website","http://www.thuthukani.com/","Update Your Business Info","EMAIL","https://www.brabys.com/za/financial-services?page=248#","BOOKMARK","More Information","011 362 4484","tel:0113624484"
"https://www.brabys.com/images/logo-placeholder.webp","THUTHUKANI FINANCIAL SERVICES","https://www.brabys.com/za/kwazulu-natal/margate/financial-services/thuthukani-financial-services","Margate, Kwazulu-Natal","•","Financial Services","Phone:","039 317 3008","tel:0393173008","Email:","tfs18margate@globemail.co.za","mailto:tfs18margate@globemail.co.za","More
                                        Information","https://www.brabys.com/za/kwazulu-natal/margate/financial-services/thuthukani-financial-services","Update Your Business Info","EMAIL","https://www.brabys.com/za/financial-services?page=248#","BOOKMARK","More Information","",""
"https://www.brabys.com/images/logo-placeholder.webp","THUTHUKANI FINANCIAL SERVICES","https://www.brabys.com/za/eastern-cape/humansdorp/financial-services/thuthukani-financial-services","Humansdorp, Eastern Cape","•","Financial Services","Phone:","042 291 0764","tel:0422910764","","","","More
                                        Information","https://www.brabys.com/za/eastern-cape/humansdorp/financial-services/thuthukani-financial-services","Update Your Business Info","EMAIL","https://www.brabys.com/za/financial-services?page=248#","BOOKMARK","More Information","",""
"https://www.brabys.com/images/logo-placeholder.webp","THUTHUKANI FINANCIAL SERVICES","https://www.brabys.com/za/mpumalanga/emalahleni/financial-services/thuthukani-financial-services","Emalahleni, Mpumalanga","•","Financial Services","Phone:","013 690 3189","tel:0136903189","Email:","tfs_1witbank@tfsmail.co.za","mailto:tfs_1witbank@tfsmail.co.za","More
                                        Information","https://www.brabys.com/za/mpumalanga/emalahleni/financial-services/thuthukani-financial-services","Update Your Business Info","EMAIL","https://www.brabys.com/za/financial-services?page=248#","BOOKMARK","More Information","",""
"https://www.brabys.com/images/logo-placeholder.webp","THUTHUKANI FINANCIAL SERVICES","https://www.brabys.com/za/gauteng/sandton/highlands-north/financial-services/thuthukani-financial-services","Highlands North, Sandton, Gauteng","•","Financial Services","Phone:","011 440 5152","tel:0114405152","Email:","balfour@tfsmail.co.za","mailto:balfour@tfsmail.co.za","More
                                        Information","https://www.brabys.com/za/gauteng/sandton/highlands-north/financial-services/thuthukani-financial-services","Update Your Business Info","EMAIL","https://www.brabys.com/za/financial-services?page=248#","BOOKMARK","More Information","",""
"https://www.brabys.com/images/logo-placeholder.webp","THUTHUKANI FINANCIAL SERVICES","https://www.brabys.com/za/free-state/kroonstad/central/financial-services/thuthukani-financial-services","Central, Kroonstad, Free State","•","Financial Services","Phone:","056 212 4514","tel:0562124514","","","","More
                                        Information","https://www.brabys.com/za/free-state/kroonstad/central/financial-services/thuthukani-financial-services","Update Your Business Info","EMAIL","https://www.brabys.com/za/financial-services?page=248#","BOOKMARK","More Information","",""
"https://www.brabys.com/images/logo-placeholder.webp","THUTHUKANI FINANCIAL SERVICES","https://www.brabys.com/za/eastern-cape/queenstown/financial-services/thuthukani-financial-services","Queenstown, Eastern Cape","•","Financial Services","Phone:","045 839 5637","tel:0458395637","Share Call Fax:","086 616 1888","tel:0866161888","More
                                        Information","https://www.brabys.com/za/eastern-cape/queenstown/financial-services/thuthukani-financial-services","Update Your Business Info","EMAIL","https://www.brabys.com/za/financial-services?page=249#","BOOKMARK","More Information","",""
"https://www.brabys.com/images/logo-placeholder.webp","THUTHUKANI FINANCIAL SERVICES","https://www.brabys.com/za/eastern-cape/king-williams-town/financial-services/thuthukani-financial-services","King William's Town, Eastern Cape","•","Financial Services","Phone:","043 642 4509","tel:0436424509","Cell:","083 501 3945","tel:0835013945","More
                                        Information","https://www.brabys.com/za/eastern-cape/king-williams-town/financial-services/thuthukani-financial-services","Update Your Business Info","EMAIL","https://www.brabys.com/za/financial-services?page=249#","BOOKMARK","More Information","kwe@credithome.co.za","mailto:kwe@credithome.co.za"
"https://www.brabys.com/images/logo-placeholder.webp","THUTHUKANI FINANCIAL SERVICES (PTY) LTD","https://www.brabys.com/za/eastern-cape/port-elizabeth/sidwell/finance-companies/thuthukani-financial-services-pty-ltd","Sidwell, Port Elizabeth, Eastern Cape","•","Finance Companies","Phone:","041 451 0070","tel:0414510070","Email:","commercial@credithome.co.za","mailto:commercial@credithome.co.za","More
                                        Information","https://www.brabys.com/za/eastern-cape/port-elizabeth/sidwell/finance-companies/thuthukani-financial-services-pty-ltd","Update Your Business Info","EMAIL","https://www.brabys.com/za/financial-services?page=249#","BOOKMARK","More Information","",""
"https://www.brabys.com/images/logo-placeholder.webp","THUTHUKANI FINANCIAL SERVICES (PTY) LTD","https://www.brabys.com/za/eastern-cape/port-elizabeth/korsten/finance-companies/thuthukani-financial-services-pty-ltd","Korsten, Port Elizabeth, Eastern Cape","•","Finance Companies","Phone:","041 451 5681","tel:0414515681","Email:","bayview@credithome.co.za","mailto:bayview@credithome.co.za","More
                                        Information","https://www.brabys.com/za/eastern-cape/port-elizabeth/korsten/finance-companies/thuthukani-financial-services-pty-ltd","Update Your Business Info","EMAIL","https://www.brabys.com/za/financial-services?page=249#","BOOKMARK","More Information","",""
"https://www.brabys.com/images/logo-placeholder.webp","THUTHUKANI FINANCIAL SERVICES (PTY) LTD","https://www.brabys.com/za/gauteng/pretoria/meyers-park/financial-services/thuthukani-financial-services-pty-ltd","Meyers Park, Pretoria, Gauteng","•","Financial Services","Phone:","012 804 1443","tel:0128041443","Email:","info@tfsmail.co.za","mailto:info@tfsmail.co.za","Visit
                                        Website","http://www.thuthukani.co.za/","Update Your Business Info","EMAIL","https://www.brabys.com/za/financial-services?page=249#","BOOKMARK","More Information","",""
"https://www.brabys.com/images/logo-placeholder.webp","THUTHUKANI FINANCIAL SERVICES (PTY) LTD","https://www.brabys.com/za/eastern-cape/graaff-reinet/financial-services/thuthukani-financial-services-pty-ltd","Graaff-Reinet, Eastern Cape","•","Financial Services","Phone:","049 892 5669","tel:0498925669","Email:","tfsg@telkomsa.net","mailto:tfsg@telkomsa.net","More
                                        Information","https://www.brabys.com/za/eastern-cape/graaff-reinet/financial-services/thuthukani-financial-services-pty-ltd","Update Your Business Info","EMAIL","https://www.brabys.com/za/financial-services?page=249#","BOOKMARK","More Information","",""
"https://www.brabys.com/images/logo-placeholder.webp","THUTHUKANI FINANCIAL SERVICES (PTY) LTD","https://www.brabys.com/za/gauteng/pretoria/financial-services/thuthukani-financial-services-pty-ltd","Pretoria, Gauteng","•","Financial Services","Phone:","012 320 7637","tel:0123207637","Email:","tifspta_pretorius@tfsmail.co.za","mailto:tifspta_pretorius@tfsmail.co.za","Visit
                                        Website","http://www.thuthukani.co.za/","Update Your Business Info","EMAIL","https://www.brabys.com/za/financial-services?page=249#","BOOKMARK","More Information","",""
"https://www.brabys.com/images/logo-placeholder.webp","THUTHUKANI FINANSIELE DIENSTE (PTY) LTD","https://www.brabys.com/za/western-cape/george/george-central/financial-services/thuthukani-finansiele-dienste-pty-ltd","George Central, George, Western Cape","•","Financial Services","Phone:","044 874 7442","tel:0448747442","Email:","george@credithome.co.za","mailto:george@credithome.co.za","More
                                        Information","https://www.brabys.com/za/western-cape/george/george-central/financial-services/thuthukani-finansiele-dienste-pty-ltd","Update Your Business Info","EMAIL","https://www.brabys.com/za/financial-services?page=249#","BOOKMARK","More Information","",""
"https://www.brabys.com/images/logo-placeholder.webp","THWANE FINANCIAL SERVICES","https://www.brabys.com/za/northern-cape/hotazel/finance-companies/thwane-financial-services","Hotazel, Northern Cape","•","Finance Companies","Phone:","053 741 1388","tel:0537411388","","","","More
                                        Information","https://www.brabys.com/za/northern-cape/hotazel/finance-companies/thwane-financial-services","Update Your Business Info","EMAIL","https://www.brabys.com/za/financial-services?page=249#","BOOKMARK","More Information","",""
"https://www.brabys.com/images/logo-placeholder.webp","TINKIE JOUBERT FINANCIAL SERVICES","https://www.brabys.com/za/mpumalanga/emalahleni/die-heuwel/financial-services/tinkie-joubert-financial-services","Die Heuwel, Emalahleni, Mpumalanga","•","Financial Services","Phone:","013 690 3846","tel:0136903846","Cell:","084 511 9912","tel:0845119912","More
                                        Information","https://www.brabys.com/za/mpumalanga/emalahleni/die-heuwel/financial-services/tinkie-joubert-financial-services","Update Your Business Info","EMAIL","https://www.brabys.com/za/financial-services?page=249#","BOOKMARK","More Information","tinkie@sanlam4u.co.za","mailto:tinkie@sanlam4u.co.za"
"https://www.brabys.com/images/logo-placeholder.webp","TIP TOP FINANCE","https://www.brabys.com/za/north-west/brits/finance-companies/tip-top-finance","Brits, North West","•","Finance Companies","Phone:","012 252 0436","tel:0122520436","","","","More
                                        Information","https://www.brabys.com/za/north-west/brits/finance-companies/tip-top-finance","Update Your Business Info","EMAIL","https://www.brabys.com/za/financial-services?page=250#","BOOKMARK","More Information","",""
"https://www.brabys.com/images/logo-placeholder.webp","TIRISANO RISK ADMINISTRATORS CC","https://www.brabys.com/za/gauteng/springs/selcourt/management-services/tirisano-risk-administrators-cc","Selcourt, Springs, Gauteng","•","Management Services","Phone:","011 850 1110","tel:0118501110","Share Call Fax:","086 670 5490","tel:0866705490","Visit
                                        Website","http://www.tirisanorisk.co.za/","Update Your Business Info","EMAIL","https://www.brabys.com/za/financial-services?page=250#","BOOKMARK","More Information","mphomatika@polka.co.za","mailto:mphomatika@polka.co.za"
"https://www.brabys.com/images/logo-placeholder.webp","TITAN DEVELOPMENT CONSULTANTS","https://www.brabys.com/za/western-cape/bellville/tygerfalls/financial-services/titan-development-consultants","Tygerfalls, Bellville, Western Cape","•","Financial Services","Phone:","021 200 4000","tel:0212004000","Email:","enquiries@titandc.co.za","mailto:enquiries@titandc.co.za","Visit
                                        Website","http://www.titandc.co.za/","Update Your Business Info","EMAIL","https://www.brabys.com/za/financial-services?page=250#","BOOKMARK","More Information","",""
"https://www.brabys.com/images/logo-placeholder.webp","TITAN FINANCE","https://www.brabys.com/za/kwazulu-natal/pietermaritzburg/cash-loans/titan-finance","Pietermaritzburg, Kwazulu-Natal","•","Cash Loans","Phone:","033 345 0627","tel:0333450627","Email:","sankar@sai.co.za","mailto:sankar@sai.co.za","More
                                        Information","https://www.brabys.com/za/kwazulu-natal/pietermaritzburg/cash-loans/titan-finance","Update Your Business Info","EMAIL","https://www.brabys.com/za/financial-services?page=250#","BOOKMARK","More Information","",""
"https://www.brabys.com/images/logo-placeholder.webp","TITAN INTERNATIONAL","https://www.brabys.com/za/gauteng/roodepoort/technikon/property-management/titan-international","Technikon, Roodepoort, Gauteng","•","Property Management","Phone:","011 766 3689","tel:0117663689","Email:","info@titanplus.com","mailto:info@titanplus.com","Visit
                                        Website","http://www.titaninternational.co.za/","Update Your Business Info","EMAIL","https://www.brabys.com/za/financial-services?page=250#","BOOKMARK","More Information","",""
"https://www.brabys.com/images/logo-placeholder.webp","TITANIUM CONSULTING SERVICES","https://www.brabys.com/za/kwazulu-natal/durban/asherville/financial-consultants/titanium-consulting-services","Asherville, Durban, Kwazulu-Natal","•","Financial Consultants","Phone:","031 207 8957","tel:0312078957","Share Call Fax:","086 611 3241","tel:0866113241","More
                                        Information","https://www.brabys.com/za/kwazulu-natal/durban/asherville/financial-consultants/titanium-consulting-services","Update Your Business Info","EMAIL","https://www.brabys.com/za/financial-services?page=250#","BOOKMARK","More Information","info@titaniumcs.co.za","mailto:info@titaniumcs.co.za"
"https://www.brabys.com/images/logo-placeholder.webp","TIV INSURANCE BROKERS","https://www.brabys.com/za/western-cape/cape-town/tokai/insurance-companies-agencies/tiv-insurance-brokers","Tokai, Cape Town, Western Cape","•","Insurance Companies Agencies","Phone:","021 713 1500","tel:0217131500","Email:","tamsyn@skytiv.co.za","mailto:tamsyn@skytiv.co.za","More
                                        Information","https://www.brabys.com/za/western-cape/cape-town/tokai/insurance-companies-agencies/tiv-insurance-brokers","Update Your Business Info","EMAIL","https://www.brabys.com/za/financial-services?page=250#","BOOKMARK","More Information","",""
"https://www.brabys.com/images/logo-placeholder.webp","TKM SECRETARIES AND TAX CONSULTANTS (PTY) LTD","https://www.brabys.com/za/gauteng/johannesburg/bramley/financial-services/tkm-secretaries-and-tax-consultants-pty-ltd","Bramley, Johannesburg, Gauteng","•","Financial Services","Cell:","083 757 0775","tel:0837570775","Email:","tshepimoshapo@ymail.com","mailto:tshepimoshapo@ymail.com","More
                                        Information","https://www.brabys.com/za/gauteng/johannesburg/bramley/financial-services/tkm-secretaries-and-tax-consultants-pty-ltd","Update Your Business Info","EMAIL","https://www.brabys.com/za/financial-services?page=250#","BOOKMARK","More Information","",""
"https://www.brabys.com/images/logo-placeholder.webp","TLHOLO VICTORY FINANCIAL SERVICES","https://www.brabys.com/za/free-state/bloemfontein/financial-services/tlholo-victory-financial-services","Bloemfontein, Free State","•","Financial Services","Phone:","051 430 4263","tel:0514304263","","","","More
                                        Information","https://www.brabys.com/za/free-state/bloemfontein/financial-services/tlholo-victory-financial-services","Update Your Business Info","EMAIL","https://www.brabys.com/za/financial-services?page=250#","BOOKMARK","More Information","",""
"https://www.brabys.com/images/logo-placeholder.webp","TLHOLO VICTORY FINANCIAL SERVICES","https://www.brabys.com/za/free-state/phuthaditjhaba/financial-services/tlholo-victory-financial-services","Phuthaditjhaba, Free State","•","Financial Services","Phone:","058 713 0486","tel:0587130486","Email:","thite@telkomsa.net","mailto:thite@telkomsa.net","More
                                        Information","https://www.brabys.com/za/free-state/phuthaditjhaba/financial-services/tlholo-victory-financial-services","Update Your Business Info","EMAIL","https://www.brabys.com/za/financial-services?page=250#","BOOKMARK","More Information","",""
"https://www.brabys.com/images/logo-placeholder.webp","TONI VAN ZYL FINANCIAL SERVICES","https://www.brabys.com/za/western-cape/gordons-bay/south-end/financial-consultants/toni-van-zyl-financial-services","South End, Gordon's Bay, Western Cape","•","Financial Consultants","Phone:","021 856 2100","tel:0218562100","Email:","admin@tvzfinancialservices.co.za","mailto:admin@tvzfinancialservices.co.za","More
                                        Information","https://www.brabys.com/za/western-cape/gordons-bay/south-end/financial-consultants/toni-van-zyl-financial-services","Update Your Business Info","EMAIL","https://www.brabys.com/za/financial-services?page=251#","BOOKMARK","More Information","",""
"https://www.brabys.com/images/logo-placeholder.webp","TOP HOUSE CONSULTING","https://www.brabys.com/za/northern-cape/upington/finance-companies/top-house-consulting","Upington, Northern Cape","•","Finance Companies","Phone:","054 332 1912","tel:0543321912","Email:","hermien@tophouse.co.za","mailto:hermien@tophouse.co.za","More
                                        Information","https://www.brabys.com/za/northern-cape/upington/finance-companies/top-house-consulting","Update Your Business Info","EMAIL","https://www.brabys.com/za/financial-services?page=251#","BOOKMARK","More Information","",""
"https://www.brabys.com/images/logo-placeholder.webp","TORBIOUSE SOLUTIONS","https://www.brabys.com/za/gauteng/pretoria/silvertondale/financial-planning/torbiouse-solutions","Silvertondale, Pretoria, Gauteng","•","Financial Planning","Phone:","012 804 1504","tel:0128041504","Share Call Fax:","086 690 0468","tel:0866900468","More
                                        Information","https://www.brabys.com/za/gauteng/pretoria/silvertondale/financial-planning/torbiouse-solutions","Update Your Business Info","EMAIL","https://www.brabys.com/za/financial-services?page=251#","BOOKMARK","More Information","admin@torbiousesolutions.co.za","mailto:admin@torbiousesolutions.co.za"
"https://www.brabys.com/images/logo-placeholder.webp","TORCH LIGHT FINANCING CC","https://www.brabys.com/za/north-west/rustenburg/financial-services/torch-light-financing-cc","Rustenburg, North West","•","Financial Services","Phone:","014 592 5217","tel:0145925217","Share Call Fax:","086 510 7427","tel:0865107427","More
                                        Information","https://www.brabys.com/za/north-west/rustenburg/financial-services/torch-light-financing-cc","Update Your Business Info","EMAIL","https://www.brabys.com/za/financial-services?page=251#","BOOKMARK","More Information","",""
"https://www.brabys.com/images/logo-placeholder.webp","TORTOSA TRADING ENTERPRISES (PTY) LTD","https://www.brabys.com/za/gauteng/meyerton/financial-services/tortosa-trading-enterprises-pty-ltd","Meyerton, Gauteng","•","Financial Services","Phone:","016 362 0407","tel:0163620407","Email:","vanessaleroux@rocketmail.com","mailto:vanessaleroux@rocketmail.com","More
                                        Information","https://www.brabys.com/za/gauteng/meyerton/financial-services/tortosa-trading-enterprises-pty-ltd","Update Your Business Info","EMAIL","https://www.brabys.com/za/financial-services?page=251#","BOOKMARK","More Information","",""
"https://www.brabys.com/images/logo-placeholder.webp","TOTI TAXI'S","https://www.brabys.com/za/kwazulu-natal/amanzimtoti/metered-taxis/toti-taxis","Amanzimtoti, Kwazulu-Natal","•","Metered Taxis","Cell:","082 880 1329","tel:0828801329","","","","More
                                        Information","https://www.brabys.com/za/kwazulu-natal/amanzimtoti/metered-taxis/toti-taxis","Update Your Business Info","EMAIL","https://www.brabys.com/za/financial-services?page=251#","BOOKMARK","More Information","",""
"https://www.brabys.com/images/logo-placeholder.webp","TOWER FOREIGN EXCHANGE","https://www.brabys.com/za/north-west/rustenburg/cashan/financial-services/tower-foreign-exchange","Cashan, Rustenburg, North West","•","Financial Services","Phone:","014 537 3732","tel:0145373732","","","","More
                                        Information","https://www.brabys.com/za/north-west/rustenburg/cashan/financial-services/tower-foreign-exchange","Update Your Business Info","EMAIL","https://www.brabys.com/za/financial-services?page=251#","BOOKMARK","More Information","",""
"https://www.brabys.com/images/logo-placeholder.webp","TOWER INVESTMENTS","https://www.brabys.com/za/kwazulu-natal/umhlanga/la-lucia/financial-services/tower-investments","La Lucia, Umhlanga, Kwazulu-Natal","•","Financial Services","Phone:","031 566 1636","tel:0315661636","","","","More
                                        Information","https://www.brabys.com/za/kwazulu-natal/umhlanga/la-lucia/financial-services/tower-investments","Update Your Business Info","EMAIL","https://www.brabys.com/za/financial-services?page=251#","BOOKMARK","More Information","",""
"https://www.brabys.com/images/logo-placeholder.webp","TRACER INVESTMENTS","https://www.brabys.com/za/eastern-cape/port-elizabeth/sherwood/financial-management-services/tracer-investments","Sherwood, Port Elizabeth, Eastern Cape","•","Financial Management Services","Phone:","041 379 5035","tel:0413795035","","","","More
                                        Information","https://www.brabys.com/za/eastern-cape/port-elizabeth/sherwood/financial-management-services/tracer-investments","Update Your Business Info","EMAIL","https://www.brabys.com/za/financial-services?page=251#","BOOKMARK","More Information","",""
"https://www.brabys.com/images/logo-placeholder.webp","TRACEY DEVONPORT FINANCIAL CC","https://www.brabys.com/za/gauteng/sandton/linksfield/financial-services/tracey-devonport-financial-cc","Linksfield, Sandton, Gauteng","•","Financial Services","Phone:","011 485 1498","tel:0114851498","Email:","tracey@devonport.co.za","mailto:tracey@devonport.co.za","Visit
                                        Website","http://www.devonport.co.za/","Update Your Business Info","EMAIL","https://www.brabys.com/za/financial-services?page=251#","BOOKMARK","More Information","",""
"https://www.brabys.com/images/logo-placeholder.webp","TRACTEC","https://www.brabys.com/za/eastern-cape/port-elizabeth/mill-park/asset-management/tractec","Mill Park, Port Elizabeth, Eastern Cape","•","Asset Management","Phone:","041 374 1128","tel:0413741128","Email:","mike@tractec.co.za","mailto:mike@tractec.co.za","More
                                        Information","https://www.brabys.com/za/eastern-cape/port-elizabeth/mill-park/asset-management/tractec","Update Your Business Info","EMAIL","https://www.brabys.com/za/financial-services?page=252#","BOOKMARK","More Information","",""
"https://www.brabys.com/images/logo-placeholder.webp","TRADE KNOWLEDGE","https://www.brabys.com/za/gauteng/sandton/finance/trade-knowledge","Sandton, Gauteng","•","Finance","Phone:","011 384 2920","tel:0113842920","Email:","tradeknowledge@vunaniprivateclient.co.za","mailto:tradeknowledge@vunaniprivateclient.co.za","Visit
                                        Website","http://www.tradeknowledge.co.za/","Update Your Business Info","EMAIL","https://www.brabys.com/za/financial-services?page=252#","BOOKMARK","More Information","",""
"https://www.brabys.com/images/logo-placeholder.webp","TRADESURE","https://www.brabys.com/za/gauteng/sandton/petervale/financial-services/tradesure","Petervale, Sandton, Gauteng","•","Financial Services","Share Call Fax:","086 111 2798","tel:0861112798","VOIP:","087 353 2577","tel:0873532577","More
                                        Information","https://www.brabys.com/za/gauteng/sandton/petervale/financial-services/tradesure","Update Your Business Info","EMAIL","https://www.brabys.com/za/financial-services?page=252#","BOOKMARK","More Information","davidl@tradesure.co.za","mailto:davidl@tradesure.co.za"
"https://www.brabys.com/images/logo-placeholder.webp","TRADING & FINANCIAL SERVICES (PTY) LTD","https://www.brabys.com/za/gauteng/midrand/beaulieu/financial-services/trading-financial-services-pty-ltd","Beaulieu, Midrand, Gauteng","•","Financial Services","Phone:","011 468 2725","tel:0114682725","","","","More
                                        Information","https://www.brabys.com/za/gauteng/midrand/beaulieu/financial-services/trading-financial-services-pty-ltd","Update Your Business Info","EMAIL","https://www.brabys.com/za/financial-services?page=252#","BOOKMARK","More Information","",""
"https://www.brabys.com/images/logo-placeholder.webp","TRAFALGAR PRETORIA","https://www.brabys.com/za/gauteng/pretoria/arcadia/financial-services/trafalgar-pretoria","Arcadia, Pretoria, Gauteng","•","Financial Services","Phone:","012 326 5963","tel:0123265963","Share Call Fax:","086 242 8076","tel:0862428076","Visit
                                        Website","http://www.trafalgar.co.za/","Update Your Business Info","EMAIL","https://www.brabys.com/za/financial-services?page=252#","BOOKMARK","More Information","086 682 2828","tel:0866822828"
"https://www.brabys.com/images/logo-placeholder.webp","TRAFALGAR PROPERTY AND FINANCIAL SERVICE","https://www.brabys.com/za/gauteng/sandton/birdhaven/property-management/trafalgar-property-and-financial-service","Birdhaven, Sandton, Gauteng","•","Property Management","Phone:","011 214 5200","tel:0112145200","Email:","marlenek@trafalgar.co.za","mailto:marlenek@trafalgar.co.za","More
                                        Information","https://www.brabys.com/za/gauteng/sandton/birdhaven/property-management/trafalgar-property-and-financial-service","Update Your Business Info","EMAIL","https://www.brabys.com/za/financial-services?page=252#","BOOKMARK","More Information","",""
"https://www.brabys.com/images/logo-placeholder.webp","TRANSACTION CAPITAL (PTY) LTD","https://www.brabys.com/za/gauteng/sandton/sandown/financial-services/transaction-capital-pty-ltd","Sandown, Sandton, Gauteng","•","Financial Services","Phone:","011 531 5485","tel:0115315485","","","","Visit
                                        Website","http://www.transactioncapital.co.za/","Update Your Business Info","EMAIL","https://www.brabys.com/za/financial-services?page=252#","BOOKMARK","More Information","",""
"https://www.brabys.com/images/logo-placeholder.webp","TRANSCEND CAPITAL","https://www.brabys.com/za/gauteng/johannesburg/melrose-arch/bee-strategy-consulting/transcend-capital","Melrose Arch, Johannesburg, Gauteng","•","BEE Strategy Consulting","Phone:","011 442 2433","tel:0114422433","Cell:","083 324 3548","tel:0833243548","Visit
                                        Website","http://www.transcendcapital.co.za/","Update Your Business Info","EMAIL","https://www.brabys.com/za/financial-services?page=252#","BOOKMARK","More Information","",""
"https://www.brabys.com/images/logo-placeholder.webp","TRANSPORT MAINTENANCE SERVICE","https://www.brabys.com/za/northern-cape/kimberley/squarehill-park/vehicle-repairs-services/transport-maintenance-service","Squarehill Park, Kimberley, Northern Cape","•","Vehicle Repairs & Services","Phone:","053 832 0048","tel:0538320048","Cell:","073 308 9568","tel:0733089568","More
                                        Information","https://www.brabys.com/za/northern-cape/kimberley/squarehill-park/vehicle-repairs-services/transport-maintenance-service","Update Your Business Info","EMAIL","https://www.brabys.com/za/financial-services?page=252#","BOOKMARK","More Information","",""
"https://www.brabys.com/images/logo-placeholder.webp","TRANSVAAL VC","https://www.brabys.com/za/gauteng/johannesburg/melville/financial-services/transvaal-vc","Melville, Johannesburg, Gauteng","•","Financial Services","Cell:","083 250 6773","tel:0832506773","Email:","tshego@transvaal.vc","mailto:tshego@transvaal.vc","Visit
                                        Website","http://www.transvaal.vc/","Update Your Business Info","EMAIL","https://www.brabys.com/za/financial-services?page=252#","BOOKMARK","More Information","",""
"https://www.brabys.com/images/logo-placeholder.webp","TREASURY HOUSE FINANCE","https://www.brabys.com/za/kwazulu-natal/pietermaritzburg/financial-advisors/treasury-house-finance","Pietermaritzburg, Kwazulu-Natal","•","Financial Advisors","Phone:","033 342 0457","tel:0333420457","Email:","treasuryhousepmb@telkomsa.net","mailto:treasuryhousepmb@telkomsa.net","More
                                        Information","https://www.brabys.com/za/kwazulu-natal/pietermaritzburg/financial-advisors/treasury-house-finance","Update Your Business Info","EMAIL","https://www.brabys.com/za/financial-services?page=253#","BOOKMARK","More Information","",""
"https://www.brabys.com/images/logo-placeholder.webp","TREVETHAN FINANCIAL SERVICES","https://www.brabys.com/za/kwazulu-natal/kloof/financial-services/trevethan-financial-services","Kloof, Kwazulu-Natal","•","Financial Services","Phone:","031 767 8000","tel:0317678000","","","","Visit
                                        Website","http://www.trevethanfinancialservices.co.za/","Update Your Business Info","EMAIL","https://www.brabys.com/za/financial-services?page=253#","BOOKMARK","More Information","",""
"https://www.brabys.com/images/logo-placeholder.webp","TRI HEAD FINANCIAL SERVICES","https://www.brabys.com/za/gauteng/johannesburg/northcliff/financial-services/tri-head-financial-services","Northcliff, Johannesburg, Gauteng","•","Financial Services","Phone:","011 794 8166","tel:0117948166","","","","Visit
                                        Website","http://www.trihead.co.za/","Update Your Business Info","EMAIL","https://www.brabys.com/za/financial-services?page=253#","BOOKMARK","More Information","",""
"https://www.brabys.com/images/logo-placeholder.webp","TRIDENT DIGITAL ENTERPRISES","https://www.brabys.com/za/gauteng/pretoria/lynnwood-ridge/finance/trident-digital-enterprises","Lynnwood Ridge, Pretoria, Gauteng","•","Finance","Cell:","081 436 2119","tel:0814362119","Email:","support@tridentdigitalenterprises.com","mailto:support@tridentdigitalenterprises.com","Visit
                                        Website","http://www.tridentdigitalenterprises.com/","Update Your Business Info","EMAIL","https://www.brabys.com/za/financial-services?page=253#","BOOKMARK","More Information","",""
"https://www.brabys.com/images/logo-placeholder.webp","TRIFIN FINANCIAL SERVICES","https://www.brabys.com/za/kwazulu-natal/kloof/finance-companies/trifin-financial-services","Kloof, Kwazulu-Natal","•","Finance Companies","Phone:","031 764 2913","tel:0317642913","Email:","trifinservs@mweb.co.za","mailto:trifinservs@mweb.co.za","More
                                        Information","https://www.brabys.com/za/kwazulu-natal/kloof/finance-companies/trifin-financial-services","Update Your Business Info","EMAIL","https://www.brabys.com/za/financial-services?page=253#","BOOKMARK","More Information","",""
"https://www.brabys.com/images/logo-placeholder.webp","TRINITAS FINANCIAL SERVICE","https://www.brabys.com/za/kwazulu-natal/hillcrest/crestview/financial-planning/trinitas-financial-service","Crestview, Hillcrest, Kwazulu-Natal","•","Financial Planning","Phone:","031 776 4023","tel:0317764023","Cell:","083 236 9572","tel:0832369572","More
                                        Information","https://www.brabys.com/za/kwazulu-natal/hillcrest/crestview/financial-planning/trinitas-financial-service","Update Your Business Info","EMAIL","https://www.brabys.com/za/financial-services?page=253#","BOOKMARK","More Information","086 513 8536","tel:0865138536"
"https://www.brabys.com/images/logo-placeholder.webp","TRIX LOOCK FINANCIAL SERVICE","https://www.brabys.com/za/gauteng/pretoria/wonderboom-south/financial-services/trix-loock-financial-service","Wonderboom South, Pretoria, Gauteng","•","Financial Services","Phone:","012 335 2479","tel:0123352479","","","","More
                                        Information","https://www.brabys.com/za/gauteng/pretoria/wonderboom-south/financial-services/trix-loock-financial-service","Update Your Business Info","EMAIL","https://www.brabys.com/za/financial-services?page=253#","BOOKMARK","More Information","",""
"https://www.brabys.com/images/logo-placeholder.webp","TRUFFLE ASSET MANAGEMENT","https://www.brabys.com/za/gauteng/sandton/hyde-park/asset-management/truffle-asset-management","Hyde Park, Sandton, Gauteng","•","Asset Management","Phone:","011 325 0030","tel:0113250030","Email:","info@truffle.co.za","mailto:info@truffle.co.za","Visit
                                        Website","http://www.truffle.co.za/","Update Your Business Info","EMAIL","https://www.brabys.com/za/financial-services?page=253#","BOOKMARK","More Information","",""
"https://www.brabys.com/images/logo-placeholder.webp","TRULOGIC PROFESSIONAL FINANCIAL SERVICES","https://www.brabys.com/za/western-cape/somerset-west/erinvale-golf-estate/finance-companies/trulogic-professional-financial-services","Erinvale Golf Estate, Somerset West, Western Cape","•","Finance Companies","Phone:","021 852 6740","tel:0218526740","Share Call Fax:","086 568 3065","tel:0865683065","Visit
                                        Website","http://www.trulogic.co.za/","Update Your Business Info","EMAIL","https://www.brabys.com/za/financial-services?page=253#","BOOKMARK","More Information","salessupport@trulogic.co.za","mailto:salessupport@trulogic.co.za"
"https://www.brabys.com/resize/logos/m/5906096/trustco.gif","TRUSTCO FINANCIAL SERVICES (PTY) LTD","https://www.brabys.com/za/gauteng/johannesburg/houghton-estate/financial-services/trustco-financial-services-pty-ltd","Houghton Estate, Johannesburg, Gauteng","•","Financial Services","Phone:","011 644 6622","tel:0116446622","Email:","marketing@trustcofs.com","mailto:marketing@trustcofs.com","Visit
                                        Website","http://www.trustcofs.com/","Update Your Business Info","EMAIL","https://www.brabys.com/za/financial-services?page=253#","BOOKMARK","More Information","",""
"https://www.brabys.com/images/logo-placeholder.webp","TSELETE FINANCE","https://www.brabys.com/za/mpumalanga/middelburg-m/middelburg/finance-companies/tselete-finance","Middelburg, Middelburg (M), Mpumalanga","•","Finance Companies","Phone:","013 243 3709","tel:0132433709","","","","More
                                        Information","https://www.brabys.com/za/mpumalanga/middelburg-m/middelburg/finance-companies/tselete-finance","Update Your Business Info","EMAIL","https://www.brabys.com/za/financial-services?page=254#","BOOKMARK","More Information","",""
"https://www.brabys.com/images/logo-placeholder.webp","TSHELETE THUSO","https://www.brabys.com/za/gauteng/hammanskraal/financial-services/tshelete-thuso","Hammanskraal, Gauteng","•","Financial Services","Phone:","012 727 1242","tel:0127271242","Email:","tshelete@mweb.co.za","mailto:tshelete@mweb.co.za","More
                                        Information","https://www.brabys.com/za/gauteng/hammanskraal/financial-services/tshelete-thuso","Update Your Business Info","EMAIL","https://www.brabys.com/za/financial-services?page=254#","BOOKMARK","More Information","",""
"https://www.brabys.com/images/logo-placeholder.webp","TUBA FINANCIAL SERVICES","https://www.brabys.com/za/north-west/klerksdorp/new-town/finance-companies/tuba-financial-services","New Town, Klerksdorp, North West","•","Finance Companies","Phone:","018 464 3257","tel:0184643257","Cell:","082 822 4361","tel:0828224361","More
                                        Information","https://www.brabys.com/za/north-west/klerksdorp/new-town/finance-companies/tuba-financial-services","Update Your Business Info","EMAIL","https://www.brabys.com/za/financial-services?page=254#","BOOKMARK","More Information","tuba@digiworld.co.za","mailto:tuba@digiworld.co.za"
"https://www.brabys.com/images/logo-placeholder.webp","TUGELA FINANCIAL SERVICES","https://www.brabys.com/za/gauteng/pretoria/silver-lakes/financial-services/tugela-financial-services","Silver Lakes, Pretoria, Gauteng","•","Financial Services","Phone:","012 880 1560","tel:0128801560","Email:","admin@tugelafin.co.za","mailto:admin@tugelafin.co.za","Visit
                                        Website","http://www.tugelafin.co.za/","Update Your Business Info","EMAIL","https://www.brabys.com/za/financial-services?page=254#","BOOKMARK","More Information","",""
"https://www.brabys.com/images/logo-placeholder.webp","TUHF (PTY) LTD","https://www.brabys.com/za/kwazulu-natal/durban/central/property-finance/tuhf-pty-ltd","Central, Durban, Kwazulu-Natal","•","Property Finance","Phone:","031 306 5036","tel:0313065036","Email:","info@tuhf.co.za","mailto:info@tuhf.co.za","Visit
                                        Website","http://www.tuhf.co.za/","Update Your Business Info","EMAIL","https://www.brabys.com/za/financial-services?page=254#","BOOKMARK","More Information","",""
"https://www.brabys.com/images/logo-placeholder.webp","TULLIS & ASSOCIATES","https://www.brabys.com/za/mpumalanga/emalahleni/benfleur/financial-consultants/tullis-associates","Benfleur, Emalahleni, Mpumalanga","•","Financial Consultants","Phone:","013 690 1600","tel:0136901600","Email:","tulliswt@iafrica.com","mailto:tulliswt@iafrica.com","Visit
                                        Website","http://www.tullisassociates.co.za/","Update Your Business Info","EMAIL","https://www.brabys.com/za/financial-services?page=254#","BOOKMARK","More Information","",""
"https://www.brabys.com/images/logo-placeholder.webp","TURBO FINANCE","https://www.brabys.com/za/kwazulu-natal/matatiele/finance-companies/turbo-finance","Matatiele, Kwazulu-Natal","•","Finance Companies","Phone:","039 737 4445","tel:0397374445","","","","More
                                        Information","https://www.brabys.com/za/kwazulu-natal/matatiele/finance-companies/turbo-finance","Update Your Business Info","EMAIL","https://www.brabys.com/za/financial-services?page=254#","BOOKMARK","More Information","",""
"https://www.brabys.com/images/logo-placeholder.webp","TWIN OAKS INVESTMENT MANAGEMENTS","https://www.brabys.com/za/western-cape/cape-town/kenilworth/financial-advisors-consultants/twin-oaks-investment-managements","Kenilworth, Cape Town, Western Cape","•","Financial Advisors Consultants","Phone:","021 671 2790","tel:0216712790","Email:","mbutler@twinoaksim.co.za","mailto:mbutler@twinoaksim.co.za","More
                                        Information","https://www.brabys.com/za/western-cape/cape-town/kenilworth/financial-advisors-consultants/twin-oaks-investment-managements","Update Your Business Info","EMAIL","https://www.brabys.com/za/financial-services?page=254#","BOOKMARK","More Information","",""
"https://www.brabys.com/images/logo-placeholder.webp","TWO MOUNTAINS","https://www.brabys.com/za/limpopo/giyani/financial-services/two-mountains","Giyani, Limpopo","•","Financial Services","Phone:","015 812 0347","tel:0158120347","Email:","twomountains@xsinet.co.za","mailto:twomountains@xsinet.co.za","Visit
                                        Website","http://www.twomountains.co.za/","Update Your Business Info","EMAIL","https://www.brabys.com/za/financial-services?page=254#","BOOKMARK","More Information","",""
"https://www.brabys.com/images/logo-placeholder.webp","TWO MOUNTAINS","https://www.brabys.com/za/limpopo/thulamahashe/funeral-services/two-mountains","Thulamahashe, Limpopo","•","Funeral Services","Phone:","013 773 0149","tel:0137730149","Email:","info@twomountains.co.za","mailto:info@twomountains.co.za","Visit
                                        Website","http://www.twomountains.co.za/","Update Your Business Info","EMAIL","https://www.brabys.com/za/financial-services?page=254#","BOOKMARK","More Information","",""
"https://www.brabys.com/images/logo-placeholder.webp","TWO MOUNTAINS","https://www.brabys.com/za/limpopo/tzaneen/medipark/funeral-services/two-mountains","Medipark, Tzaneen, Limpopo","•","Funeral Services","Phone:","015 307 1625","tel:0153071625","Cell:","015 307 2625","tel:0153072625","More
                                        Information","https://www.brabys.com/za/limpopo/tzaneen/medipark/funeral-services/two-mountains","Update Your Business Info","EMAIL","https://www.brabys.com/za/financial-services?page=255#","BOOKMARK","More Information","072 748 2804","tel:0727482804"
"https://www.brabys.com/images/logo-placeholder.webp","TYPHON NATIONAL FINANCE CC","https://www.brabys.com/za/kwazulu-natal/durban/central/financial-services/typhon-national-finance-cc","Central, Durban, Kwazulu-Natal","•","Financial Services","Phone:","031 305 4670","tel:0313054670","Share Call Fax:","086 671 9310","tel:0866719310","More
                                        Information","https://www.brabys.com/za/kwazulu-natal/durban/central/financial-services/typhon-national-finance-cc","Update Your Business Info","EMAIL","https://www.brabys.com/za/financial-services?page=255#","BOOKMARK","More Information","natfin@gmail.com","mailto:natfin@gmail.com"
"https://www.brabys.com/images/logo-placeholder.webp","U CABS","https://www.brabys.com/za/kwazulu-natal/umhlanga/taxi-services/u-cabs","Umhlanga, Kwazulu-Natal","•","Taxi Services","Cell:","082 454 1577","tel:0824541577","Email:","info@ucabs.co.za","mailto:info@ucabs.co.za","More
                                        Information","https://www.brabys.com/za/kwazulu-natal/umhlanga/taxi-services/u-cabs","Update Your Business Info","EMAIL","https://www.brabys.com/za/financial-services?page=255#","BOOKMARK","More Information","",""
"https://www.brabys.com/images/logo-placeholder.webp","U S A FINANCE","https://www.brabys.com/za/mpumalanga/standerton/finance-companies/u-s-a-finance","Standerton, Mpumalanga","•","Finance Companies","Phone:","017 712 2442","tel:0177122442","","","","More
                                        Information","https://www.brabys.com/za/mpumalanga/standerton/finance-companies/u-s-a-finance","Update Your Business Info","EMAIL","https://www.brabys.com/za/financial-services?page=255#","BOOKMARK","More Information","",""
"https://www.brabys.com/images/logo-placeholder.webp","UBUSHA TECHNOLOGIES","https://www.brabys.com/za/gauteng/randburg/randpark-ridge/asset-management/ubusha-technologies","Randpark Ridge, Randburg, Gauteng","•","Asset Management","Phone:","011 287 2100","tel:0112872100","Email:","info@ubusha.co.za","mailto:info@ubusha.co.za","Visit
                                        Website","http://www.ubusha.co.za/","Update Your Business Info","EMAIL","https://www.brabys.com/za/financial-services?page=255#","BOOKMARK","More Information","",""
"https://www.brabys.com/images/logo-placeholder.webp","UDIPA HOLDINGS (PTY) LTD","https://www.brabys.com/za/eastern-cape/uitenhage/uitenhage-central/managed-health-care/udipa-holdings-pty-ltd","Uitenhage Central, Uitenhage, Eastern Cape","•","Managed Health Care","Phone:","041 991 0455","tel:0419910455","Email:","041 922 7441","tel:0419227441","Visit
                                        Website","http://www.udipa.co.za/","Update Your Business Info","EMAIL","https://www.brabys.com/za/financial-services?page=255#","BOOKMARK","More Information","041 922 6226","tel:0419226226"
"https://www.brabys.com/images/logo-placeholder.webp","ULTIMA FINANCIAL PLANNERS (PTY) LTD","https://www.brabys.com/za/gauteng/pretoria/lynnwood-glen/financial-consultants/ultima-financial-planners-pty-ltd","Lynnwood Glen, Pretoria, Gauteng","•","Financial Consultants","Phone:","012 348 1386","tel:0123481386","Email:","info@ultimafp.co.za","mailto:info@ultimafp.co.za","Visit
                                        Website","http://www.ultimafp.co.za/","Update Your Business Info","EMAIL","https://www.brabys.com/za/financial-services?page=255#","BOOKMARK","More Information","",""
"https://www.brabys.com/images/logo-placeholder.webp","ULTRA TAX","https://www.brabys.com/za/gauteng/bedfordview/finance-companies/ultra-tax","Bedfordview, Gauteng","•","Finance Companies","Phone:","011 455 2015","tel:0114552015","Email:","ultrabrokers@worldonline.co.za","mailto:ultrabrokers@worldonline.co.za","More
                                        Information","https://www.brabys.com/za/gauteng/bedfordview/finance-companies/ultra-tax","Update Your Business Info","EMAIL","https://www.brabys.com/za/financial-services?page=255#","BOOKMARK","More Information","",""
"https://www.brabys.com/images/logo-placeholder.webp","UMHLANGA COASTAL CABS","https://www.brabys.com/za/kwazulu-natal/umhlanga/umhlanga-ridge/taxi-services/umhlanga-coastal-cabs","Umhlanga Ridge, Umhlanga, Kwazulu-Natal","•","Taxi Services","Cell:","083 585 6707","tel:0835856707","Email:","072 691 6006","tel:0726916006","Visit
                                        Website","http://www.umhlangacoastalcabs.com/","Update Your Business Info","EMAIL","https://www.brabys.com/za/financial-services?page=255#","BOOKMARK","More Information","dinesh@umhlangacoastalcabs.com","mailto:dinesh@umhlangacoastalcabs.com"
"https://www.brabys.com/images/logo-placeholder.webp","UMHLANGA EXPRESS TAXIS","https://www.brabys.com/za/kwazulu-natal/umhlanga/umhlanga-rocks/metered-taxis/umhlanga-express-taxis","Umhlanga Rocks, Umhlanga, Kwazulu-Natal","•","Metered Taxis","Cell:","083 555 5324","tel:0835555324","","","","More
                                        Information","https://www.brabys.com/za/kwazulu-natal/umhlanga/umhlanga-rocks/metered-taxis/umhlanga-express-taxis","Update Your Business Info","EMAIL","https://www.brabys.com/za/financial-services?page=255#","BOOKMARK","More Information","",""
"https://www.brabys.com/resize/logos/m/5974024/umhlangalogo.jpg","UMHLANGA TOURS & TAXIS CC","https://www.brabys.com/za/kwazulu-natal/umhlanga/westridge/taxi-services/umhlanga-tours-taxis-cc","Westridge, Umhlanga, Kwazulu-Natal","•","Taxi Services","Cell:","078 210 4371","tel:0782104371","","","","Visit
                                        Website","http://www.umhlangatourstaxis.co.za/","Update Your Business Info","EMAIL","https://www.brabys.com/za/financial-services?page=256#","BOOKMARK","More Information","",""
"https://www.brabys.com/images/logo-placeholder.webp","UMSIZI FINANCIAL SERVICES","https://www.brabys.com/za/gauteng/kempton-park/financial-services/umsizi-financial-services","Kempton Park, Gauteng","•","Financial Services","Phone:","011 975 6161","tel:0119756161","","011 975 2791","tel:0119752791","More
                                        Information","https://www.brabys.com/za/gauteng/kempton-park/financial-services/umsizi-financial-services","Update Your Business Info","EMAIL","https://www.brabys.com/za/financial-services?page=256#","BOOKMARK","More Information","",""
"https://www.brabys.com/images/logo-placeholder.webp","UNCED SERVICE TAXI ASSOCIATION","https://www.brabys.com/za/eastern-cape/uitenhage/cannon-hill/taxi-services/unced-service-taxi-association","Cannon Hill, Uitenhage, Eastern Cape","•","Taxi Services","Phone:","041 922 5873","tel:0419225873","","","","More
                                        Information","https://www.brabys.com/za/eastern-cape/uitenhage/cannon-hill/taxi-services/unced-service-taxi-association","Update Your Business Info","EMAIL","https://www.brabys.com/za/financial-services?page=256#","BOOKMARK","More Information","",""
"https://www.brabys.com/images/logo-placeholder.webp","UNCEDO 2 CASH LOANS","https://www.brabys.com/za/eastern-cape/uitenhage/cannon-hill/finance-companies/uncedo-2-cash-loans","Cannon Hill, Uitenhage, Eastern Cape","•","Finance Companies","Phone:","041 922 9646","tel:0419229646","Email:","uncedo@compuscan.co.za","mailto:uncedo@compuscan.co.za","More
                                        Information","https://www.brabys.com/za/eastern-cape/uitenhage/cannon-hill/finance-companies/uncedo-2-cash-loans","Update Your Business Info","EMAIL","https://www.brabys.com/za/financial-services?page=256#","BOOKMARK","More Information","",""
"https://www.brabys.com/images/logo-placeholder.webp","UNCEDO SERVICE TAXI ASSOCIATION","https://www.brabys.com/za/eastern-cape/port-alfred/nemato/taxi-services/uncedo-service-taxi-association","Nemato, Port Alfred, Eastern Cape","•","Taxi Services","Phone:","046 624 5253","tel:0466245253","","","","More
                                        Information","https://www.brabys.com/za/eastern-cape/port-alfred/nemato/taxi-services/uncedo-service-taxi-association","Update Your Business Info","EMAIL","https://www.brabys.com/za/financial-services?page=256#","BOOKMARK","More Information","",""
"https://www.brabys.com/images/logo-placeholder.webp","UNCEDO SERVICE TAXI ASSOCIATION","https://www.brabys.com/za/eastern-cape/makhanda/fingo-village/taxi-services/uncedo-service-taxi-association","Fingo Village, Makhanda, Eastern Cape","•","Taxi Services","Phone:","046 622 2852","tel:0466222852","","","","More
                                        Information","https://www.brabys.com/za/eastern-cape/makhanda/fingo-village/taxi-services/uncedo-service-taxi-association","Update Your Business Info","EMAIL","https://www.brabys.com/za/financial-services?page=256#","BOOKMARK","More Information","",""
"https://www.brabys.com/images/logo-placeholder.webp","UNCLE CHARLIE'S TAXI","https://www.brabys.com/za/eastern-cape/uitenhage/mountain-view/taxi-services/uncle-charlies-taxi","Mountain View, Uitenhage, Eastern Cape","•","Taxi Services","Phone:","041 988 3846","tel:0419883846","","","","More
                                        Information","https://www.brabys.com/za/eastern-cape/uitenhage/mountain-view/taxi-services/uncle-charlies-taxi","Update Your Business Info","EMAIL","https://www.brabys.com/za/financial-services?page=256#","BOOKMARK","More Information","",""
"https://www.brabys.com/images/logo-placeholder.webp","UNI-FIN","https://www.brabys.com/za/kwazulu-natal/port-shepstone/financial-consultants/uni-fin","Port Shepstone, Kwazulu-Natal","•","Financial Consultants","Phone:","039 682 0307","tel:0396820307","Share Call Fax:","086 642 6417","tel:0866426417","More
                                        Information","https://www.brabys.com/za/kwazulu-natal/port-shepstone/financial-consultants/uni-fin","Update Your Business Info","EMAIL","https://www.brabys.com/za/financial-services?page=256#","BOOKMARK","More Information","portshepstone@unifin.co.za","mailto:portshepstone@unifin.co.za"
"https://www.brabys.com/images/logo-placeholder.webp","UNIBRO (PTY) LTD","https://www.brabys.com/za/north-west/klerksdorp/adamayview/financial-services/unibro-pty-ltd","Adamayview, Klerksdorp, North West","•","Financial Services","Phone:","018 468 4498","tel:0184684498","Email:","018 468 7283","tel:0184687283","Visit
                                        Website","http://www.unibro.co.za/","Update Your Business Info","EMAIL","https://www.brabys.com/za/financial-services?page=256#","BOOKMARK","More Information","george.foley@unibrofin.co.za","mailto:george.foley@unibrofin.co.za"
"https://www.brabys.com/images/logo-placeholder.webp","UNIFIN FINANCE","https://www.brabys.com/za/kwazulu-natal/margate/financial-services/unifin-finance","Margate, Kwazulu-Natal","•","Financial Services","Phone:","039 312 2241","tel:0393122241","Cell:","086 731 7449","tel:0867317449","Visit
                                        Website","http://www.unifin.co.za/","Update Your Business Info","EMAIL","https://www.brabys.com/za/financial-services?page=256#","BOOKMARK","More Information","margate@unifin.co.za","mailto:margate@unifin.co.za"
"https://www.brabys.com/images/logo-placeholder.webp","UNIFIN FINANCE","https://www.brabys.com/za/kwazulu-natal/hillcrest/hillcrest-park/financial-services/unifin-finance","Hillcrest Park, Hillcrest, Kwazulu-Natal","•","Financial Services","Phone:","031 765 4073","tel:0317654073","Share Call Fax:","086 640 5570","tel:0866405570","More
                                        Information","https://www.brabys.com/za/kwazulu-natal/hillcrest/hillcrest-park/financial-services/unifin-finance","Update Your Business Info","EMAIL","https://www.brabys.com/za/financial-services?page=257#","BOOKMARK","More Information","hillcrest@unifin.co.za","mailto:hillcrest@unifin.co.za"
"https://www.brabys.com/images/logo-placeholder.webp","UNITED DISTANCE TAXI SERVICES","https://www.brabys.com/za/mpumalanga/emalahleni/taxi-services/united-distance-taxi-services","Emalahleni, Mpumalanga","•","Taxi Services","Phone:","013 656 2733","tel:0136562733","Email:","emalahleni@gmail.com","mailto:emalahleni@gmail.com","More
                                        Information","https://www.brabys.com/za/mpumalanga/emalahleni/taxi-services/united-distance-taxi-services","Update Your Business Info","EMAIL","https://www.brabys.com/za/financial-services?page=257#","BOOKMARK","More Information","",""
"https://www.brabys.com/images/logo-placeholder.webp","URBAN-ECON","https://www.brabys.com/za/gauteng/pretoria/hatfield/economic-consultants/urban-econ","Hatfield, Pretoria, Gauteng","•","Economic Consultants","Phone:","012 342 8686","tel:0123428686","Email:","pta@urban-econ.com","mailto:pta@urban-econ.com","More
                                        Information","https://www.brabys.com/za/gauteng/pretoria/hatfield/economic-consultants/urban-econ","Update Your Business Info","EMAIL","https://www.brabys.com/za/financial-services?page=257#","BOOKMARK","More Information","",""
"https://www.brabys.com/images/logo-placeholder.webp","UVIMBA FINANCE LIMITED (ECRFC)","https://www.brabys.com/za/eastern-cape/king-williams-town/finance-companies/uvimba-finance-limited-ecrfc","King William's Town, Eastern Cape","•","Finance Companies","Phone:","043 642 5821","tel:0436425821","Email:","043 642 5822","tel:0436425822","Visit
                                        Website","http://www.uvimba.co.za/","Update Your Business Info","EMAIL","https://www.brabys.com/za/financial-services?page=257#","BOOKMARK","More Information","043 642 5823","tel:0436425823"
"https://www.brabys.com/images/logo-placeholder.webp","UVIMBA FINANCE VULITHUBA DEVELOPMENT","https://www.brabys.com/za/eastern-cape/makhanda/oatlands/finance-companies/uvimba-finance-vulithuba-development","Oatlands, Makhanda, Eastern Cape","•","Finance Companies","Phone:","046 622 4979","tel:0466224979","","","","More
                                        Information","https://www.brabys.com/za/eastern-cape/makhanda/oatlands/finance-companies/uvimba-finance-vulithuba-development","Update Your Business Info","EMAIL","https://www.brabys.com/za/financial-services?page=257#","BOOKMARK","More Information","",""
"https://www.brabys.com/images/logo-placeholder.webp","UVIMBA FINANCE VULITHUBA DEVELOPMENT","https://www.brabys.com/za/eastern-cape/engcobo/finance-companies/uvimba-finance-vulithuba-development","Engcobo, Eastern Cape","•","Finance Companies","Phone:","047 548 1020","tel:0475481020","","","","More
                                        Information","https://www.brabys.com/za/eastern-cape/engcobo/finance-companies/uvimba-finance-vulithuba-development","Update Your Business Info","EMAIL","https://www.brabys.com/za/financial-services?page=257#","BOOKMARK","More Information","",""
"https://www.brabys.com/images/logo-placeholder.webp","V C M BROKERS","https://www.brabys.com/za/kwazulu-natal/durban/overport/financial-planning/v-c-m-brokers","Overport, Durban, Kwazulu-Natal","•","Financial Planning","Phone:","031 944 5099","tel:0319445099","","","","More
                                        Information","https://www.brabys.com/za/kwazulu-natal/durban/overport/financial-planning/v-c-m-brokers","Update Your Business Info","EMAIL","https://www.brabys.com/za/financial-services?page=257#","BOOKMARK","More Information","",""
"https://www.brabys.com/images/logo-placeholder.webp","V D J FINANCIAL SERVICES","https://www.brabys.com/za/mpumalanga/emalahleni/financial-planning/v-d-j-financial-services","Emalahleni, Mpumalanga","•","Financial Planning","Phone:","013 690 3849","tel:0136903849","Email:","rocco@vdjwitbank.co.za","mailto:rocco@vdjwitbank.co.za","More
                                        Information","https://www.brabys.com/za/mpumalanga/emalahleni/financial-planning/v-d-j-financial-services","Update Your Business Info","EMAIL","https://www.brabys.com/za/financial-services?page=257#","BOOKMARK","More Information","",""
"https://www.brabys.com/images/logo-placeholder.webp","V I P FINANCE","https://www.brabys.com/za/gauteng/pretoria/arcadia/finance-companies/v-i-p-finance","Arcadia, Pretoria, Gauteng","•","Finance Companies","Phone:","012 325 1397","tel:0123251397","Share Call Fax:","086 505 6231","tel:0865056231","Visit
                                        Website","http://www.vipcashloan.co.za/","Update Your Business Info","EMAIL","https://www.brabys.com/za/financial-services?page=257#","BOOKMARK","More Information","vipfin@mweb.co.za","mailto:vipfin@mweb.co.za"
"https://www.brabys.com/images/logo-placeholder.webp","V I P FINANCIAL SERVICES","https://www.brabys.com/za/western-cape/knysna/knysna-cbd/financial-services/v-i-p-financial-services","Knysna CBD, Knysna, Western Cape","•","Financial Services","Phone:","044 382 2182","tel:0443822182","Email:","annamarie@vipbluestar.com","mailto:annamarie@vipbluestar.com","More
                                        Information","https://www.brabys.com/za/western-cape/knysna/knysna-cbd/financial-services/v-i-p-financial-services","Update Your Business Info","EMAIL","https://www.brabys.com/za/financial-services?page=257#","BOOKMARK","More Information","",""
"https://www.brabys.com/images/logo-placeholder.webp","V MASH INSURANCE BROKERS (PTY) LTD","https://www.brabys.com/za/eastern-cape/port-elizabeth/morningside/financial-services/v-mash-insurance-brokers-pty-ltd","Morningside, Port Elizabeth, Eastern Cape","•","Financial Services","Cell:","073 649 6999","tel:0736496999","Email:","vuyokazimashiyane@gmail.com","mailto:vuyokazimashiyane@gmail.com","More
                                        Information","https://www.brabys.com/za/eastern-cape/port-elizabeth/morningside/financial-services/v-mash-insurance-brokers-pty-ltd","Update Your Business Info","EMAIL","https://www.brabys.com/za/financial-services?page=258#","BOOKMARK","More Information","",""
"https://www.brabys.com/images/logo-placeholder.webp","V P CORP FINANCE (PTY) LTD","https://www.brabys.com/za/kwazulu-natal/pinetown/financial-services/v-p-corp-finance-pty-ltd","Pinetown, Kwazulu-Natal","•","Financial Services","Phone:","031 701 1069","tel:0317011069","Email:","mandy@venturepartners.co.za","mailto:mandy@venturepartners.co.za","More
                                        Information","https://www.brabys.com/za/kwazulu-natal/pinetown/financial-services/v-p-corp-finance-pty-ltd","Update Your Business Info","EMAIL","https://www.brabys.com/za/financial-services?page=258#","BOOKMARK","More Information","",""
"https://www.brabys.com/images/logo-placeholder.webp","V R FINANSIELE DIENSTE BK","https://www.brabys.com/za/free-state/bothaville/financial-services/v-r-finansiele-dienste-bk","Bothaville, Free State","•","Financial Services","Phone:","056 515 1161","tel:0565151161","Cell:","082 570 3386","tel:0825703386","More
                                        Information","https://www.brabys.com/za/free-state/bothaville/financial-services/v-r-finansiele-dienste-bk","Update Your Business Info","EMAIL","https://www.brabys.com/za/financial-services?page=258#","BOOKMARK","More Information","inavr@vrproperties.co.za","mailto:inavr@vrproperties.co.za"
"https://www.brabys.com/images/logo-placeholder.webp","VAHED YAS ACCOUNTING","https://www.brabys.com/za/kwazulu-natal/durban/bluff/taxation-services/vahed-yas-accounting","Bluff, Durban, Kwazulu-Natal","•","Taxation Services","Phone:","031 467 8327","tel:0314678327","Email:","finacc@telkomsa.net","mailto:finacc@telkomsa.net","More
                                        Information","https://www.brabys.com/za/kwazulu-natal/durban/bluff/taxation-services/vahed-yas-accounting","Update Your Business Info","EMAIL","https://www.brabys.com/za/financial-services?page=258#","BOOKMARK","More Information","",""
"https://www.brabys.com/images/logo-placeholder.webp","VALIDATION CLEARING BUREAU","https://www.brabys.com/za/kwazulu-natal/umhlanga/ridge-side/financial-services/validation-clearing-bureau","Ridge Side, Umhlanga, Kwazulu-Natal","•","Financial Services","Phone:","031 819 7807","tel:0318197807","Email:","nevillek@mweb.co.za","mailto:nevillek@mweb.co.za","More
                                        Information","https://www.brabys.com/za/kwazulu-natal/umhlanga/ridge-side/financial-services/validation-clearing-bureau","Update Your Business Info","EMAIL","https://www.brabys.com/za/financial-services?page=258#","BOOKMARK","More Information","",""
"https://www.brabys.com/images/logo-placeholder.webp","VALMAC COLOUR PRINTERS (PTY) LTD","https://www.brabys.com/za/eastern-cape/port-elizabeth/kensington/black-economic-empowerment/valmac-colour-printers-pty-ltd","Kensington, Port Elizabeth, Eastern Cape","•","Black Economic Empowerment","Phone:","041 484 2772","tel:0414842772","Email:","print@valmac.co.za","mailto:print@valmac.co.za","Visit
                                        Website","http://www.valmac.co.za/","Update Your Business Info","EMAIL","https://www.brabys.com/za/financial-services?page=258#","BOOKMARK","More Information","",""
"https://www.brabys.com/images/logo-placeholder.webp","VALUE PORTFOLIO MANAGERS (PTY) LTD","https://www.brabys.com/za/gauteng/bedfordview/morning-hill/asset-management/value-portfolio-managers-pty-ltd","Morning Hill, Bedfordview, Gauteng","•","Asset Management","Phone:","011 622 7692","tel:0116227692","Email:","valuepm@worldonline.co.za","mailto:valuepm@worldonline.co.za","Visit
                                        Website","http://www.valueportfolio.co.za/","Update Your Business Info","EMAIL","https://www.brabys.com/za/financial-services?page=258#","BOOKMARK","More Information","",""
"https://www.brabys.com/images/logo-placeholder.webp","VAN BREDA ANGELA FINANCIAL SOLUTIONS CC","https://www.brabys.com/za/western-cape/cape-town/claremont/financial-services/van-breda-angela-financial-solutions-cc","Claremont, Cape Town, Western Cape","•","Financial Services","Phone:","021 674 5030","tel:0216745030","Share Call Fax:","086 519 7931","tel:0865197931","Visit
                                        Website","http://www.avb.co.za/","Update Your Business Info","EMAIL","https://www.brabys.com/za/financial-services?page=258#","BOOKMARK","More Information","abgelavanbreda@avb.co.za","mailto:abgelavanbreda@avb.co.za"
"https://www.brabys.com/images/logo-placeholder.webp","VAN DE STADT & ASSOCIATES","https://www.brabys.com/za/gauteng/sandton/parktown-north/accounting/van-de-stadt-associates","Parktown North, Sandton, Gauteng","•","Accounting","Phone:","011 447 4553","tel:0114474553","","","","More
                                        Information","https://www.brabys.com/za/gauteng/sandton/parktown-north/accounting/van-de-stadt-associates","Update Your Business Info","EMAIL","https://www.brabys.com/za/financial-services?page=258#","BOOKMARK","More Information","",""
"https://www.brabys.com/images/logo-placeholder.webp","VAN DER BYL BERGH FINANCIAL SERVICES","https://www.brabys.com/za/western-cape/stellenbosch/financial-services/van-der-byl-bergh-financial-services","Stellenbosch, Western Cape","•","Financial Services","Phone:","021 886 9547","tel:0218869547","Email:","info@vanderbylbergh.co.za","mailto:info@vanderbylbergh.co.za","More
                                        Information","https://www.brabys.com/za/western-cape/stellenbosch/financial-services/van-der-byl-bergh-financial-services","Update Your Business Info","EMAIL","https://www.brabys.com/za/financial-services?page=258#","BOOKMARK","More Information","",""
"https://www.brabys.com/images/logo-placeholder.webp","VAN DYK SMIT FINANCIAL SERVICES","https://www.brabys.com/za/gauteng/pretoria/montanapark-exts/financial-services/van-dyk-smit-financial-services","Montanapark Exts, Pretoria, Gauteng","•","Financial Services","Phone:","012 548 1741","tel:0125481741","Email:","hendrik@vdsfs.co.za","mailto:hendrik@vdsfs.co.za","Visit
                                        Website","http://www.vandyksmit.co.za/","Update Your Business Info","EMAIL","https://www.brabys.com/za/financial-services?page=259#","BOOKMARK","More Information","",""
"https://www.brabys.com/images/logo-placeholder.webp","VAN HEERDEN YVONNE FINANCIAL ADVISORS & BROKERS","https://www.brabys.com/za/gauteng/pretoria/brooklyn/insurance-brokers/van-heerden-yvonne-financial-advisors-brokers","Brooklyn, Pretoria, Gauteng","•","Insurance Brokers","Phone:","012 460 3122","tel:0124603122","Email:","yvanheerden@telkomsa.net","mailto:yvanheerden@telkomsa.net","More
                                        Information","https://www.brabys.com/za/gauteng/pretoria/brooklyn/insurance-brokers/van-heerden-yvonne-financial-advisors-brokers","Update Your Business Info","EMAIL","https://www.brabys.com/za/financial-services?page=259#","BOOKMARK","More Information","",""
"https://www.brabys.com/images/logo-placeholder.webp","VAN SCHOOR W & ASSOCIATES","https://www.brabys.com/za/kwazulu-natal/durban/musgrave/finance-companies/van-schoor-w-associates","Musgrave, Durban, Kwazulu-Natal","•","Finance Companies","Phone:","031 201 3968","tel:0312013968","Email:","willie@cashflowprotector.co.za","mailto:willie@cashflowprotector.co.za","More
                                        Information","https://www.brabys.com/za/kwazulu-natal/durban/musgrave/finance-companies/van-schoor-w-associates","Update Your Business Info","EMAIL","https://www.brabys.com/za/financial-services?page=259#","BOOKMARK","More Information","",""
"https://www.brabys.com/images/logo-placeholder.webp","VAN WYK & CO","https://www.brabys.com/za/gauteng/vereeniging/financial-services/van-wyk-co","Vereeniging, Gauteng","•","Financial Services","Phone:","016 455 3644","tel:0164553644","Email:","blackie@vwk.co.za","mailto:blackie@vwk.co.za","More
                                        Information","https://www.brabys.com/za/gauteng/vereeniging/financial-services/van-wyk-co","Update Your Business Info","EMAIL","https://www.brabys.com/za/financial-services?page=259#","BOOKMARK","More Information","",""
"https://www.brabys.com/images/logo-placeholder.webp","VAN ZYL & CRAFFORD","https://www.brabys.com/za/north-west/potchefstroom/financial-consultants/van-zyl-crafford","Potchefstroom, North West","•","Financial Consultants","Phone:","018 290 9580","tel:0182909580","Cell:","082 253 7151","tel:0822537151","More
                                        Information","https://www.brabys.com/za/north-west/potchefstroom/financial-consultants/van-zyl-crafford","Update Your Business Info","EMAIL","https://www.brabys.com/za/financial-services?page=259#","BOOKMARK","More Information","martin.crafford@momentum.co.za","mailto:martin.crafford@momentum.co.za"
"https://www.brabys.com/images/logo-placeholder.webp","VANCO","https://www.brabys.com/za/gauteng/alberton/new-redruth/finance-companies/vanco","New Redruth, Alberton, Gauteng","•","Finance Companies","Phone:","011 869 1461","tel:0118691461","","011 869 0810","tel:0118690810","More
                                        Information","https://www.brabys.com/za/gauteng/alberton/new-redruth/finance-companies/vanco","Update Your Business Info","EMAIL","https://www.brabys.com/za/financial-services?page=259#","BOOKMARK","More Information","",""
"https://www.brabys.com/images/logo-placeholder.webp","VANCO FINANCIAL SERVICES CC","https://www.brabys.com/za/mpumalanga/balfour-m/balfour/financial-services/vanco-financial-services-cc","Balfour, Balfour (M), Mpumalanga","•","Financial Services","Phone:","017 773 0536","tel:0177730536","","","","More
                                        Information","https://www.brabys.com/za/mpumalanga/balfour-m/balfour/financial-services/vanco-financial-services-cc","Update Your Business Info","EMAIL","https://www.brabys.com/za/financial-services?page=259#","BOOKMARK","More Information","",""
"https://www.brabys.com/images/logo-placeholder.webp","VANCO LOANS","https://www.brabys.com/za/gauteng/vanderbijlpark/town-centre/cash-loans/vanco-loans","Town Centre, Vanderbijlpark, Gauteng","•","Cash Loans","Phone:","016 931 3851","tel:0169313851","Share Call Fax:","086 212 0105","tel:0862120105","More
                                        Information","https://www.brabys.com/za/gauteng/vanderbijlpark/town-centre/cash-loans/vanco-loans","Update Your Business Info","EMAIL","https://www.brabys.com/za/financial-services?page=259#","BOOKMARK","More Information","office@tortosa.co.za","mailto:office@tortosa.co.za"
"https://www.brabys.com/images/logo-placeholder.webp","VANGUARD CONSULTING GROUP","https://www.brabys.com/za/gauteng/sandton/epsom-downs/financial-consultants/vanguard-consulting-group","Epsom Downs, Sandton, Gauteng","•","Financial Consultants","Phone:","011 706 8137","tel:0117068137","Email:","nikki@vfin.co.za","mailto:nikki@vfin.co.za","More
                                        Information","https://www.brabys.com/za/gauteng/sandton/epsom-downs/financial-consultants/vanguard-consulting-group","Update Your Business Info","EMAIL","https://www.brabys.com/za/financial-services?page=259#","BOOKMARK","More Information","",""
"https://www.brabys.com/resize/logos/m/6111716/vanguardlogo.jpg","VANGUARD INDUSTRIES (PTY) LTD","https://www.brabys.com/za/kwazulu-natal/hillcrest/shongweni/bee-certification/vanguard-industries-pty-ltd","Shongweni, Hillcrest, Kwazulu-Natal","•","BEE Certification","Cell:","081 264 6715","tel:0812646715","Share Call Fax:","071 679 6954","tel:0716796954","Visit
                                        Website","http://www.vanguardindustries.co.za/","Update Your Business Info","EMAIL","https://www.brabys.com/za/financial-services?page=259#","BOOKMARK","More Information","086 564 5511","tel:0865645511"
"https://www.brabys.com/images/logo-placeholder.webp","VANTAGE CAPITAL","https://www.brabys.com/za/western-cape/cape-town/central/financial-services/vantage-capital","Central, Cape Town, Western Cape","•","Financial Services","Phone:","021 418 1130","tel:0214181130","","","","Visit
                                        Website","http://www.vantagemezzanine.com/","Update Your Business Info","EMAIL","https://www.brabys.com/za/financial-services?page=260#","BOOKMARK","More Information","",""
"https://www.brabys.com/images/logo-placeholder.webp","VANTAGE CAPITAL","https://www.brabys.com/za/gauteng/johannesburg/melrose-arch/financial-services/vantage-capital","Melrose Arch, Johannesburg, Gauteng","•","Financial Services","Phone:","011 530 9106","tel:0115309106","Share Call Fax:","086 505 1667","tel:0865051667","Visit
                                        Website","http://www.vantagemezzanine.com/","Update Your Business Info","EMAIL","https://www.brabys.com/za/financial-services?page=260#","BOOKMARK","More Information","warren@vantagecapital.co.za","mailto:warren@vantagecapital.co.za"
"https://www.brabys.com/images/logo-placeholder.webp","VAUGHN STERLING & ASSOCIATES","https://www.brabys.com/za/gauteng/pretoria/waterkloof/finance-companies/vaughn-sterling-associates","Waterkloof, Pretoria, Gauteng","•","Finance Companies","Phone:","012 460 8606","tel:0124608606","Email:","admin@vaughnsa.com","mailto:admin@vaughnsa.com","More
                                        Information","https://www.brabys.com/za/gauteng/pretoria/waterkloof/finance-companies/vaughn-sterling-associates","Update Your Business Info","EMAIL","https://www.brabys.com/za/financial-services?page=260#","BOOKMARK","More Information","",""
"https://www.brabys.com/images/logo-placeholder.webp","VCORE FINANCIAL SERVICES","https://www.brabys.com/za/gauteng/pretoria/faerie-glen/financial-consultants/vcore-financial-services","Faerie Glen, Pretoria, Gauteng","•","Financial Consultants","Phone:","012 991 0693","tel:0129910693","Email:","enquiries@vcorefin.co.za","mailto:enquiries@vcorefin.co.za","More
                                        Information","https://www.brabys.com/za/gauteng/pretoria/faerie-glen/financial-consultants/vcore-financial-services","Update Your Business Info","EMAIL","https://www.brabys.com/za/financial-services?page=260#","BOOKMARK","More Information","",""
"https://www.brabys.com/images/logo-placeholder.webp","VEGA CAPITAL","https://www.brabys.com/za/gauteng/pretoria/lynnwood-ridge/asset-management/vega-capital","Lynnwood Ridge, Pretoria, Gauteng","•","Asset Management","Phone:","086 122 3355","tel:0861223355","Email:","fduplessis@vegacapital.co.za","mailto:fduplessis@vegacapital.co.za","More
                                        Information","https://www.brabys.com/za/gauteng/pretoria/lynnwood-ridge/asset-management/vega-capital","Update Your Business Info","EMAIL","https://www.brabys.com/za/financial-services?page=260#","BOOKMARK","More Information","",""
"https://www.brabys.com/images/logo-placeholder.webp","VEGAS FINANCE","https://www.brabys.com/za/gauteng/pretoria/pretoria-north/financial-services/vegas-finance","Pretoria North, Pretoria, Gauteng","•","Financial Services","Phone:","012 546 7774","tel:0125467774","","","","More
                                        Information","https://www.brabys.com/za/gauteng/pretoria/pretoria-north/financial-services/vegas-finance","Update Your Business Info","EMAIL","https://www.brabys.com/za/financial-services?page=260#","BOOKMARK","More Information","",""
"https://www.brabys.com/images/logo-placeholder.webp","VELLOZA ES & ASSOCIATES CC","https://www.brabys.com/za/gauteng/randburg/bordeaux/financial-consultants/velloza-es-associates-cc","Bordeaux, Randburg, Gauteng","•","Financial Consultants","Phone:","011 886 2460","tel:0118862460","","","","More
                                        Information","https://www.brabys.com/za/gauteng/randburg/bordeaux/financial-consultants/velloza-es-associates-cc","Update Your Business Info","EMAIL","https://www.brabys.com/za/financial-services?page=260#","BOOKMARK","More Information","",""
"https://www.brabys.com/images/logo-placeholder.webp","VELOCITY TRADE FINANCIAL SERVICES (PTY) LTD","https://www.brabys.com/za/western-cape/cape-town/claremont/financial-services/velocity-trade-financial-services-pty-ltd","Claremont, Cape Town, Western Cape","•","Financial Services","Phone:","021 200 8800","tel:0212008800","Email:","lizellea@za.velocitytrade.com","mailto:lizellea@za.velocitytrade.com","Visit
                                        Website","http://www.velocitytrade.com/","Update Your Business Info","EMAIL","https://www.brabys.com/za/financial-services?page=260#","BOOKMARK","More Information","",""
"https://www.brabys.com/images/logo-placeholder.webp","VENGADESAN & ASSOCIATES CC","https://www.brabys.com/za/kwazulu-natal/durban/financial-management-services/vengadesan-associates-cc","Durban, Kwazulu-Natal","•","Financial Management Services","Phone:","031 306 2549","tel:0313062549","Email:","admin1@vamanagement.co.za","mailto:admin1@vamanagement.co.za","More
                                        Information","https://www.brabys.com/za/kwazulu-natal/durban/financial-management-services/vengadesan-associates-cc","Update Your Business Info","EMAIL","https://www.brabys.com/za/financial-services?page=260#","BOOKMARK","More Information","",""
"https://www.brabys.com/images/logo-placeholder.webp","VENTER JES FINANCIAL SERVICES","https://www.brabys.com/za/mpumalanga/standerton/financial-services/venter-jes-financial-services","Standerton, Mpumalanga","•","Financial Services","Phone:","017 712 4112","tel:0177124112","Email:","017 712 4116","tel:0177124116","More
                                        Information","https://www.brabys.com/za/mpumalanga/standerton/financial-services/venter-jes-financial-services","Update Your Business Info","EMAIL","https://www.brabys.com/za/financial-services?page=260#","BOOKMARK","More Information","jesfin@mweb.co.za","mailto:jesfin@mweb.co.za"
"https://www.brabys.com/images/logo-placeholder.webp","VENTUREFIN FINANCIAL SERVICES (PTY) LTD","https://www.brabys.com/za/gauteng/pretoria/faerie-glen/financial-services/venturefin-financial-services-pty-ltd","Faerie Glen, Pretoria, Gauteng","•","Financial Services","Phone:","012 991 3333","tel:0129913333","","","","More
                                        Information","https://www.brabys.com/za/gauteng/pretoria/faerie-glen/financial-services/venturefin-financial-services-pty-ltd","Update Your Business Info","EMAIL","https://www.brabys.com/za/financial-services?page=261#","BOOKMARK","More Information","",""
"https://www.brabys.com/images/logo-placeholder.webp","VERANCE (PTY) LTD","https://www.brabys.com/za/gauteng/pretoria/garsfontein/financial-services/verance-pty-ltd","Garsfontein, Pretoria, Gauteng","•","Financial Services","Cell:","074 587 3566","tel:0745873566","Email:","info@verance.co.za","mailto:info@verance.co.za","Visit
                                        Website","http://www.verance.co.za/","Update Your Business Info","EMAIL","https://www.brabys.com/za/financial-services?page=261#","BOOKMARK","More Information","",""
"https://www.brabys.com/images/logo-placeholder.webp","VERI-COM","https://www.brabys.com/za/gauteng/johannesburg/milner-park/bee-verification/veri-com","Milner Park, Johannesburg, Gauteng","•","BEE Verification","Phone:","011 726 5361","tel:0117265361","Email:","info@vericom.co.za","mailto:info@vericom.co.za","Visit
                                        Website","http://www.vericom.co.za/","Update Your Business Info","EMAIL","https://www.brabys.com/za/financial-services?page=261#","BOOKMARK","More Information","",""
"https://www.brabys.com/images/logo-placeholder.webp","VERIFIN BLUE STAR","https://www.brabys.com/za/western-cape/worcester/financial-planning/verifin-blue-star","Worcester, Western Cape","•","Financial Planning","Phone:","023 347 1601","tel:0233471601","Email:","admin@verifin.co.za","mailto:admin@verifin.co.za","More
                                        Information","https://www.brabys.com/za/western-cape/worcester/financial-planning/verifin-blue-star","Update Your Business Info","EMAIL","https://www.brabys.com/za/financial-services?page=261#","BOOKMARK","More Information","",""
"https://www.brabys.com/images/logo-placeholder.webp","VERITAS","https://www.brabys.com/za/gauteng/centurion/pierre-van-ryneveld/financial-consultants/veritas","Pierre Van Ryneveld, Centurion, Gauteng","•","Financial Consultants","Phone:","012 662 1399","tel:0126621399","Email:","012 662 2473","tel:0126622473","Visit
                                        Website","http://www.veritasboe.co.za/","Update Your Business Info","EMAIL","https://www.brabys.com/za/financial-services?page=261#","BOOKMARK","More Information","veritas@veritasboe.co.za","mailto:veritas@veritasboe.co.za"
"https://www.brabys.com/images/logo-placeholder.webp","VEROS BLUESTAR","https://www.brabys.com/za/kwazulu-natal/newcastle/newcastle-central/financial-planning/veros-bluestar","Newcastle Central, Newcastle, Kwazulu-Natal","•","Financial Planning","Phone:","034 312 8088","tel:0343128088","Share Call Fax:","086 640 5226","tel:0866405226","More
                                        Information","https://www.brabys.com/za/kwazulu-natal/newcastle/newcastle-central/financial-planning/veros-bluestar","Update Your Business Info","EMAIL","https://www.brabys.com/za/financial-services?page=261#","BOOKMARK","More Information","charl@veros.co.za","mailto:charl@veros.co.za"
"https://www.brabys.com/images/logo-placeholder.webp","VERSO FINANCIAL SERVICES (PTY) LTD","https://www.brabys.com/za/western-cape/bellville/financial-services/verso-financial-services-pty-ltd","Bellville, Western Cape","•","Financial Services","Phone:","021 943 5300","tel:0219435300","Email:","erica@verso.co.za","mailto:erica@verso.co.za","Visit
                                        Website","http://www.verso.co.za/","Update Your Business Info","EMAIL","https://www.brabys.com/za/financial-services?page=261#","BOOKMARK","More Information","",""
"https://www.brabys.com/images/logo-placeholder.webp","VESTASURE FINANCIAL PLANNING SERVICES CC","https://www.brabys.com/za/western-cape/cape-town/hout-bay/finance-companies/vestasure-financial-planning-services-cc","Hout Bay, Cape Town, Western Cape","•","Finance Companies","Phone:","021 790 1698","tel:0217901698","Email:","vestasure@icon.co.za","mailto:vestasure@icon.co.za","More
                                        Information","https://www.brabys.com/za/western-cape/cape-town/hout-bay/finance-companies/vestasure-financial-planning-services-cc","Update Your Business Info","EMAIL","https://www.brabys.com/za/financial-services?page=261#","BOOKMARK","More Information","",""
"https://www.brabys.com/images/logo-placeholder.webp","VESTPRO WEALTH BLUESTAR","https://www.brabys.com/za/western-cape/bellville/financial-services/vestpro-wealth-bluestar","Bellville, Western Cape","•","Financial Services","Phone:","021 947 6929","tel:0219476929","","","","Visit
                                        Website","http://www.vestprobluestar.co.za/","Update Your Business Info","EMAIL","https://www.brabys.com/za/financial-services?page=261#","BOOKMARK","More Information","",""
"https://www.brabys.com/images/logo-placeholder.webp","VIA CAPITAL FINANCIAL SERVICES (PTY) LTD","https://www.brabys.com/za/gauteng/sandton/hurlingham/finance-companies/via-capital-financial-services-pty-ltd","Hurlingham, Sandton, Gauteng","•","Finance Companies","Phone:","011 275 2800","tel:0112752800","","","","Visit
                                        Website","http://www.viacapital.co.za/","Update Your Business Info","EMAIL","https://www.brabys.com/za/financial-services?page=261#","BOOKMARK","More Information","",""
"https://www.brabys.com/images/logo-placeholder.webp","VICTORIA EAST TAXI ASSOCIATION","https://www.brabys.com/za/eastern-cape/alice/taxi-services/victoria-east-taxi-association","Alice, Eastern Cape","•","Taxi Services","Phone:","040 653 2187","tel:0406532187","","","","More
                                        Information","https://www.brabys.com/za/eastern-cape/alice/taxi-services/victoria-east-taxi-association","Update Your Business Info","EMAIL","https://www.brabys.com/za/financial-services?page=262#","BOOKMARK","More Information","",""
"https://www.brabys.com/images/logo-placeholder.webp","VICTORIA FINANCIAL SERVICES","https://www.brabys.com/za/gauteng/johannesburg/melrose-north/finance-companies/victoria-financial-services","Melrose North, Johannesburg, Gauteng","•","Finance Companies","Phone:","011 447 3701","tel:0114473701","Email:","victoria@yebo.co.za","mailto:victoria@yebo.co.za","More
                                        Information","https://www.brabys.com/za/gauteng/johannesburg/melrose-north/finance-companies/victoria-financial-services","Update Your Business Info","EMAIL","https://www.brabys.com/za/financial-services?page=262#","BOOKMARK","More Information","",""
"https://www.brabys.com/images/logo-placeholder.webp","VICTUS GROUP (PTY) LTD","https://www.brabys.com/za/western-cape/durbanville/eversdal/financial-consultants/victus-group-pty-ltd","Eversdal, Durbanville, Western Cape","•","Financial Consultants","Phone:","021 903 0916","tel:0219030916","Email:","admin@vgrp.co.za","mailto:admin@vgrp.co.za","Visit
                                        Website","http://www.victusgroup.co.za/","Update Your Business Info","EMAIL","https://www.brabys.com/za/financial-services?page=262#","BOOKMARK","More Information","",""
"https://www.brabys.com/images/logo-placeholder.webp","VIJAY DESAI FINANCIAL SERVICES CC","https://www.brabys.com/za/kwazulu-natal/durban/musgrave/finance-companies/vijay-desai-financial-services-cc","Musgrave, Durban, Kwazulu-Natal","•","Finance Companies","Phone:","031 301 3722","tel:0313013722","Share Call Fax:","086 539 2993","tel:0865392993","More
                                        Information","https://www.brabys.com/za/kwazulu-natal/durban/musgrave/finance-companies/vijay-desai-financial-services-cc","Update Your Business Info","EMAIL","https://www.brabys.com/za/financial-services?page=262#","BOOKMARK","More Information","vdesai781@gmail.com","mailto:vdesai781@gmail.com"
"https://www.brabys.com/images/logo-placeholder.webp","VIKOR FINANCIAL ADVISORS","https://www.brabys.com/za/gauteng/pretoria/lynnwood-manor/financial-advisors/vikor-financial-advisors","Lynnwood Manor, Pretoria, Gauteng","•","Financial Advisors","Phone:","012 348 4116","tel:0123484116","","","","More
                                        Information","https://www.brabys.com/za/gauteng/pretoria/lynnwood-manor/financial-advisors/vikor-financial-advisors","Update Your Business Info","EMAIL","https://www.brabys.com/za/financial-services?page=262#","BOOKMARK","More Information","",""
"https://www.brabys.com/images/logo-placeholder.webp","VIRTUALLY PA","https://www.brabys.com/za/gauteng/randburg/north-riding/assistance-services/virtually-pa","North Riding, Randburg, Gauteng","•","Assistance Services","Cell:","082 485 7162","tel:0824857162","Email:","info@virtuallypa.co.za","mailto:info@virtuallypa.co.za","Visit
                                        Website","http://www.virtuallypa.co.za/","Update Your Business Info","EMAIL","https://www.brabys.com/za/financial-services?page=262#","BOOKMARK","More Information","",""
"https://www.brabys.com/images/logo-placeholder.webp","VISH RAJKOOMAR BROKERS CC","https://www.brabys.com/za/kwazulu-natal/isipingo/isipingo-rail/financial-planners/vish-rajkoomar-brokers-cc","Isipingo Rail, Isipingo, Kwazulu-Natal","•","Financial Planners","Phone:","031 902 9152","tel:0319029152","Email:","031 902 7249","tel:0319027249","Visit
                                        Website","http://www.vrbrokers.co.za/","Update Your Business Info","EMAIL","https://www.brabys.com/za/financial-services?page=262#","BOOKMARK","More Information","vrb@telkomsa.net","mailto:vrb@telkomsa.net"
"https://www.brabys.com/images/logo-placeholder.webp","VISION ACCOUNTING","https://www.brabys.com/za/kwazulu-natal/ballito/financial-services/vision-accounting","Ballito, Kwazulu-Natal","•","Financial Services","Phone:","032 586 3171","tel:0325863171","Cell:","084 585 7100","tel:0845857100","Visit
                                        Website","http://www.visionafs.com/","Update Your Business Info","EMAIL","https://www.brabys.com/za/financial-services?page=262#","BOOKMARK","More Information","086 671 9405","tel:0866719405"
"https://www.brabys.com/images/logo-placeholder.webp","VUKANINI TAXI ASSOCIATION","https://www.brabys.com/za/mpumalanga/evander/embalenhle/taxi-services/vukanini-taxi-association","eMbalenhle, Evander, Mpumalanga","•","Taxi Services","Phone:","017 685 4988","tel:0176854988","Email:","cindy.vucta@gmail.com","mailto:cindy.vucta@gmail.com","More
                                        Information","https://www.brabys.com/za/mpumalanga/evander/embalenhle/taxi-services/vukanini-taxi-association","Update Your Business Info","EMAIL","https://www.brabys.com/za/financial-services?page=262#","BOOKMARK","More Information","",""
"https://www.brabys.com/images/logo-placeholder.webp","VUNANI LIMITED","https://www.brabys.com/za/western-cape/cape-town/financial-services/vunani-limited","Cape Town, Western Cape","•","Financial Services","Phone:","021 481 6200","tel:0214816200","","","","More
                                        Information","https://www.brabys.com/za/western-cape/cape-town/financial-services/vunani-limited","Update Your Business Info","EMAIL","https://www.brabys.com/za/financial-services?page=262#","BOOKMARK","More Information","",""
"https://www.brabys.com/images/logo-placeholder.webp","VUNANI LTD","https://www.brabys.com/za/gauteng/sandton/financial-services/vunani-ltd","Sandton, Gauteng","•","Financial Services","Phone:","011 263 9500","tel:0112639500","Email:","mmazongo@vunanigroup.co.za","mailto:mmazongo@vunanigroup.co.za","Visit
                                        Website","http://www.vunanilimited.co.za/","Update Your Business Info","EMAIL","https://www.brabys.com/za/financial-services?page=263#","BOOKMARK","More Information","",""
"https://www.brabys.com/images/logo-placeholder.webp","W K PROJECTS","https://www.brabys.com/za/eastern-cape/port-elizabeth/mill-park/financial-consultants/w-k-projects","Mill Park, Port Elizabeth, Eastern Cape","•","Financial Consultants","Phone:","041 373 5816","tel:0413735816","","","","More
                                        Information","https://www.brabys.com/za/eastern-cape/port-elizabeth/mill-park/financial-consultants/w-k-projects","Update Your Business Info","EMAIL","https://www.brabys.com/za/financial-services?page=263#","BOOKMARK","More Information","",""
"https://www.brabys.com/images/logo-placeholder.webp","W L FINANCIAL SERVICES","https://www.brabys.com/za/mpumalanga/mbombela/sonheuwel/financial-services/w-l-financial-services","Sonheuwel, Mbombela, Mpumalanga","•","Financial Services","Phone:","013 755 3644","tel:0137553644","Share Call Fax:","086 642 7411","tel:0866427411","More
                                        Information","https://www.brabys.com/za/mpumalanga/mbombela/sonheuwel/financial-services/w-l-financial-services","Update Your Business Info","EMAIL","https://www.brabys.com/za/financial-services?page=263#","BOOKMARK","More Information","info@wlfs.co.za","mailto:info@wlfs.co.za"
"https://www.brabys.com/images/logo-placeholder.webp","W L K FINANCE","https://www.brabys.com/za/kwazulu-natal/durban/central/finance-companies/w-l-k-finance","Central, Durban, Kwazulu-Natal","•","Finance Companies","Phone:","031 307 1191","tel:0313071191","Share Call Fax:","086 656 2484","tel:0866562484","More
                                        Information","https://www.brabys.com/za/kwazulu-natal/durban/central/finance-companies/w-l-k-finance","Update Your Business Info","EMAIL","https://www.brabys.com/za/financial-services?page=263#","BOOKMARK","More Information","collections@cashsa.co.za","mailto:collections@cashsa.co.za"
"https://www.brabys.com/images/logo-placeholder.webp","WALLACE-RUBIDGE FINANCIAL SERVICES CC","https://www.brabys.com/za/western-cape/cape-town/bergvliet/financial-consultants/wallace-rubidge-financial-services-cc","Bergvliet, Cape Town, Western Cape","•","Financial Consultants","Phone:","021 715 7271","tel:0217157271","Cell:","072 430 3838","tel:0724303838","Visit
                                        Website","http://www.wallace-rubidge.co.za/","Update Your Business Info","EMAIL","https://www.brabys.com/za/financial-services?page=263#","BOOKMARK","More Information","086 686 6484","tel:0866866484"
"https://www.brabys.com/images/logo-placeholder.webp","WALT CAPITAL MANAGEMENT (PTY) LTD","https://www.brabys.com/za/western-cape/bellville/tygervalley/financial-services/walt-capital-management-pty-ltd","Tygervalley, Bellville, Western Cape","•","Financial Services","Cell:","082 255 4403","tel:0822554403","Email:","admin@waltcapital.co.za","mailto:admin@waltcapital.co.za","More
                                        Information","https://www.brabys.com/za/western-cape/bellville/tygervalley/financial-services/walt-capital-management-pty-ltd","Update Your Business Info","EMAIL","https://www.brabys.com/za/financial-services?page=263#","BOOKMARK","More Information","",""
"https://www.brabys.com/images/logo-placeholder.webp","WALTA FINANCIAL SERVICES (PTY) LTD","https://www.brabys.com/za/mpumalanga/middelburg-m/middelburg/finance-companies/walta-financial-services-pty-ltd","Middelburg, Middelburg (M), Mpumalanga","•","Finance Companies","Phone:","013 282 8347","tel:0132828347","","","","More
                                        Information","https://www.brabys.com/za/mpumalanga/middelburg-m/middelburg/finance-companies/walta-financial-services-pty-ltd","Update Your Business Info","EMAIL","https://www.brabys.com/za/financial-services?page=263#","BOOKMARK","More Information","",""
"https://www.brabys.com/images/logo-placeholder.webp","WALTERS & ASSOCIATES","https://www.brabys.com/za/gauteng/roodepoort/roodekrans/financial-consultants/walters-associates","Roodekrans, Roodepoort, Gauteng","•","Financial Consultants","Phone:","011 768 2510","tel:0117682510","Share Call Fax:","086 672 9239","tel:0866729239","More
                                        Information","https://www.brabys.com/za/gauteng/roodepoort/roodekrans/financial-consultants/walters-associates","Update Your Business Info","EMAIL","https://www.brabys.com/za/financial-services?page=263#","BOOKMARK","More Information","rico@netactive.co.za","mailto:rico@netactive.co.za"
"https://www.brabys.com/images/logo-placeholder.webp","WALTLOO FINANCIAL SERVICES","https://www.brabys.com/za/gauteng/pretoria/despatch/financial-services/waltloo-financial-services","Despatch, Pretoria, Gauteng","•","Financial Services","Phone:","012 803 3438","tel:0128033438","","","","More
                                        Information","https://www.brabys.com/za/gauteng/pretoria/despatch/financial-services/waltloo-financial-services","Update Your Business Info","EMAIL","https://www.brabys.com/za/financial-services?page=263#","BOOKMARK","More Information","",""
"https://www.brabys.com/images/logo-placeholder.webp","WARWICK WEALTH","https://www.brabys.com/za/eastern-cape/port-elizabeth/mill-park/financial-services/warwick-wealth","Mill Park, Port Elizabeth, Eastern Cape","•","Financial Services","Phone:","041 374 3935","tel:0413743935","Email:","glen@warwickwealth.com","mailto:glen@warwickwealth.com","Visit
                                        Website","http://www.warwickwealth.com/","Update Your Business Info","EMAIL","https://www.brabys.com/za/financial-services?page=263#","BOOKMARK","More Information","",""
"https://www.brabys.com/images/logo-placeholder.webp","WATERFORD FINANCIAL MANAGEMENT (PTY) LTD","https://www.brabys.com/za/gauteng/sandton/witkoppen/accounting/waterford-financial-management-pty-ltd","Witkoppen, Sandton, Gauteng","•","Accounting","Phone:","011 705 0000","tel:0117050000","Email:","info@watermark.co.za","mailto:info@watermark.co.za","Visit
                                        Website","http://www.watermarkgroup.co.za/","Update Your Business Info","EMAIL","https://www.brabys.com/za/financial-services?page=264#","BOOKMARK","More Information","",""
"https://www.brabys.com/images/logo-placeholder.webp","WEALTH & ASSET FINANCIAL SERVICES","https://www.brabys.com/za/western-cape/cape-town/ndabeni/financial-services/wealth-asset-financial-services","Ndabeni, Cape Town, Western Cape","•","Financial Services","Phone:","021 531 5941","tel:0215315941","","","","More
                                        Information","https://www.brabys.com/za/western-cape/cape-town/ndabeni/financial-services/wealth-asset-financial-services","Update Your Business Info","EMAIL","https://www.brabys.com/za/financial-services?page=264#","BOOKMARK","More Information","",""
"https://www.brabys.com/images/logo-placeholder.webp","WEALTH ASSOCIATES","https://www.brabys.com/za/western-cape/stellenbosch/head-offices/wealth-associates","Stellenbosch, Western Cape","•","Head Offices","Phone:","021 204 5680","tel:0212045680","","","","More
                                        Information","https://www.brabys.com/za/western-cape/stellenbosch/head-offices/wealth-associates","Update Your Business Info","EMAIL","https://www.brabys.com/za/financial-services?page=264#","BOOKMARK","More Information","",""
"https://www.brabys.com/images/logo-placeholder.webp","WEALTH CORPORATION","https://www.brabys.com/za/eastern-cape/port-elizabeth/greenacres/financial-planning/wealth-corporation","Greenacres, Port Elizabeth, Eastern Cape","•","Financial Planning","Phone:","041 394 1300","tel:0413941300","Email:","marisej@wealthcorp.co.za","mailto:marisej@wealthcorp.co.za","Visit
                                        Website","http://www.citadel.co.za/","Update Your Business Info","EMAIL","https://www.brabys.com/za/financial-services?page=264#","BOOKMARK","More Information","",""
"https://www.brabys.com/images/logo-placeholder.webp","WEALTH PRESERVATION STRATEGIES (PTY) LTD","https://www.brabys.com/za/western-cape/cape-town/claremont/financial-consultants/wealth-preservation-strategies-pty-ltd","Claremont, Cape Town, Western Cape","•","Financial Consultants","Phone:","021 447 1224","tel:0214471224","","","","More
                                        Information","https://www.brabys.com/za/western-cape/cape-town/claremont/financial-consultants/wealth-preservation-strategies-pty-ltd","Update Your Business Info","EMAIL","https://www.brabys.com/za/financial-services?page=264#","BOOKMARK","More Information","",""
"https://www.brabys.com/images/logo-placeholder.webp","WEALTH SOLUTIONS CAPITAL","https://www.brabys.com/za/gauteng/bedfordview/financial-services/wealth-solutions-capital","Bedfordview, Gauteng","•","Financial Services","Phone:","011 284 0000","tel:0112840000","Email:","ragini.pillay@liblink.co.za","mailto:ragini.pillay@liblink.co.za","More
                                        Information","https://www.brabys.com/za/gauteng/bedfordview/financial-services/wealth-solutions-capital","Update Your Business Info","EMAIL","https://www.brabys.com/za/financial-services?page=264#","BOOKMARK","More Information","",""
"https://www.brabys.com/images/logo-placeholder.webp","WEALTH SURE","https://www.brabys.com/za/gauteng/centurion/clubview-west/financial-services/wealth-sure","Clubview West, Centurion, Gauteng","•","Financial Services","Phone:","012 667 6877","tel:0126676877","Cell:","012 667 6692","tel:0126676692","Visit
                                        Website","http://www.wealthsure.biz/","Update Your Business Info","EMAIL","https://www.brabys.com/za/financial-services?page=264#","BOOKMARK","More Information","082 829 1819","tel:0828291819"
"https://www.brabys.com/images/logo-placeholder.webp","WEALTH UP","https://www.brabys.com/za/western-cape/durbanville/financial-services/wealth-up","Durbanville, Western Cape","•","Financial Services","Phone:","021 012 5800","tel:0210125800","","","","Visit
                                        Website","http://www.wealthup.co.za/","Update Your Business Info","EMAIL","https://www.brabys.com/za/financial-services?page=264#","BOOKMARK","More Information","",""
"https://www.brabys.com/images/logo-placeholder.webp","WEBER FINANCIAL SERVICES","https://www.brabys.com/za/mpumalanga/emalahleni/benfleur/financial-services/weber-financial-services","Benfleur, Emalahleni, Mpumalanga","•","Financial Services","Phone:","013 656 4871","tel:0136564871","Email:","kweber@lantic.net","mailto:kweber@lantic.net","More
                                        Information","https://www.brabys.com/za/mpumalanga/emalahleni/benfleur/financial-services/weber-financial-services","Update Your Business Info","EMAIL","https://www.brabys.com/za/financial-services?page=264#","BOOKMARK","More Information","",""
"https://www.brabys.com/images/logo-placeholder.webp","WEMBLEY FINANCIAL ADVISORS","https://www.brabys.com/za/kwazulu-natal/pietermaritzburg/wembley/financial-consultants/wembley-financial-advisors","Wembley, Pietermaritzburg, Kwazulu-Natal","•","Financial Consultants","Phone:","033 342 5648","tel:0333425648","Share Call Fax:","086 612 6859","tel:0866126859","More
                                        Information","https://www.brabys.com/za/kwazulu-natal/pietermaritzburg/wembley/financial-consultants/wembley-financial-advisors","Update Your Business Info","EMAIL","https://www.brabys.com/za/financial-services?page=264#","BOOKMARK","More Information","wembleyrh@mweb.co.za","mailto:wembleyrh@mweb.co.za"
"https://www.brabys.com/images/logo-placeholder.webp","WENTZEL CONSULTING","https://www.brabys.com/za/western-cape/bellville/boston/financial-services/wentzel-consulting","Boston, Bellville, Western Cape","•","Financial Services","Cell:","082 462 2212","tel:0824622212","","","","Visit
                                        Website","http://www.wenconsulting.co.za/","Update Your Business Info","EMAIL","https://www.brabys.com/za/financial-services?page=265#","BOOKMARK","More Information","",""
"https://www.brabys.com/images/logo-placeholder.webp","WERNER MAKELAARS","https://www.brabys.com/za/gauteng/pretoria/faerie-glen/financial-brokers/werner-makelaars","Faerie Glen, Pretoria, Gauteng","•","Financial Brokers","Phone:","012 991 3553","tel:0129913553","Email:","cwerner@wernerbrokers.co.za","mailto:cwerner@wernerbrokers.co.za","More
                                        Information","https://www.brabys.com/za/gauteng/pretoria/faerie-glen/financial-brokers/werner-makelaars","Update Your Business Info","EMAIL","https://www.brabys.com/za/financial-services?page=265#","BOOKMARK","More Information","",""
"https://www.brabys.com/images/logo-placeholder.webp","WERNER STRYDOM FINANCIAL PLANNING","https://www.brabys.com/za/eastern-cape/port-elizabeth/newton-park/financial-planning/werner-strydom-financial-planning","Newton Park, Port Elizabeth, Eastern Cape","•","Financial Planning","Phone:","041 365 4440","tel:0413654440","Email:","werner@algoanet.com","mailto:werner@algoanet.com","More
                                        Information","https://www.brabys.com/za/eastern-cape/port-elizabeth/newton-park/financial-planning/werner-strydom-financial-planning","Update Your Business Info","EMAIL","https://www.brabys.com/za/financial-services?page=265#","BOOKMARK","More Information","",""
"https://www.brabys.com/images/logo-placeholder.webp","WESBANK","https://www.brabys.com/za/eastern-cape/east-london/east-london-city-ctr/asset-finance/wesbank","East London City Ctr, East London, Eastern Cape","•","Asset Finance","Phone:","043 703 9500","tel:0437039500","","043 703 9531","tel:0437039531","Visit
                                        Website","http://www.wesbank.co.za/","Update Your Business Info","EMAIL","https://www.brabys.com/za/financial-services?page=265#","BOOKMARK","More Information","",""
"https://www.brabys.com/images/logo-placeholder.webp","WESBANK","https://www.brabys.com/za/eastern-cape/port-elizabeth/newton-park/finance-companies/wesbank","Newton Park, Port Elizabeth, Eastern Cape","•","Finance Companies","Phone:","041 396 5111","tel:0413965111","","","","Visit
                                        Website","http://www.wesbank.co.za/","Update Your Business Info","EMAIL","https://www.brabys.com/za/financial-services?page=265#","BOOKMARK","More Information","",""
"https://www.brabys.com/images/logo-placeholder.webp","WESBANK","https://www.brabys.com/za/kwazulu-natal/umhlanga/umhlanga-ridge/financial-services/wesbank","Umhlanga Ridge, Umhlanga, Kwazulu-Natal","•","Financial Services","Phone:","031 584 8786","tel:0315848786","Email:","rzitha@wesbank.co.za","mailto:rzitha@wesbank.co.za","Visit
                                        Website","http://www.wesbank.co.za/","Update Your Business Info","EMAIL","https://www.brabys.com/za/financial-services?page=265#","BOOKMARK","More Information","",""
"https://www.brabys.com/images/logo-placeholder.webp","WESKAAP REK.COM","https://www.brabys.com/za/western-cape/montagu/finance-companies/weskaap-rekcom","Montagu, Western Cape","•","Finance Companies","Phone:","023 614 2850","tel:0236142850","Email:","weskaaprek@mweb.co.za","mailto:weskaaprek@mweb.co.za","More
                                        Information","https://www.brabys.com/za/western-cape/montagu/finance-companies/weskaap-rekcom","Update Your Business Info","EMAIL","https://www.brabys.com/za/financial-services?page=265#","BOOKMARK","More Information","",""
"https://www.brabys.com/images/logo-placeholder.webp","WEST STREET FINANCIAL SERVICES","https://www.brabys.com/za/gauteng/kempton-park/financial-services/west-street-financial-services","Kempton Park, Gauteng","•","Financial Services","Phone:","011 394 4883","tel:0113944883","Email:","westfinance2@gmail.com","mailto:westfinance2@gmail.com","More
                                        Information","https://www.brabys.com/za/gauteng/kempton-park/financial-services/west-street-financial-services","Update Your Business Info","EMAIL","https://www.brabys.com/za/financial-services?page=265#","BOOKMARK","More Information","",""
"https://www.brabys.com/images/logo-placeholder.webp","WESTERN UNION - ABSA BANK","https://www.brabys.com/za/western-cape/hermanus/money-transfer/western-union-absa-bank","Hermanus, Western Cape","•","Money Transfer","Phone:","028 313 7200","tel:0283137200","","","","More
                                        Information","https://www.brabys.com/za/western-cape/hermanus/money-transfer/western-union-absa-bank","Update Your Business Info","EMAIL","https://www.brabys.com/za/financial-services?page=265#","BOOKMARK","More Information","",""
"https://www.brabys.com/images/logo-placeholder.webp","WESTSIDE FINANCIAL SERVICES","https://www.brabys.com/za/northern-cape/kuruman/finance-companies/westside-financial-services","Kuruman, Northern Cape","•","Finance Companies","Phone:","053 712 0294","tel:0537120294","","","","More
                                        Information","https://www.brabys.com/za/northern-cape/kuruman/finance-companies/westside-financial-services","Update Your Business Info","EMAIL","https://www.brabys.com/za/financial-services?page=265#","BOOKMARK","More Information","",""
"https://www.brabys.com/images/logo-placeholder.webp","WHITELEY AR AND CO","https://www.brabys.com/za/eastern-cape/makhanda/financial-analysis-planning-management/whiteley-ar-and-co","Makhanda, Eastern Cape","•","Financial Analysis, Planning & Management","Phone:","046 622 7204","tel:0466227204","Email:","gtnoffice@arwhitekey.co.za","mailto:gtnoffice@arwhitekey.co.za","More
                                        Information","https://www.brabys.com/za/eastern-cape/makhanda/financial-analysis-planning-management/whiteley-ar-and-co","Update Your Business Info","EMAIL","https://www.brabys.com/za/financial-services?page=266#","BOOKMARK","More Information","",""
"https://www.brabys.com/images/logo-placeholder.webp","WHITFIELD FINTAX","https://www.brabys.com/za/eastern-cape/port-elizabeth/millard-grange/accountants-auditors/whitfield-fintax","Millard Grange, Port Elizabeth, Eastern Cape","•","Accountants & Auditors","Phone:","041 374 3201","tel:0413743201","Email:","reception@whitfieldfintax.co.za","mailto:reception@whitfieldfintax.co.za","More
                                        Information","https://www.brabys.com/za/eastern-cape/port-elizabeth/millard-grange/accountants-auditors/whitfield-fintax","Update Your Business Info","EMAIL","https://www.brabys.com/za/financial-services?page=266#","BOOKMARK","More Information","",""
"https://www.brabys.com/images/logo-placeholder.webp","WHOLISTICS PLANNING GROUP (PTY) LTD","https://www.brabys.com/za/kwazulu-natal/durban/morningside/financial-services/wholistics-planning-group-pty-ltd","Morningside, Durban, Kwazulu-Natal","•","Financial Services","Phone:","031 312 4270","tel:0313124270","Email:","gisellef@wholistics.co.za","mailto:gisellef@wholistics.co.za","Visit
                                        Website","http://www.wholistics.co.za/","Update Your Business Info","EMAIL","https://www.brabys.com/za/financial-services?page=266#","BOOKMARK","More Information","",""
"https://www.brabys.com/images/logo-placeholder.webp","WILLIE DU PLESSIS FINANCIAL SERVICES CC","https://www.brabys.com/za/eastern-cape/beacon-bay/financial-services/willie-du-plessis-financial-services-cc","Beacon Bay, Eastern Cape","•","Financial Services","Phone:","043 555 0950","tel:0435550950","Email:","admin@willieduplessis.co.za","mailto:admin@willieduplessis.co.za","Visit
                                        Website","http://www.willieduplessis.co.za/","Update Your Business Info","EMAIL","https://www.brabys.com/za/financial-services?page=266#","BOOKMARK","More Information","",""
"https://www.brabys.com/images/logo-placeholder.webp","WINSLOW & ASSOCIATES CC","https://www.brabys.com/za/gauteng/sandton/kensington/medical-aid-consultants/winslow-associates-cc","Kensington, Sandton, Gauteng","•","Medical Aid Consultants","Phone:","011 616 2275","tel:0116162275","Email:","winslow@worldonline.co.za","mailto:winslow@worldonline.co.za","More
                                        Information","https://www.brabys.com/za/gauteng/sandton/kensington/medical-aid-consultants/winslow-associates-cc","Update Your Business Info","EMAIL","https://www.brabys.com/za/financial-services?page=266#","BOOKMARK","More Information","",""
"https://www.brabys.com/images/logo-placeholder.webp","WISDOM ASSET MANGEMENT","https://www.brabys.com/za/kwazulu-natal/pietermaritzburg/scottsville/financial-planners/wisdom-asset-mangement","Scottsville, Pietermaritzburg, Kwazulu-Natal","•","Financial Planners","Phone:","033 386 4926","tel:0333864926","Share Call Fax:","033 386 4927","tel:0333864927","Visit
                                        Website","http://www.wisdomam.com/","Update Your Business Info","EMAIL","https://www.brabys.com/za/financial-services?page=266#","BOOKMARK","More Information","086 671 6994","tel:0866716994"
"https://www.brabys.com/images/logo-placeholder.webp","WIZARD PROPERTY FINANCE","https://www.brabys.com/za/western-cape/paarl/mernoleon/property-finance/wizard-property-finance","Mernoleon, Paarl, Western Cape","•","Property Finance","Phone:","021 872 8906","tel:0218728906","Cell:","082 381 9349","tel:0823819349","Visit
                                        Website","http://www.wizard.za.com/","Update Your Business Info","EMAIL","https://www.brabys.com/za/financial-services?page=266#","BOOKMARK","More Information","",""
"https://www.brabys.com/images/logo-placeholder.webp","WOOD FERGUS FINANCIAL SERVICES","https://www.brabys.com/za/western-cape/cape-town/newlands/financial-management-services/wood-fergus-financial-services","Newlands, Cape Town, Western Cape","•","Financial Management Services","Phone:","021 683 5930","tel:0216835930","Email:","plfwood@iafrica.com","mailto:plfwood@iafrica.com","More
                                        Information","https://www.brabys.com/za/western-cape/cape-town/newlands/financial-management-services/wood-fergus-financial-services","Update Your Business Info","EMAIL","https://www.brabys.com/za/financial-services?page=266#","BOOKMARK","More Information","",""
"https://www.brabys.com/images/logo-placeholder.webp","WYNSAM WEALTH CC","https://www.brabys.com/za/kwazulu-natal/pietermaritzburg/town-hill/retirement-investment/wynsam-wealth-cc","Town Hill, Pietermaritzburg, Kwazulu-Natal","•","Retirement & Investment","Phone:","033 394 1958","tel:0333941958","Email:","info@wynsam.co.za","mailto:info@wynsam.co.za","Visit
                                        Website","http://www.wynsamwealth.co.za/","Update Your Business Info","EMAIL","https://www.brabys.com/za/financial-services?page=266#","BOOKMARK","More Information","",""
"https://www.brabys.com/images/logo-placeholder.webp","XCELERATE VERIFICATION AGENCY (PTY) LTD","https://www.brabys.com/za/kwazulu-natal/umhlanga/umhlanga-ridge/bee-verification/xcelerate-verification-agency-pty-ltd","Umhlanga Ridge, Umhlanga, Kwazulu-Natal","•","BEE Verification","Phone:","086 150 5555","tel:0861505555","Share Call Fax:","086 461 7118","tel:0864617118","More
                                        Information","https://www.brabys.com/za/kwazulu-natal/umhlanga/umhlanga-ridge/bee-verification/xcelerate-verification-agency-pty-ltd","Update Your Business Info","EMAIL","https://www.brabys.com/za/financial-services?page=266#","BOOKMARK","More Information","",""
"https://www.brabys.com/images/logo-placeholder.webp","XCELSIOR FINANCIAL SERVICES","https://www.brabys.com/za/gauteng/boksburg/bartlett/financial-services/xcelsior-financial-services","Bartlett, Boksburg, Gauteng","•","Financial Services","Phone:","011 894 4166","tel:0118944166","Email:","boksburg@xcelsiorloans.co.za","mailto:boksburg@xcelsiorloans.co.za","Visit
                                        Website","http://www.xcelsiorloans.co.za/","Update Your Business Info","EMAIL","https://www.brabys.com/za/financial-services?page=267#","BOOKMARK","More Information","",""
"https://www.brabys.com/images/logo-placeholder.webp","XCELSIOR FINANCIAL SERVICES","https://www.brabys.com/za/mpumalanga/emalahleni/benfleur/financial-services/xcelsior-financial-services","Benfleur, Emalahleni, Mpumalanga","•","Financial Services","Phone:","013 656 0058","tel:0136560058","Email:","witbank@xcelsiorloans.co.za","mailto:witbank@xcelsiorloans.co.za","Visit
                                        Website","http://www.xcelsiorloans.co.za/","Update Your Business Info","EMAIL","https://www.brabys.com/za/financial-services?page=267#","BOOKMARK","More Information","",""
"https://www.brabys.com/images/logo-placeholder.webp","XENIUM SECURITIES","https://www.brabys.com/za/gauteng/randburg/blackheath/financial-services/xenium-securities","Blackheath, Randburg, Gauteng","•","Financial Services","Phone:","011 888 8544","tel:0118888544","Email:","trade@xenium.co.za","mailto:trade@xenium.co.za","Visit
                                        Website","http://www.xenium.co.za/","Update Your Business Info","EMAIL","https://www.brabys.com/za/financial-services?page=267#","BOOKMARK","More Information","",""
"https://www.brabys.com/images/logo-placeholder.webp","XPRESSA","https://www.brabys.com/za/gauteng/sandton/woodmead/payment-services-systems/xpressa","Woodmead, Sandton, Gauteng","•","Payment Services & Systems","Phone:","011 803 3509","tel:0118033509","Email:","seanp@xpressa.co.za","mailto:seanp@xpressa.co.za","More
                                        Information","https://www.brabys.com/za/gauteng/sandton/woodmead/payment-services-systems/xpressa","Update Your Business Info","EMAIL","https://www.brabys.com/za/financial-services?page=267#","BOOKMARK","More Information","",""
"https://www.brabys.com/images/logo-placeholder.webp","Y D T FINANCIAL ADVISORS","https://www.brabys.com/za/free-state/bloemfontein/westdene/financial-consultants/y-d-t-financial-advisors","Westdene, Bloemfontein, Free State","•","Financial Consultants","Phone:","051 430 5293","tel:0514305293","Email:","info@ydtgroup.co.za","mailto:info@ydtgroup.co.za","More
                                        Information","https://www.brabys.com/za/free-state/bloemfontein/westdene/financial-consultants/y-d-t-financial-advisors","Update Your Business Info","EMAIL","https://www.brabys.com/za/financial-services?page=267#","BOOKMARK","More Information","",""
"https://www.brabys.com/images/logo-placeholder.webp","YAZ-CONSULT","https://www.brabys.com/za/gauteng/pretoria/arcadia/financial-services/yaz-consult","Arcadia, Pretoria, Gauteng","•","Financial Services","Phone:","012 561 3777","tel:0125613777","","","","Visit
                                        Website","http://www.yazconsult.com/","Update Your Business Info","EMAIL","https://www.brabys.com/za/financial-services?page=267#","BOOKMARK","More Information","",""
"https://www.brabys.com/images/logo-placeholder.webp","YELLOWFIN","https://www.brabys.com/za/kwazulu-natal/pinetown/westmead/asset-finance/yellowfin","Westmead, Pinetown, Kwazulu-Natal","•","Asset Finance","Phone:","031 705 2247","tel:0317052247","Email:","admin@yellowfinfinance.co.za","mailto:admin@yellowfinfinance.co.za","More
                                        Information","https://www.brabys.com/za/kwazulu-natal/pinetown/westmead/asset-finance/yellowfin","Update Your Business Info","EMAIL","https://www.brabys.com/za/financial-services?page=267#","BOOKMARK","More Information","",""
"https://www.brabys.com/images/logo-placeholder.webp","YENZANI","https://www.brabys.com/za/gauteng/roodepoort/helderkruin/financial-services/yenzani","Helderkruin, Roodepoort, Gauteng","•","Financial Services","Phone:","011 764 4969","tel:0117644969","Email:","info@yenzani.co.za","mailto:info@yenzani.co.za","Visit
                                        Website","http://www.yenzani.co.za/","Update Your Business Info","EMAIL","https://www.brabys.com/za/financial-services?page=267#","BOOKMARK","More Information","",""
"https://www.brabys.com/images/logo-placeholder.webp","YENZANI FINANCIAL SERVICES CC","https://www.brabys.com/za/gauteng/roodepoort/helderkruin/financial-services/yenzani-financial-services-cc","Helderkruin, Roodepoort, Gauteng","•","Financial Services","Phone:","086 111 1614","tel:0861111614","Email:","info@yenzani.co.za","mailto:info@yenzani.co.za","More
                                        Information","https://www.brabys.com/za/gauteng/roodepoort/helderkruin/financial-services/yenzani-financial-services-cc","Update Your Business Info","EMAIL","https://www.brabys.com/za/financial-services?page=267#","BOOKMARK","More Information","",""
"https://www.brabys.com/images/logo-placeholder.webp","YOUR CFO","https://www.brabys.com/za/gauteng/johannesburg/parkhurst/financial-management-services/your-cfo","Parkhurst, Johannesburg, Gauteng","•","Financial Management Services","Cell:","071 928 2628","tel:0719282628","Email:","enid@yourcfo.co.za","mailto:enid@yourcfo.co.za","Visit
                                        Website","http://www.yourcfo.co.za/","Update Your Business Info","EMAIL","https://www.brabys.com/za/financial-services?page=267#","BOOKMARK","More Information","",""
"https://www.brabys.com/images/logo-placeholder.webp","YSTERBERG FINANCIAL SERVICES","https://www.brabys.com/za/limpopo/polokwane/financial-services/ysterberg-financial-services","Polokwane, Limpopo","•","Financial Services","Phone:","015 296 2168","tel:0152962168","","","","More
                                        Information","https://www.brabys.com/za/limpopo/polokwane/financial-services/ysterberg-financial-services","Update Your Business Info","EMAIL","https://www.brabys.com/za/financial-services?page=268#","BOOKMARK","More Information","",""
"https://www.brabys.com/images/logo-placeholder.webp","Z J NDABA FINANCIAL SERVICES","https://www.brabys.com/za/kwazulu-natal/pietermaritzburg/finance-companies/z-j-ndaba-financial-services","Pietermaritzburg, Kwazulu-Natal","•","Finance Companies","Phone:","033 342 0202","tel:0333420202","Email:","zjndabafs@telkomsa.net","mailto:zjndabafs@telkomsa.net","More
                                        Information","https://www.brabys.com/za/kwazulu-natal/pietermaritzburg/finance-companies/z-j-ndaba-financial-services","Update Your Business Info","EMAIL","https://www.brabys.com/za/financial-services?page=268#","BOOKMARK","More Information","",""
"https://www.brabys.com/images/logo-placeholder.webp","Z-FIN","https://www.brabys.com/za/western-cape/cape-town/kenilworth/financial-services/z-fin","Kenilworth, Cape Town, Western Cape","•","Financial Services","Phone:","021 201 6486","tel:0212016486","Email:","info@zfin.co.za","mailto:info@zfin.co.za","Visit
                                        Website","http://www.zfin.co.za/","Update Your Business Info","EMAIL","https://www.brabys.com/za/financial-services?page=268#","BOOKMARK","More Information","",""
"https://www.brabys.com/images/logo-placeholder.webp","ZAKLY INVESTMENTS","https://www.brabys.com/za/eastern-cape/port-elizabeth/walmer/financial-services/zakly-investments","Walmer, Port Elizabeth, Eastern Cape","•","Financial Services","Phone:","041 581 8485","tel:0415818485","","","","More
                                        Information","https://www.brabys.com/za/eastern-cape/port-elizabeth/walmer/financial-services/zakly-investments","Update Your Business Info","EMAIL","https://www.brabys.com/za/financial-services?page=268#","BOOKMARK","More Information","",""
"https://www.brabys.com/images/logo-placeholder.webp","ZAMA'S TAXI","https://www.brabys.com/za/kwazulu-natal/ladysmith/egerton/taxi-services/zamas-taxi","Egerton, Ladysmith, Kwazulu-Natal","•","Taxi Services","Phone:","036 631 0036","tel:0366310036","Cell:","073 244 0406","tel:0732440406","More
                                        Information","https://www.brabys.com/za/kwazulu-natal/ladysmith/egerton/taxi-services/zamas-taxi","Update Your Business Info","EMAIL","https://www.brabys.com/za/financial-services?page=268#","BOOKMARK","More Information","phineasnzama@mweb.co.za","mailto:phineasnzama@mweb.co.za"
"https://www.brabys.com/images/logo-placeholder.webp","ZAMANI FINANCIAL SERVICES","https://www.brabys.com/za/kwazulu-natal/pietermaritzburg/financial-services/zamani-financial-services","Pietermaritzburg, Kwazulu-Natal","•","Financial Services","Phone:","033 394 3970","tel:0333943970","","","","More
                                        Information","https://www.brabys.com/za/kwazulu-natal/pietermaritzburg/financial-services/zamani-financial-services","Update Your Business Info","EMAIL","https://www.brabys.com/za/financial-services?page=268#","BOOKMARK","More Information","",""
"https://www.brabys.com/images/logo-placeholder.webp","ZAPPER","https://www.brabys.com/za/western-cape/milnerton/century-city/financial-services/zapper","Century City, Milnerton, Western Cape","•","Financial Services","VOIP:","087 150 1001","tel:0871501001","","","","More
                                        Information","https://www.brabys.com/za/western-cape/milnerton/century-city/financial-services/zapper","Update Your Business Info","EMAIL","https://www.brabys.com/za/financial-services?page=268#","BOOKMARK","More Information","",""
"https://www.brabys.com/images/logo-placeholder.webp","ZASCON FINANCIAL SERVICES","https://www.brabys.com/za/kwazulu-natal/durban/financial-services/zascon-financial-services","Durban, Kwazulu-Natal","•","Financial Services","Phone:","031 207 8139","tel:0312078139","Cell:","082 678 6706","tel:0826786706","More
                                        Information","https://www.brabys.com/za/kwazulu-natal/durban/financial-services/zascon-financial-services","Update Your Business Info","EMAIL","https://www.brabys.com/za/financial-services?page=268#","BOOKMARK","More Information","086 560 5786","tel:0865605786"
"https://www.brabys.com/images/logo-placeholder.webp","ZIETSMAN JAN FINANSIELE DIENSTE","https://www.brabys.com/za/gauteng/pretoria/faerie-glen/finance-companies/zietsman-jan-finansiele-dienste","Faerie Glen, Pretoria, Gauteng","•","Finance Companies","Phone:","012 991 2070","tel:0129912070","Email:","jdz1@jdz1finko.co.za","mailto:jdz1@jdz1finko.co.za","More
                                        Information","https://www.brabys.com/za/gauteng/pretoria/faerie-glen/finance-companies/zietsman-jan-finansiele-dienste","Update Your Business Info","EMAIL","https://www.brabys.com/za/financial-services?page=268#","BOOKMARK","More Information","",""
"https://www.brabys.com/images/logo-placeholder.webp","ZILWA & ASSOCIATES PROFESSIONAL ACCOUNTANTS","https://www.brabys.com/za/eastern-cape/mthatha/accountants-auditors/zilwa-associates-professional-accountants","Mthatha, Eastern Cape","•","Accountants & Auditors","Phone:","047 532 2721","tel:0475322721","Email:","zilwafs@telkomsa.net","mailto:zilwafs@telkomsa.net","More
                                        Information","https://www.brabys.com/za/eastern-cape/mthatha/accountants-auditors/zilwa-associates-professional-accountants","Update Your Business Info","EMAIL","https://www.brabys.com/za/financial-services?page=268#","BOOKMARK","More Information","",""
"https://www.brabys.com/images/logo-placeholder.webp","ZIPHAKAMISE SACCO LTD","https://www.brabys.com/za/kwazulu-natal/richards-bay/alton/financial-services/ziphakamise-sacco-ltd","Alton, Richards Bay, Kwazulu-Natal","•","Financial Services","Phone:","035 797 5175","tel:0357975175","Email:","info@ziphakamise.co.za","mailto:info@ziphakamise.co.za","More
                                        Information","https://www.brabys.com/za/kwazulu-natal/richards-bay/alton/financial-services/ziphakamise-sacco-ltd","Update Your Business Info","EMAIL","https://www.brabys.com/za/financial-services?page=269#","BOOKMARK","More Information","",""
"https://www.brabys.com/images/logo-placeholder.webp","ZIZAKUHLE CABS","https://www.brabys.com/za/kwazulu-natal/durban/esplanade/metered-taxis/zizakuhle-cabs","Esplanade, Durban, Kwazulu-Natal","•","Metered Taxis","Phone:","031 321 5040","tel:0313215040","Cell:","083 558 6928","tel:0835586928","More
                                        Information","https://www.brabys.com/za/kwazulu-natal/durban/esplanade/metered-taxis/zizakuhle-cabs","Update Your Business Info","EMAIL","https://www.brabys.com/za/financial-services?page=269#","BOOKMARK","More Information","sizwemvubu1303@gmail.com","mailto:sizwemvubu1303@gmail.com"
"https://www.brabys.com/images/logo-placeholder.webp","ZWARTS FINANCIAL SERVICES","https://www.brabys.com/za/mpumalanga/secunda/financial-services/zwarts-financial-services","Secunda, Mpumalanga","•","Financial Services","Phone:","017 631 1183","tel:0176311183","Email:","rika@zacc.co.za","mailto:rika@zacc.co.za","More
                                        Information","https://www.brabys.com/za/mpumalanga/secunda/financial-services/zwarts-financial-services","Update Your Business Info","EMAIL","https://www.brabys.com/za/financial-services?page=269#","BOOKMARK","More Information","",""
"","","","","","","","","","","","","","","","","","","","",""