"w-full src","text-lg","text-lg href","pt-2","text-black","w-full","contactItem","contactItem href","w-full 2","contactItem 2","contactItem href 2","text-white 2","text-white href","hover:bg-gray-400 href","text-base"
"https://www.brabys.com/resize/logos/m/5825723/joburg.jpg.jpg","JOBURG INDUSTRIAL TRADING SA (PTY) LTD","https://www.brabys.com/za/gauteng/sandton/linbro-park/solar-powered-products/joburg-industrial-trading-sa-pty-ltd","Linbro Park, Sandton, Gauteng","Solar Powered Products","Phone:","011 553 6900","tel:0115536900","Cell:","082 853 1054","tel:0828531054","Visit
                                        Website","http://www.kirloskar.co.za/","https://www.brabys.com/za/solar-installers-supplies#",""
"https://www.brabys.com/images/logo-placeholder.webp","CALTEC SOLAR AFRICA","https://www.brabys.com/za/kwazulu-natal/ladysmith/solar-installation/caltec-solar-africa","Ladysmith, Kwazulu-Natal","Solar Installation","Cell:","082 563 8827","tel:0825638827","Email:","delano@caltecsolar.africa","mailto:delano@caltecsolar.africa","More
                                        Information","https://www.brabys.com/za/kwazulu-natal/ladysmith/solar-installation/caltec-solar-africa","https://www.brabys.com/za/solar-installers-supplies#",""
"https://www.brabys.com/images/logo-placeholder.webp","POWERED UP BATTERIES (PTY) LTD","https://www.brabys.com/za/kwazulu-natal/pietermaritzburg/hilton/batteries-hilton/powered-up-batteries-pty-ltd","Hilton, Pietermaritzburg, Kwazulu-Natal","Batteries - Hilton","Phone:","033 880 0201","tel:0338800201","Email:","sales@poweredupbatteries.co.za","mailto:sales@poweredupbatteries.co.za","Visit
                                        Website","http://www.poweredupbatteries.co.za/","https://www.brabys.com/za/solar-installers-supplies#",""
"https://www.brabys.com/images/logo-placeholder.webp","SOLAFFICIENT SOLUTIONS (PTY) LTD","https://www.brabys.com/za/kwazulu-natal/durban/durban-north/solar-solutions/solafficient-solutions-pty-ltd","Durban North, Durban, Kwazulu-Natal","Solar Solutions","Cell:","063 687 3873","tel:0636873873","Email:","082 830 7189","tel:0828307189","Visit
                                        Website","http://www.solafficient.co.za/","https://www.brabys.com/za/solar-installers-supplies#",""
"https://www.brabys.com/images/logo-placeholder.webp","STARPLEX 222 (PTY) LTD","https://www.brabys.com/za/kwazulu-natal/howick/merrivale/electrical-contractors/starplex-222-pty-ltd","Merrivale, Howick, Kwazulu-Natal","Electrical Contractors","Phone:","033 330 3440","tel:0333303440","Email:","renier@starplex222.co.za","mailto:renier@starplex222.co.za","Visit
                                        Website","http://www.starplexsolar.co.za/","https://www.brabys.com/za/solar-installers-supplies#",""
"https://www.brabys.com/images/logo-placeholder.webp","4 U SOLAR","https://www.brabys.com/za/gauteng/germiston/lambton/solar-energy/4-u-solar","Lambton, Germiston, Gauteng","","Cell:","081 774 8605","tel:0817748605","Email:","info@4usolar.co.za","mailto:info@4usolar.co.za","Visit
                                        Website","http://www.4usolar.co.za/","https://www.brabys.com/za/solar-installers-supplies#","Update Your Business Info"
"https://www.brabys.com/images/logo-placeholder.webp","A C SCREENS & SHUTTERS (PTY) LTD","https://www.brabys.com/za/western-cape/goodwood/solar-screens/a-c-screens-shutters-pty-ltd","Goodwood, Western Cape","Solar Screens","Phone:","021 590 5090","tel:0215905090","Email:","info@acscreens.co.za","mailto:info@acscreens.co.za","Visit
                                        Website","http://www.acscreens.co.za/","https://www.brabys.com/za/solar-installers-supplies#","Update Your Business Info"
"https://www.brabys.com/images/logo-placeholder.webp","A M SOLAR","https://www.brabys.com/za/gauteng/johannesburg/northcliff/solar-products/a-m-solar","Northcliff, Johannesburg, Gauteng","Solar Products","Cell:","068 110 8120","tel:0681108120","Email:","info@amsolar.co.za","mailto:info@amsolar.co.za","Visit
                                        Website","http://www.amsolar.co.za/","https://www.brabys.com/za/solar-installers-supplies#","Update Your Business Info"
"https://www.brabys.com/images/logo-placeholder.webp","A S E SERVICES (PTY) LTD","https://www.brabys.com/za/gauteng/henley-on-klip/solar-electric-power-systems-equipment/a-s-e-services-pty-ltd","Henley-On-Klip, Gauteng","Solar Electric Power - Systems & Equipment","Cell:","071 868 1333","tel:0718681333","Email:","annabelle.solar@gmail.com","mailto:annabelle.solar@gmail.com","More
                                        Information","https://www.brabys.com/za/gauteng/henley-on-klip/solar-electric-power-systems-equipment/a-s-e-services-pty-ltd","https://www.brabys.com/za/solar-installers-supplies#","Update Your Business Info"
"https://www.brabys.com/images/logo-placeholder.webp","ACCESS 2 SOLAR","https://www.brabys.com/za/gauteng/boksburg/solar-water-heaters/access-2-solar","Boksburg, Gauteng","Solar  Heaters","Cell:","081 896 4011","tel:0818964011","Email:","samantha@access2solar.co.za","mailto:samantha@access2solar.co.za","More
                                        Information","https://www.brabys.com/za/gauteng/boksburg/solar-water-heaters/access-2-solar","https://www.brabys.com/za/solar-installers-supplies#","Update Your Business Info"
"https://www.brabys.com/images/logo-placeholder.webp","ACES ENERGY (PTY) LTD","https://www.brabys.com/za/western-cape/somerset-west/renewable-energy/aces-energy-pty-ltd","Somerset West, Western Cape","","Phone:","021 852 4692","tel:0218524692","Email:","admin@acesafrica.com","mailto:admin@acesafrica.com","Visit
                                        Website","http://www.acesafrica.com/","https://www.brabys.com/za/solar-installers-supplies?page=2#","Update Your Business Info"
"https://www.brabys.com/images/logo-placeholder.webp","AD RENEWABLES","https://www.brabys.com/za/kwazulu-natal/gillitts/everton/renewable-energy/ad-renewables","Everton, Gillitts, Kwazulu-Natal","Renewable","Cell:","083 264 4383","tel:0832644383","Email:","072 670 0642","tel:0726700642","Visit
                                        Website","http://www.adrenewables.co.za/","https://www.brabys.com/za/solar-installers-supplies?page=2#","Update Your Business Info"
"https://www.brabys.com/images/logo-placeholder.webp","ADZAM ENERGY","https://www.brabys.com/za/gauteng/pretoria/silvertondale/solar-water-heating-solutions-services/adzam-energy","Silvertondale, Pretoria, Gauteng","Solar Water Heating Solutions & Services","Phone:","012 804 4983","tel:0128044983","Email:","refilwe@adzam.co.za","mailto:refilwe@adzam.co.za","More
                                        Information","https://www.brabys.com/za/gauteng/pretoria/silvertondale/solar-water-heating-solutions-services/adzam-energy","https://www.brabys.com/za/solar-installers-supplies?page=2#","Update Your Business Info"
"https://www.brabys.com/images/logo-placeholder.webp","AFRENERGY (PTY) LTD","https://www.brabys.com/za/gauteng/sandton/oaklands/solar-energy-equipment/afrenergy-pty-ltd","Oaklands, Sandton, Gauteng","Solar Energy Equipment","Phone:","011 728 8530","tel:0117288530","Cell:","083 447 6314","tel:0834476314","More
                                        Information","https://www.brabys.com/za/gauteng/sandton/oaklands/solar-energy-equipment/afrenergy-pty-ltd","https://www.brabys.com/za/solar-installers-supplies?page=2#","Update Your Business Info"
"https://www.brabys.com/images/logo-placeholder.webp","AFRICA POWER EQUIPMENT (PTY) LTD","https://www.brabys.com/za/gauteng/randburg/north-riding/solar/africa-power-equipment-pty-ltd","North Riding, Randburg, Gauteng","Solar","Phone:","010 001 4310","tel:0100014310","Email:","brett@powerequipment.co.za","mailto:brett@powerequipment.co.za","Visit
                                        Website","http://www.powerequipment.co.za/","https://www.brabys.com/za/solar-installers-supplies?page=2#","Update Your Business Info"
"https://www.brabys.com/images/logo-placeholder.webp","AFRICA SOLAR CITY","https://www.brabys.com/za/gauteng/johannesburg/selby-exts/solar-energy-equipment/africa-solar-city","Selby Exts, Johannesburg, Gauteng","Solar Energy Equipment","Cell:","083 249 3558","tel:0832493558","Email:","africansolarycity@gmail.com","mailto:africansolarycity@gmail.com","Visit
                                        Website","http://www.africasolarcity.com/","https://www.brabys.com/za/solar-installers-supplies?page=2#","Update Your Business Info"
"https://www.brabys.com/images/logo-placeholder.webp","AFRICO SOLAR","https://www.brabys.com/za/kwazulu-natal/durban/riverhorse-vlly-b-es/solar-energy-equipment/africo-solar","Riverhorse Vlly B Es, Durban, Kwazulu-Natal","Solar Energy Equipment","Cell:","072 091 9481","tel:0720919481","","","","More
                                        Information","https://www.brabys.com/za/kwazulu-natal/durban/riverhorse-vlly-b-es/solar-energy-equipment/africo-solar","https://www.brabys.com/za/solar-installers-supplies?page=2#","Update Your Business Info"
"https://www.brabys.com/images/logo-placeholder.webp","AFRICO SOLAR WHOLESALER & IMPORTER CAPE TOWN","https://www.brabys.com/za/western-cape/cape-town/airport-industria/solar-energy-equipment/africo-solar-wholesaler-importer-cape-town","Airport Industria, Cape Town, Western Cape","Solar Energy Equipment","Phone:","021 853 3857","tel:0218533857","Email:","solar@africogroup.com","mailto:solar@africogroup.com","More
                                        Information","https://www.brabys.com/za/western-cape/cape-town/airport-industria/solar-energy-equipment/africo-solar-wholesaler-importer-cape-town","https://www.brabys.com/za/solar-installers-supplies?page=2#","Update Your Business Info"
"https://www.brabys.com/images/logo-placeholder.webp","AGRI SOLAR","https://www.brabys.com/za/northern-cape/upington/laboria/solar-systems/agri-solar","Laboria, Upington, Northern Cape","Solar Systems","Phone:","054 331 0074","tel:0543310074","Cell:","076 600 4531","tel:0766004531","Visit
                                        Website","http://www.agrisolar.co.za/","https://www.brabys.com/za/solar-installers-supplies?page=2#","Update Your Business Info"
"https://www.brabys.com/images/logo-placeholder.webp","AGRI SOLAR CALVINIA","https://www.brabys.com/za/northern-cape/calvinia/solar-equipment/agri-solar-calvinia","Calvinia, Northern Cape","Solar Equipment","Cell:","061 431 7964","tel:0614317964","","","","Visit
                                        Website","http://www.agrisolar.co.za/","https://www.brabys.com/za/solar-installers-supplies?page=2#","Update Your Business Info"
"https://www.brabys.com/images/logo-placeholder.webp","ALL SOLAR MIDDELBURG","https://www.brabys.com/za/mpumalanga/middelburg-m/golfsig/renewable-energy-solutions/all-solar-middelburg","Golfsig, Middelburg (M), Mpumalanga","Solutions","Cell:","072 143 6651","tel:0721436651","Email:","middelburg@allsolar.co.za","mailto:middelburg@allsolar.co.za","Visit
                                        Website","http://www.allsolar.co.za/","https://www.brabys.com/za/solar-installers-supplies?page=3#","Update Your Business Info"
"https://www.brabys.com/images/logo-placeholder.webp","ALL SOLAR OVERBERG","https://www.brabys.com/za/western-cape/bredasdorp/renewable-energy-solutions/all-solar-overberg","Bredasdorp, Western Cape","Renewable  Solutions","Phone:","028 008 5005","tel:0280085005","","","","More
                                        Information","https://www.brabys.com/za/western-cape/bredasdorp/renewable-energy-solutions/all-solar-overberg","https://www.brabys.com/za/solar-installers-supplies?page=3#","Update Your Business Info"
"https://www.brabys.com/images/logo-placeholder.webp","ALLSOLAR KAROO & CERES KAROO ROUX & VISSER ELECTRICAL CONTRACTORS","https://www.brabys.com/za/western-cape/beaufort-west/electrical-contractors/allsolar-karoo-ceres-karoo-roux-visser-electrical-contractors","Beaufort West, Western Cape","Electrical Contractors","Phone:","023 004 1448","tel:0230041448","Email:","admin@lerouxvisser.co.za","mailto:admin@lerouxvisser.co.za","More
                                        Information","https://www.brabys.com/za/western-cape/beaufort-west/electrical-contractors/allsolar-karoo-ceres-karoo-roux-visser-electrical-contractors","https://www.brabys.com/za/solar-installers-supplies?page=3#","Update Your Business Info"
"https://www.brabys.com/resize/logos/m/6063291/all.jpg","ALLSOLAR NORTHERN LIMPOPO","https://www.brabys.com/za/limpopo/alldays/renewable-energy/allsolar-northern-limpopo","Alldays, Limpopo","Renewable Energy","Cell:","082 894 3523","tel:0828943523","Share Call Fax:","086 605 7019","tel:0866057019","Visit
                                        Website","http://www.allsolar.co.za/","https://www.brabys.com/za/solar-installers-supplies?page=3#","Update Your Business Info"
"https://www.brabys.com/images/logo-placeholder.webp","APOLLO SOLAR TECHNOLOGY","https://www.brabys.com/za/gauteng/johannesburg/solar-energy/apollo-solar-technology","Johannesburg, Gauteng","Solar Energy","Cell:","072 335 9292","tel:0723359292","Email:","info@apollosolartechnology.co.za","mailto:info@apollosolartechnology.co.za","Visit
                                        Website","http://www.apollosolartechnology.co.za/","https://www.brabys.com/za/solar-installers-supplies?page=3#","Update Your Business Info"
"https://www.brabys.com/images/logo-placeholder.webp","APOLLO TECHNOLOGY","https://www.brabys.com/za/gauteng/randburg/strijdom-park/solar-energy/apollo-technology","Strijdom Park, Randburg, Gauteng","Solar Energy","Phone:","011 791 3936","tel:0117913936","Email:","011 791 3957","tel:0117913957","Visit
                                        Website","http://www.apollotechnology.co.za/","https://www.brabys.com/za/solar-installers-supplies?page=3#","Update Your Business Info"
"https://www.brabys.com/images/logo-placeholder.webp","ART SOLAR (PTY) LTD","https://www.brabys.com/za/kwazulu-natal/new-germany/solar-energy-equipment/art-solar-pty-ltd","New Germany, Kwazulu-Natal","Solar Energy Equipment","Phone:","031 100 1019","tel:0311001019","Email:","info@artsolar.net","mailto:info@artsolar.net","Visit
                                        Website","http://www.artsolar.net/","https://www.brabys.com/za/solar-installers-supplies?page=3#","Update Your Business Info"
"https://www.brabys.com/images/logo-placeholder.webp","ASUNIM SOLAR SOUTH AFRICA (PTY) LTD","https://www.brabys.com/za/gauteng/bedfordview/solar-energy/asunim-solar-south-africa-pty-ltd","Bedfordview, Gauteng","Solar Energy","Phone:","011 083 9535","tel:0110839535","Email:","sales@asunim.co.za","mailto:sales@asunim.co.za","Visit
                                        Website","http://www.asunim.co.za/","https://www.brabys.com/za/solar-installers-supplies?page=3#","Update Your Business Info"
"https://www.brabys.com/images/logo-placeholder.webp","ATLANTIC RENEWABLE ENERGY PARTNERS","https://www.brabys.com/za/western-cape/cape-town/central/renewable-energy/atlantic-renewable-energy-partners","Central, Cape Town, Western Cape","Renewable Energy","Cell:","084 401 9015","tel:0844019015","Email:","david@atlanticep.com","mailto:david@atlanticep.com","Visit
                                        Website","http://www.atlanticep.com/","https://www.brabys.com/za/solar-installers-supplies?page=3#","Update Your Business Info"
"https://www.brabys.com/images/logo-placeholder.webp","BAMO (PTY) LTD","https://www.brabys.com/za/western-cape/bellville/tygervalley/solar-energy/bamo-pty-ltd","Tygervalley, Bellville, Western Cape","Solar Energy","Cell:","067 979 0974","tel:0679790974","Email:","naveed@bamo.org.za","mailto:naveed@bamo.org.za","More
                                        Information","https://www.brabys.com/za/western-cape/bellville/tygervalley/solar-energy/bamo-pty-ltd","https://www.brabys.com/za/solar-installers-supplies?page=3#","Update Your Business Info"
"https://www.brabys.com/images/logo-placeholder.webp","BATTERIES AND SOLAR INVERTERS (PTY) LTD","https://www.brabys.com/za/western-cape/brackenfell/de-tuin/solar-installers/batteries-and-solar-inverters-pty-ltd","De Tuin, Brackenfell, Western Cape","Solar Installers","Cell:","083 770 0154","tel:0837700154","Email:","batteries2solar@gmail.com","mailto:batteries2solar@gmail.com","Visit
                                        Website","http://www.batteries-solar.co.za/","https://www.brabys.com/za/solar-installers-supplies?page=4#","Update Your Business Info"
"https://www.brabys.com/images/logo-placeholder.webp","BAY SOLAR","https://www.brabys.com/za/western-cape/langebaan/solar-energy/bay-solar","Langebaan, Western Cape","","Phone:","022 495 0016","tel:0224950016","Email:","info@baysolar.co.za","mailto:info@baysolar.co.za","More
                                        Information","https://www.brabys.com/za/western-cape/langebaan/solar-energy/bay-solar","https://www.brabys.com/za/solar-installers-supplies?page=4#","Update Your Business Info"
"https://www.brabys.com/images/logo-placeholder.webp","BENEKE INDUSTRIES (PTY) LTD","https://www.brabys.com/za/gauteng/pretoria/bon-accord-a-h/solar-energy-equipment/beneke-industries-pty-ltd","Bon Accord A H, Pretoria, Gauteng","Solar  Equipment","Phone:","012 562 0539","tel:0125620539","","","","Visit
                                        Website","http://www.benekeindustries.co.za/","https://www.brabys.com/za/solar-installers-supplies?page=4#","Update Your Business Info"
"https://www.brabys.com/images/logo-placeholder.webp","BIONRG","https://www.brabys.com/za/gauteng/krugersdorp/chamdor/solar-energy-solutions/bionrg","Chamdor, Krugersdorp, Gauteng","Solar Energy Solutions","Cell:","079 179 6131","tel:0791796131","Email:","marthinus@bionrg.co.za","mailto:marthinus@bionrg.co.za","Visit
                                        Website","http://www.bionrg.co.za/","https://www.brabys.com/za/solar-installers-supplies?page=4#","Update Your Business Info"
"https://www.brabys.com/images/logo-placeholder.webp","BIOTHERM ENERGY (PTY) LTD","https://www.brabys.com/za/gauteng/sandton/fourways/solar-energy-equipment/biotherm-energy-pty-ltd","Fourways, Sandton, Gauteng","Solar Energy Equipment","Phone:","011 367 4600","tel:0113674600","Email:","nsere@biothermenergy.com","mailto:nsere@biothermenergy.com","Visit
                                        Website","http://www.biothermenergy.com/","https://www.brabys.com/za/solar-installers-supplies?page=4#","Update Your Business Info"
"https://www.brabys.com/images/logo-placeholder.webp","BLUE PLANET POWER","https://www.brabys.com/za/western-cape/knysna/the-waterfront/solar-energy-solutions/blue-planet-power","The Waterfront, Knysna, Western Cape","Solar Energy Solutions","Phone:","044 382 1507","tel:0443821507","Email:","richard@blueplanetpower.co.za","mailto:richard@blueplanetpower.co.za","Visit
                                        Website","http://www.blueplanetpower.co.za/","https://www.brabys.com/za/solar-installers-supplies?page=4#","Update Your Business Info"
"https://www.brabys.com/images/logo-placeholder.webp","BLUESHIFT ENERGY","https://www.brabys.com/za/gauteng/sandton/bryanston/renewable-energy/blueshift-energy","Bryanston, Sandton, Gauteng","Renewable Energy","Phone:","011 463 5643","tel:0114635643","Email:","info@blueshift.energy","mailto:info@blueshift.energy","Visit
                                        Website","http://www.blueshift.energy/","https://www.brabys.com/za/solar-installers-supplies?page=4#","Update Your Business Info"
"https://www.brabys.com/images/logo-placeholder.webp","BOLAND SOLAR SYSTEMS PV & GENERATORS","https://www.brabys.com/za/western-cape/de-doorns/solar-energy/boland-solar-systems-pv-generators","De Doorns, Western Cape","Solar Energy","Cell:","068 041 1205","tel:0680411205","","","","More
                                        Information","https://www.brabys.com/za/western-cape/de-doorns/solar-energy/boland-solar-systems-pv-generators","https://www.brabys.com/za/solar-installers-supplies?page=4#","Update Your Business Info"
"https://www.brabys.com/images/logo-placeholder.webp","BONOTECH","https://www.brabys.com/za/gauteng/randburg/triomf/solar-lighting-suppliers/bonotech","Triomf, Randburg, Gauteng","Solar Lighting Suppliers","Cell:","072 496 3009","tel:0724963009","Email:","082 719 1623","tel:0827191623","More
                                        Information","https://www.brabys.com/za/gauteng/randburg/triomf/solar-lighting-suppliers/bonotech","https://www.brabys.com/za/solar-installers-supplies?page=4#","Update Your Business Info"
"https://www.brabys.com/resize/logos/m/5998745/bosveld.jpg","BOSVELD BATTERYE","https://www.brabys.com/za/limpopo/lephalale/batteries-ellisraslephalale/bosveld-batterye","Lephalale, Limpopo","Batteries - Ellisras/Lephalale","Phone:","014 763 3327","tel:0147633327","Cell:","082 641 6072","tel:0826416072","Visit
                                        Website","http://www.bosveldbatterye.co.za/","https://www.brabys.com/za/solar-installers-supplies?page=4#","Update Your Business Info"
"https://www.brabys.com/images/logo-placeholder.webp","BRIGHTBLACK ENERGY","https://www.brabys.com/za/gauteng/sandton/rosebank/solar-energy/brightblack-energy","Rosebank, Sandton, Gauteng","","Phone:","010 015 0700","tel:0100150700","Email:","consult@brightblack.co.za","mailto:consult@brightblack.co.za","Visit
                                        Website","http://www.brightblack.co.za/","https://www.brabys.com/za/solar-installers-supplies?page=5#","Update Your Business Info"
"https://www.brabys.com/images/logo-placeholder.webp","C N B M SA","https://www.brabys.com/za/western-cape/cape-town/airport-industria/solar/c-n-b-m-sa","Airport Industria, Cape Town, Western Cape","Solar","Phone:","021 204 4537","tel:0212044537","","","","More
                                        Information","https://www.brabys.com/za/western-cape/cape-town/airport-industria/solar/c-n-b-m-sa","https://www.brabys.com/za/solar-installers-supplies?page=5#","Update Your Business Info"
"https://www.brabys.com/resize/logos/m/4760732/camdetech.gif","CAMDETECH TECHNOLOGIES (PTY) LTD","https://www.brabys.com/za/gauteng/sandton/sandown/fire-detection-systems/camdetech-technologies-pty-ltd","Sandown, Sandton, Gauteng","Fire Detection Systems","Phone:","011 465 3608","tel:0114653608","Cell:","082 451 1644","tel:0824511644","Visit
                                        Website","http://www.camdetech.com/","https://www.brabys.com/za/solar-installers-supplies?page=5#","Update Your Business Info"
"https://www.brabys.com/images/logo-placeholder.webp","CANADIAN SOLAR SOUTH AFRICA (PTY) LTD","https://www.brabys.com/za/western-cape/cape-town/newlands/solar-equipment/canadian-solar-south-africa-pty-ltd","Newlands, Cape Town, Western Cape","Solar Equipment","Phone:","021 001 4800","tel:0210014800","Email:","sales.ssa@csisolar.com","mailto:sales.ssa@csisolar.com","Visit
                                        Website","http://www.canadiansolar.com/","https://www.brabys.com/za/solar-installers-supplies?page=5#","Update Your Business Info"
"https://www.brabys.com/images/logo-placeholder.webp","CAPE COAST PLUMBING & SOLAR","https://www.brabys.com/za/western-cape/fish-hoek/sun-valley/solar-water-heating-equipment/cape-coast-plumbing-solar","Sun Valley, Fish Hoek, Western Cape","Equipment","Cell:","076 489 4163","tel:0764894163","Email:","info@capecoastplumbing.co.za","mailto:info@capecoastplumbing.co.za","More
                                        Information","https://www.brabys.com/za/western-cape/fish-hoek/sun-valley/solar-water-heating-equipment/cape-coast-plumbing-solar","https://www.brabys.com/za/solar-installers-supplies?page=5#","Update Your Business Info"
"https://www.brabys.com/images/logo-placeholder.webp","CARBO CONSULT & ENGINEERING (PTY) LTD","https://www.brabys.com/za/gauteng/sandton/woodmead/renewable-energy/carbo-consult-engineering-pty-ltd","Woodmead, Sandton, Gauteng","Renewable Energy","Phone:","011 234 2711","tel:0112342711","Email:","info@carboconsult.com","mailto:info@carboconsult.com","Visit
                                        Website","http://www.carboconsult.com/","https://www.brabys.com/za/solar-installers-supplies?page=5#","Update Your Business Info"
"https://www.brabys.com/images/logo-placeholder.webp","CEDAR SOLAR","https://www.brabys.com/za/gauteng/roodepoort/honeydew/solar/cedar-solar","Honeydew, Roodepoort, Gauteng","Solar","Phone:","011 794 4664","tel:0117944664","Cell:","082 707 0322","tel:0827070322","Visit
                                        Website","http://www.cedarsolar.com/","https://www.brabys.com/za/solar-installers-supplies?page=5#","Update Your Business Info"
"https://www.brabys.com/images/logo-placeholder.webp","CHILLNET","https://www.brabys.com/za/western-cape/riversdale/solar-energy/chillnet","Riversdale, Western Cape","Solar Energy","Cell:","082 434 6015","tel:0824346015","","","","More
                                        Information","https://www.brabys.com/za/western-cape/riversdale/solar-energy/chillnet","https://www.brabys.com/za/solar-installers-supplies?page=5#","Update Your Business Info"
"https://www.brabys.com/images/logo-placeholder.webp","CLASSIC ORIENTAL TRADING","https://www.brabys.com/za/free-state/bloemfontein/westdene/solar-water-heating-equipment/classic-oriental-trading","Westdene, Bloemfontein, Free State","Solar Water Heating Equipment","Phone:","051 448 8579","tel:0514488579","Cell:","083 579 2788","tel:0835792788","More
                                        Information","https://www.brabys.com/za/free-state/bloemfontein/westdene/solar-water-heating-equipment/classic-oriental-trading","https://www.brabys.com/za/solar-installers-supplies?page=5#","Update Your Business Info"
"https://www.brabys.com/images/logo-placeholder.webp","CLEAN HEAT SOLAR","https://www.brabys.com/za/gauteng/krugersdorp/lanseria/solar-heating/clean-heat-solar","Lanseria, Krugersdorp, Gauteng","Solar Heating","Phone:","011 708 6158","tel:0117086158","Email:","training@cleanheatsolar.com","mailto:training@cleanheatsolar.com","More
                                        Information","https://www.brabys.com/za/gauteng/krugersdorp/lanseria/solar-heating/clean-heat-solar","https://www.brabys.com/za/solar-installers-supplies?page=5#","Update Your Business Info"
"https://www.brabys.com/images/logo-placeholder.webp","CLEAN PV","https://www.brabys.com/za/eastern-cape/kirkwood/solar-pv-panels/clean-pv","Kirkwood, Eastern Cape","Solar PV Panels","Cell:","064 765 8183","tel:0647658183","Email:","info@cleanpv.co.za","mailto:info@cleanpv.co.za","Visit
                                        Website","http://www.cleanpv.co.za/","https://www.brabys.com/za/solar-installers-supplies?page=6#","Update Your Business Info"
"https://www.brabys.com/images/logo-placeholder.webp","CLEVER DEVICES & DESIGNS","https://www.brabys.com/za/gauteng/centurion/highveld-technopark/renewable-energy/clever-devices-designs","Highveld Technopark, Centurion, Gauteng","","Phone:","012 667 4124","tel:0126674124","Email:","sales@cddsa.co.za","mailto:sales@cddsa.co.za","More
                                        Information","https://www.brabys.com/za/gauteng/centurion/highveld-technopark/renewable-energy/clever-devices-designs","https://www.brabys.com/za/solar-installers-supplies?page=6#","Update Your Business Info"
"https://www.brabys.com/images/logo-placeholder.webp","CMACPOWER SOLUTIONS CC","https://www.brabys.com/za/gauteng/benoni/rynfield/generators-alternators-lighting-power-plants/cmacpower-solutions-cc","Rynfield, Benoni, Gauteng","Generators Alternators Lighting & Power Plants","Phone:","011 849 5375","tel:0118495375","Share Call Fax:","086 684 0603","tel:0866840603","Visit
                                        Website","http://www.cmacpower.co.za/","https://www.brabys.com/za/solar-installers-supplies?page=6#","Update Your Business Info"
"https://www.brabys.com/images/logo-placeholder.webp","COASTLINE SOLAR","https://www.brabys.com/za/western-cape/vredenburg/solar/coastline-solar","Vredenburg, Western Cape","Solar","Phone:","086 107 6527","tel:0861076527","Cell:","082 522 1623","tel:0825221623","More
                                        Information","https://www.brabys.com/za/western-cape/vredenburg/solar/coastline-solar","https://www.brabys.com/za/solar-installers-supplies?page=6#","Update Your Business Info"
"https://www.brabys.com/images/logo-placeholder.webp","CORIA (PKF) INVESTMENTS 28 (RF) (PTY) LTD","https://www.brabys.com/za/western-cape/cape-town/constantia/renewable-energy/coria-pkf-investments-28-rf-pty-ltd","Constantia, Cape Town, Western Cape","Renewable","Phone:","021 795 5240","tel:0217955240","Email:","laverne@noblesfoniteinwinfarm.co.za","mailto:laverne@noblesfoniteinwinfarm.co.za","More
                                        Information","https://www.brabys.com/za/western-cape/cape-town/constantia/renewable-energy/coria-pkf-investments-28-rf-pty-ltd","https://www.brabys.com/za/solar-installers-supplies?page=6#","Update Your Business Info"
"https://www.brabys.com/images/logo-placeholder.webp","COSMIC SOLAR SYSTEMS","https://www.brabys.com/za/gauteng/sandton/highlands-north/solar-water-heating-equipment/cosmic-solar-systems","Highlands North, Sandton, Gauteng","Solar Water Heating Equipment","Phone:","011 440 7610","tel:0114407610","","","","Visit
                                        Website","http://www.cosmicsolarsystems.co.za/","https://www.brabys.com/za/solar-installers-supplies?page=6#","Update Your Business Info"
"https://www.brabys.com/images/logo-placeholder.webp","CUMHACHTACH SUPPLIERS","https://www.brabys.com/za/kwazulu-natal/gillitts/renewable-energy/cumhachtach-suppliers","Gillitts, Kwazulu-Natal","Renewable Energy","Cell:","072 968 6620","tel:0729686620","Email:","info@cumhachtach.co.za","mailto:info@cumhachtach.co.za","Visit
                                        Website","http://www.cumhachtach.co.za/","https://www.brabys.com/za/solar-installers-supplies?page=6#","Update Your Business Info"
"https://www.brabys.com/images/logo-placeholder.webp","D M ENG","https://www.brabys.com/za/western-cape/bonnievale/solar-energy/d-m-eng","Bonnievale, Western Cape","Solar Energy","Cell:","073 394 0166","tel:0733940166","","","","More
                                        Information","https://www.brabys.com/za/western-cape/bonnievale/solar-energy/d-m-eng","https://www.brabys.com/za/solar-installers-supplies?page=6#","Update Your Business Info"
"https://www.brabys.com/images/logo-placeholder.webp","DARLING WIND POWER","https://www.brabys.com/za/western-cape/darling/renewable-energy/darling-wind-power","Darling, Western Cape","Renewable Energy","Cell:","083 631 0383","tel:0836310383","Share Call Fax:","086 514 1735","tel:0865141735","Visit
                                        Website","http://www.darlingwindfarm.co.za/","https://www.brabys.com/za/solar-installers-supplies?page=6#","Update Your Business Info"
"https://www.brabys.com/images/logo-placeholder.webp","DC GO","https://www.brabys.com/za/gauteng/sandton/rivonia-exts/solar-energy-solutions/dc-go","Rivonia Exts, Sandton, Gauteng","Solar Energy Solutions","Phone:","010 900 3911","tel:0109003911","Email:","info@dcgo.today","mailto:info@dcgo.today","Visit
                                        Website","http://www.dcgo.today/","https://www.brabys.com/za/solar-installers-supplies?page=6#","Update Your Business Info"
"https://www.brabys.com/resize/logos/m/6063440/deltec.jpg","DELTEC BATTERIES","https://www.brabys.com/za/limpopo/hoedspruit/solar-batteries/deltec-batteries","Hoedspruit, Limpopo","Solar Batteries","Phone:","015 793 2443","tel:0157932443","Cell:","079 880 2172","tel:0798802172","Visit
                                        Website","http://www.deltecpower.co.za/","https://www.brabys.com/za/solar-installers-supplies?page=7#","Update Your Business Info"
"https://www.brabys.com/images/logo-placeholder.webp","DELTEC POWER","https://www.brabys.com/za/gauteng/alberton/alrode/solar-batteries/deltec-power","Alrode, Alberton, Gauteng","Solar Batteries","Phone:","011 864 7930","tel:0118647930","","","","Visit
                                        Website","http://www.deltecpower.co.za/","https://www.brabys.com/za/solar-installers-supplies?page=7#","Update Your Business Info"
"https://www.brabys.com/images/logo-placeholder.webp","DIKAIOS SOLAR","https://www.brabys.com/za/western-cape/velddrif/solar-energy/dikaios-solar","Velddrif, Western Cape","","Phone:","022 783 1107","tel:0227831107","Cell:","061 445 4032","tel:0614454032","More
                                        Information","https://www.brabys.com/za/western-cape/velddrif/solar-energy/dikaios-solar","https://www.brabys.com/za/solar-installers-supplies?page=7#","Update Your Business Info"
"https://www.brabys.com/images/logo-placeholder.webp","DIVWATT (PTY) LTD","https://www.brabys.com/za/gauteng/randburg/north-riding/solar-energy-equipment/divwatt-pty-ltd","North Riding, Randburg, Gauteng","Solar  Equipment","Phone:","011 794 3825","tel:0117943825","Email:","info@divwatt.com","mailto:info@divwatt.com","Visit
                                        Website","http://www.divwatt.co.za/","https://www.brabys.com/za/solar-installers-supplies?page=7#","Update Your Business Info"
"https://www.brabys.com/images/logo-placeholder.webp","EARTH POWER ENERGY SOLUTIONS (PTY) LTD","https://www.brabys.com/za/western-cape/cape-town/tokai/renewable-energy/earth-power-energy-solutions-pty-ltd","Tokai, Cape Town, Western Cape","Renewable Energy","Phone:","021 773 0216","tel:0217730216","","","","More
                                        Information","https://www.brabys.com/za/western-cape/cape-town/tokai/renewable-energy/earth-power-energy-solutions-pty-ltd","https://www.brabys.com/za/solar-installers-supplies?page=7#","Update Your Business Info"
"https://www.brabys.com/images/logo-placeholder.webp","EASY SOLAR","https://www.brabys.com/za/kwazulu-natal/richards-bay/solar-energy-richards-bay/easy-solar","Richards Bay, Kwazulu-Natal","Solar Energy - Richards Bay","Phone:","035 789 1886","tel:0357891886","Cell:","082 293 8081","tel:0822938081","Visit
                                        Website","http://www.easysolar.co.za/","https://www.brabys.com/za/solar-installers-supplies?page=7#","Update Your Business Info"
"https://www.brabys.com/resize/logos/m/6175893/logo.jpg","EFFICIENT ELECTRICAL AND INSTRUMENT SERVICES","https://www.brabys.com/za/kwazulu-natal/umhlanga/solar/efficient-electrical-and-instrument-services","Umhlanga, Kwazulu-Natal","Solar","Cell:","076 617 6188","tel:0766176188","Email:","reagan@eeis.africa","mailto:reagan@eeis.africa","Visit
                                        Website","http://www.efficientelectrical.co.za/","https://www.brabys.com/za/solar-installers-supplies?page=7#","Update Your Business Info"
"https://www.brabys.com/images/logo-placeholder.webp","ELEMENTARY TECHNOLOGIES","https://www.brabys.com/za/western-cape/milnerton/century-city/solar-energy/elementary-technologies","Century City, Milnerton, Western Cape","Solar Energy","Cell:","083 273 9551","tel:0832739551","Email:","atish@elementarytechnologies.co.za","mailto:atish@elementarytechnologies.co.za","More
                                        Information","https://www.brabys.com/za/western-cape/milnerton/century-city/solar-energy/elementary-technologies","https://www.brabys.com/za/solar-installers-supplies?page=7#","Update Your Business Info"
"https://www.brabys.com/images/logo-placeholder.webp","EN GAUGE (PTY) LTD","https://www.brabys.com/za/western-cape/bellville/welgemoed/solar-energy-photo-voltaic/en-gauge-pty-ltd","Welgemoed, Bellville, Western Cape","Solar Energy (Photo Voltaic)","Cell:","083 635 2142","tel:0836352142","","","","Visit
                                        Website","http://www.engauge.co.za/","https://www.brabys.com/za/solar-installers-supplies?page=7#","Update Your Business Info"
"https://www.brabys.com/images/logo-placeholder.webp","END LOADSHEDDING","https://www.brabys.com/za/western-cape/somerset-west/solar-energy-equipment/end-loadshedding","Somerset West, Western Cape","Solar Energy Equipment","Cell:","084 336 0063","tel:0843360063","Email:","sales@endloadshedding.com","mailto:sales@endloadshedding.com","Visit
                                        Website","http://www.endloadshedding.com/","https://www.brabys.com/za/solar-installers-supplies?page=7#","Update Your Business Info"
"https://www.brabys.com/images/logo-placeholder.webp","ENERGY PARTNERS","https://www.brabys.com/za/western-cape/bellville/solar-energy-equipment/energy-partners","Bellville, Western Cape","Equipment","Phone:","021 941 5140","tel:0219415140","Email:","info@energypartners.co.za","mailto:info@energypartners.co.za","Visit
                                        Website","http://www.energypartners.co.za/","https://www.brabys.com/za/solar-installers-supplies?page=8#","Update Your Business Info"
"https://www.brabys.com/images/logo-placeholder.webp","ENERGY POWER","https://www.brabys.com/za/limpopo/makhado/solar-energy-equipment/energy-power","Makhado, Limpopo","Solar  Equipment","Phone:","015 516 7344","tel:0155167344","Share Call Fax:","086 578 8354","tel:0865788354","More
                                        Information","https://www.brabys.com/za/limpopo/makhado/solar-energy-equipment/energy-power","https://www.brabys.com/za/solar-installers-supplies?page=8#","Update Your Business Info"
"https://www.brabys.com/images/logo-placeholder.webp","ENERGY UMBANI SOLAR (PTY) LTD","https://www.brabys.com/za/gauteng/centurion/hennopspark-ext-715/solar-energy/energy-umbani-solar-pty-ltd","Hennopspark Ext 7,15, Centurion, Gauteng","Solar Energy","Phone:","012 653 1670","tel:0126531670","Cell:","012 653 1670","tel:0126531670","Visit
                                        Website","http://www.umbani-solar.co.za/","https://www.brabys.com/za/solar-installers-supplies?page=8#","Update Your Business Info"
"https://www.brabys.com/images/logo-placeholder.webp","EQUATOR POOL HEATING","https://www.brabys.com/za/western-cape/milnerton/bothasig/solar-equipment/equator-pool-heating","Bothasig, Milnerton, Western Cape","Solar Equipment","Cell:","082 844 3375","tel:0828443375","Email:","admin@thebusinessjunction.co.za","mailto:admin@thebusinessjunction.co.za","More
                                        Information","https://www.brabys.com/za/western-cape/milnerton/bothasig/solar-equipment/equator-pool-heating","https://www.brabys.com/za/solar-installers-supplies?page=8#","Update Your Business Info"
"https://www.brabys.com/resize/logos/m/6059165/ernegy.jpg.jpg","ERNEGY UMBANI SOLAR (PTY) LTD","https://www.brabys.com/za/gauteng/centurion/hennopspark-ext-715/solar-energy/ernegy-umbani-solar-pty-ltd","Hennopspark Ext 7,15, Centurion, Gauteng","Solar Energy","Phone:","012 653 1670","tel:0126531670","Cell:","083 953 0562","tel:0839530562","Visit
                                        Website","http://www.umbani-solar.co.za/","https://www.brabys.com/za/solar-installers-supplies?page=8#","Update Your Business Info"
"https://www.brabys.com/images/logo-placeholder.webp","ETUIT","https://www.brabys.com/za/gauteng/germiston/meadowdale/solar-energy-equipment/etuit","Meadowdale, Germiston, Gauteng","Solar Energy Equipment","Cell:","079 311 1939","tel:0793111939","Email:","etuitafrica@gmail.com","mailto:etuitafrica@gmail.com","Visit
                                        Website","http://www.etuit.co.za/","https://www.brabys.com/za/solar-installers-supplies?page=8#","Update Your Business Info"
"https://www.brabys.com/images/logo-placeholder.webp","EVOLIFE","https://www.brabys.com/za/western-cape/cape-town/muizenberg/solar-products/evolife","Muizenberg, Cape Town, Western Cape","Solar Products","Phone:","021 762 9409","tel:0217629409","Email:","info@evolife.co.za","mailto:info@evolife.co.za","Visit
                                        Website","http://www.evolife.co.za/","https://www.brabys.com/za/solar-installers-supplies?page=8#","Update Your Business Info"
"https://www.brabys.com/images/logo-placeholder.webp","EXSOLAR SOLUTIONS","https://www.brabys.com/za/western-cape/somerset-west/solar-solutions/exsolar-solutions","Somerset West, Western Cape","Solar Solutions","Phone:","021 851 1700","tel:0218511700","Email:","energy@exsolar.co.za","mailto:energy@exsolar.co.za","Visit
                                        Website","http://www.exsolar.co.za/","https://www.brabys.com/za/solar-installers-supplies?page=8#","Update Your Business Info"
"https://www.brabys.com/images/logo-placeholder.webp","FIRST ENERGY SOLAR INSTALLERS","https://www.brabys.com/za/western-cape/somerset-west/bizweni/solar-energy-equipment/first-energy-solar-installers","Bizweni, Somerset West, Western Cape","Solar Energy Equipment","Cell:","083 270 8220","tel:0832708220","","","","Visit
                                        Website","http://www.firstenergy.co.za/","https://www.brabys.com/za/solar-installers-supplies?page=8#","Update Your Business Info"
"https://www.brabys.com/images/logo-placeholder.webp","FUTUREWATT SOLAR","https://www.brabys.com/za/gauteng/johannesburg/walkerville/renewable-energy/futurewatt-solar","Walkerville, Johannesburg, Gauteng","Renewable Energy","Cell:","061 400 7502","tel:0614007502","Email:","info@futurewattsolar.co.za","mailto:info@futurewattsolar.co.za","Visit
                                        Website","http://www.futurewattsolar.co.za/","https://www.brabys.com/za/solar-installers-supplies?page=8#","Update Your Business Info"
"https://www.brabys.com/images/logo-placeholder.webp","G C SOLAR","https://www.brabys.com/za/gauteng/pretoria/rietfontein/solar-energy-equipment/g-c-solar","Rietfontein, Pretoria, Gauteng","Equipment","Cell:","083 443 2781","tel:0834432781","Email:","ptanorthwest@gcsolar.co.za","mailto:ptanorthwest@gcsolar.co.za","Visit
                                        Website","http://www.gcsolar.co.za/","https://www.brabys.com/za/solar-installers-supplies?page=9#","Update Your Business Info"
"https://www.brabys.com/images/logo-placeholder.webp","GAUTENG WATER HEATING","https://www.brabys.com/za/gauteng/boksburg/bartlett/solar-water-heating-solutions-services/gauteng-water-heating","Bartlett, Boksburg, Gauteng","Solutions & Services","Phone:","086 199 3331","tel:0861993331","Share Call Fax:","086 570 8809","tel:0865708809","Visit
                                        Website","http://www.gwhsolar.co.za/","https://www.brabys.com/za/solar-installers-supplies?page=9#","Update Your Business Info"
"https://www.brabys.com/images/logo-placeholder.webp","GC SOLAR KZN","https://www.brabys.com/za/kwazulu-natal/ballito/ballito-business-pk/solar-rentals/gc-solar-kzn","Ballito Business Pk, Ballito, Kwazulu-Natal","Solar Rentals","Cell:","083 207 0485","tel:0832070485","Email:","info@gcsolarkzn.co.za","mailto:info@gcsolarkzn.co.za","Visit
                                        Website","http://www.gcsolarkzn.co.za/","https://www.brabys.com/za/solar-installers-supplies?page=9#","Update Your Business Info"
"https://www.brabys.com/images/logo-placeholder.webp","GENER 8 POWER SOLUTIONS","https://www.brabys.com/za/mpumalanga/emalahleni/solar-geysers/gener-8-power-solutions","Emalahleni, Mpumalanga","Solar Geysers","Phone:","013 692 8908","tel:0136928908","Cell:","013 692 3208","tel:0136923208","Visit
                                        Website","http://www.gener-8.co.za/","https://www.brabys.com/za/solar-installers-supplies?page=9#","Update Your Business Info"
"https://www.brabys.com/images/logo-placeholder.webp","GENERGY","https://www.brabys.com/za/eastern-cape/port-elizabeth/south-end/solar-energy/genergy","South End, Port Elizabeth, Eastern Cape","Solar Energy","Phone:","086 115 9159","tel:0861159159","Email:","info@genergysolar.co.za","mailto:info@genergysolar.co.za","Visit
                                        Website","http://www.genergysolar.co.za/","https://www.brabys.com/za/solar-installers-supplies?page=9#","Update Your Business Info"
"https://www.brabys.com/images/logo-placeholder.webp","GERHARD ROSSOUW BUILDING & SOLAR","https://www.brabys.com/za/western-cape/durbanville/de-wingerd/solar-energy/gerhard-rossouw-building-solar","De Wingerd, Durbanville, Western Cape","Solar Energy","Phone:","021 975 3262","tel:0219753262","Cell:","063 210 2233","tel:0632102233","More
                                        Information","https://www.brabys.com/za/western-cape/durbanville/de-wingerd/solar-energy/gerhard-rossouw-building-solar","https://www.brabys.com/za/solar-installers-supplies?page=9#","Update Your Business Info"
"https://www.brabys.com/images/logo-placeholder.webp","GEYSER TECH SOLAR","https://www.brabys.com/za/western-cape/somerset-west/solar-energy-equipment/geyser-tech-solar","Somerset West, Western Cape","Solar Energy Equipment","Cell:","082 900 1865","tel:0829001865","Email:","info@geysertech.co.za","mailto:info@geysertech.co.za","Visit
                                        Website","http://www.geysertechsolar.co.za/","https://www.brabys.com/za/solar-installers-supplies?page=9#","Update Your Business Info"
"https://www.brabys.com/images/logo-placeholder.webp","GIGA WATT HOURS (PTY) LTD","https://www.brabys.com/za/gauteng/benoni/rynfield/solar-energy-equipment/giga-watt-hours-pty-ltd","Rynfield, Benoni, Gauteng","Solar Energy Equipment","Cell:","074 865 6923","tel:0748656923","Email:","info@gwhsolar.co.za","mailto:info@gwhsolar.co.za","Visit
                                        Website","http://www.gwhsolar.co.za/","https://www.brabys.com/za/solar-installers-supplies?page=9#","Update Your Business Info"
"https://www.brabys.com/images/logo-placeholder.webp","GO GREEN SOLAR SOLUTIONS","https://www.brabys.com/za/gauteng/johannesburg/eikenhof/solar-water-heating-solutions-services/go-green-solar-solutions","Eikenhof, Johannesburg, Gauteng","Solar Water Heating Solutions & Services","Phone:","011 435 1740","tel:0114351740","Email:","sales@gogreensolarsolutions.co.za","mailto:sales@gogreensolarsolutions.co.za","Visit
                                        Website","http://www.gogreensolarsolutions.co.za/","https://www.brabys.com/za/solar-installers-supplies?page=9#","Update Your Business Info"
"https://www.brabys.com/images/logo-placeholder.webp","GOMBE SOLAR TECH","https://www.brabys.com/za/eastern-cape/gonubie/renewable-energy/gombe-solar-tech","Gonubie, Eastern Cape","Renewable Energy","Cell:","078 533 7719","tel:0785337719","Email:","ashgombesolar@gmail.com","mailto:ashgombesolar@gmail.com","More
                                        Information","https://www.brabys.com/za/eastern-cape/gonubie/renewable-energy/gombe-solar-tech","https://www.brabys.com/za/solar-installers-supplies?page=9#","Update Your Business Info"
"https://www.brabys.com/images/logo-placeholder.webp","GREEN ECLIPSE HOLDINGS","https://www.brabys.com/za/north-west/hartbeespoort/solar-energy/green-eclipse-holdings","Hartbeespoort, North West","","Cell:","079 845 3195","tel:0798453195","Share Call Fax:","086 524 5050","tel:0865245050","More
                                        Information","https://www.brabys.com/za/north-west/hartbeespoort/solar-energy/green-eclipse-holdings","https://www.brabys.com/za/solar-installers-supplies?page=10#","Update Your Business Info"
"https://www.brabys.com/images/logo-placeholder.webp","GREEN ENERGY TECHNOVATION A DIVISION OF AFRICAN RENEWABLES","https://www.brabys.com/za/free-state/sasolburg/renewable-energy/green-energy-technovation-a-division-of-african-renewables","Sasolburg, Free State","","Phone:","016 970 8902","tel:0169708902","Email:","info@energytechnovation.co.za","mailto:info@energytechnovation.co.za","More
                                        Information","https://www.brabys.com/za/free-state/sasolburg/renewable-energy/green-energy-technovation-a-division-of-african-renewables","https://www.brabys.com/za/solar-installers-supplies?page=10#","Update Your Business Info"
"https://www.brabys.com/images/logo-placeholder.webp","GREEN HOUSE","https://www.brabys.com/za/gauteng/centurion/energy-consultants/green-house","Centurion, Gauteng","Energy Consultants","Phone:","012 345 3329","tel:0123453329","Email:","info@greenhouse.co.za","mailto:info@greenhouse.co.za","Visit
                                        Website","http://www.greenhouse.co.za/","https://www.brabys.com/za/solar-installers-supplies?page=10#","Update Your Business Info"
"https://www.brabys.com/images/logo-placeholder.webp","GREEN LIGHT ENERGY","https://www.brabys.com/za/gauteng/pretoria/meyers-park/renewable-energy/green-light-energy","Meyers Park, Pretoria, Gauteng","Renewable Energy","Cell:","081 770 8987","tel:0817708987","Email:","pta-admin@greenlightenergy.co.za","mailto:pta-admin@greenlightenergy.co.za","More
                                        Information","https://www.brabys.com/za/gauteng/pretoria/meyers-park/renewable-energy/green-light-energy","https://www.brabys.com/za/solar-installers-supplies?page=10#","Update Your Business Info"
"https://www.brabys.com/images/logo-placeholder.webp","GREEN SOLAR ENTERPRISE / AMP ELECTRICAL","https://www.brabys.com/za/western-cape/george/tamsui-dustria/solar-energy/green-solar-enterprise-amp-electrical","Tamsui Dustria, George, Western Cape","Solar Energy","Cell:","082 466 7949","tel:0824667949","","","","More
                                        Information","https://www.brabys.com/za/western-cape/george/tamsui-dustria/solar-energy/green-solar-enterprise-amp-electrical","https://www.brabys.com/za/solar-installers-supplies?page=10#","Update Your Business Info"
"https://www.brabys.com/images/logo-placeholder.webp","GREEN SUN JOHANNESBURG","https://www.brabys.com/za/gauteng/benoni/northmead/solar-energy/green-sun-johannesburg","Northmead, Benoni, Gauteng","Solar Energy","Phone:","011 395 6940","tel:0113956940","Email:","greensunjhb@gmail.com","mailto:greensunjhb@gmail.com","Visit
                                        Website","http://www.greensun.co.za/","https://www.brabys.com/za/solar-installers-supplies?page=10#","Update Your Business Info"
"https://www.brabys.com/images/logo-placeholder.webp","GREENPOINTSOLAR","https://www.brabys.com/za/gauteng/pretoria/waverley/renewable-energy/greenpointsolar","Waverley, Pretoria, Gauteng","Renewable Energy","Phone:","012 772 6814","tel:0127726814","Email:","info@greenpointsolar.co.za","mailto:info@greenpointsolar.co.za","Visit
                                        Website","http://www.greenpointsolar.co.za/","https://www.brabys.com/za/solar-installers-supplies?page=10#","Update Your Business Info"
"https://www.brabys.com/images/logo-placeholder.webp","GREENSTREET MANAGEMENT SERVICES","https://www.brabys.com/za/western-cape/cape-town/century-city/solar-systems/greenstreet-management-services","Century City, Cape Town, Western Cape","Solar Systems","Phone:","021 795 0126","tel:0217950126","Email:","info@greenstreetmanagement.co.za","mailto:info@greenstreetmanagement.co.za","More
                                        Information","https://www.brabys.com/za/western-cape/cape-town/century-city/solar-systems/greenstreet-management-services","https://www.brabys.com/za/solar-installers-supplies?page=10#","Update Your Business Info"
"https://www.brabys.com/images/logo-placeholder.webp","GREENZONE ENERGY","https://www.brabys.com/za/mpumalanga/mbombela/riverside-ind-park/solar-energy/greenzone-energy","Riverside Ind Park, Mbombela, Mpumalanga","Solar Energy","Phone:","013 753 3699","tel:0137533699","Email:","greenzoneenergy001@gmail.com","mailto:greenzoneenergy001@gmail.com","Visit
                                        Website","http://www.greenzoneenergy.co.za/","https://www.brabys.com/za/solar-installers-supplies?page=10#","Update Your Business Info"
"https://www.brabys.com/images/logo-placeholder.webp","HAM SOLAR","https://www.brabys.com/za/western-cape/somerset-west/monte-sereno/solar-energy-equipment/ham-solar","Monte Sereno, Somerset West, Western Cape","Solar Energy Equipment","Cell:","084 834 7124","tel:0848347124","Email:","info@hamsolar.co.za","mailto:info@hamsolar.co.za","Visit
                                        Website","http://www.hamsolar.co.za/","https://www.brabys.com/za/solar-installers-supplies?page=10#","Update Your Business Info"
"https://www.brabys.com/images/logo-placeholder.webp","HI TEMP","https://www.brabys.com/za/kwazulu-natal/umhlali/solar-heating/hi-temp","Umhlali, Kwazulu-Natal","Solar Heating","Phone:","032 492 0103","tel:0324920103","","","","Visit
                                        Website","http://www.hitemp.co.za/","https://www.brabys.com/za/solar-installers-supplies?page=11#","Update Your Business Info"
"https://www.brabys.com/images/logo-placeholder.webp","HOME COMFORT","https://www.brabys.com/za/eastern-cape/east-london/vincent/solar-water-heating-equipment/home-comfort","Vincent, East London, Eastern Cape","Equipment","Phone:","043 726 0482","tel:0437260482","Email:","bruce@homecomfort.co.za","mailto:bruce@homecomfort.co.za","Visit
                                        Website","http://www.homecomfort.co.za/","https://www.brabys.com/za/solar-installers-supplies?page=11#","Update Your Business Info"
"https://www.brabys.com/images/logo-placeholder.webp","IECO SOLAR","https://www.brabys.com/za/kwazulu-natal/durban/umgeni-park/solar-energy/ieco-solar","Umgeni Park, Durban, Kwazulu-Natal","","Cell:","081 300 6176","tel:0813006176","Email:","068 060 7535","tel:0680607535","Visit
                                        Website","http://www.iecosolar.co.za/","https://www.brabys.com/za/solar-installers-supplies?page=11#","Update Your Business Info"
"https://www.brabys.com/images/logo-placeholder.webp","IES INFINITE ENERGY STORAGE","https://www.brabys.com/za/western-cape/somerset-west/renewable-energy-solutions/ies-infinite-energy-storage","Somerset West, Western Cape","Renewable Energy Solutions","Phone:","021 773 0203","tel:0217730203","Email:","enquiries@ies.co.za","mailto:enquiries@ies.co.za","Visit
                                        Website","http://www.ies.co.za/","https://www.brabys.com/za/solar-installers-supplies?page=11#","Update Your Business Info"
"https://www.brabys.com/images/logo-placeholder.webp","INALA","https://www.brabys.com/za/western-cape/somerset-west/renewable-energy/inala","Somerset West, Western Cape","Renewable Energy","VOIP:","087 551 1291","tel:0875511291","Email:","info@inala.com","mailto:info@inala.com","More
                                        Information","https://www.brabys.com/za/western-cape/somerset-west/renewable-energy/inala","https://www.brabys.com/za/solar-installers-supplies?page=11#","Update Your Business Info"
"https://www.brabys.com/images/logo-placeholder.webp","INFINITE ENERGY","https://www.brabys.com/za/western-cape/jacobs-bay/solar-energy/infinite-energy","Jacobs Bay, Western Cape","Solar Energy","Cell:","062 037 7907","tel:0620377907","Email:","info@infiniteenergyafrica.com","mailto:info@infiniteenergyafrica.com","More
                                        Information","https://www.brabys.com/za/western-cape/jacobs-bay/solar-energy/infinite-energy","https://www.brabys.com/za/solar-installers-supplies?page=11#","Update Your Business Info"
"https://www.brabys.com/images/logo-placeholder.webp","ISELI ENERGY","https://www.brabys.com/za/western-cape/cape-town/matroosfontein/renewable-energy/iseli-energy","Matroosfontein, Cape Town, Western Cape","Renewable Energy","Phone:","021 111 0425","tel:0211110425","Email:","sales@iseli-energy.com","mailto:sales@iseli-energy.com","Visit
                                        Website","http://www.iselienergy.com/","https://www.brabys.com/za/solar-installers-supplies?page=11#","Update Your Business Info"
"https://www.brabys.com/images/logo-placeholder.webp","ITS HEAT PUMPS (PTY) LTD","https://www.brabys.com/za/western-cape/strand/gants-plaza/solar-water-heating-solutions-services/its-heat-pumps-pty-ltd","Gants Plaza, Strand, Western Cape","Solar Water Heating Solutions & Services","Phone:","021 854 5290","tel:0218545290","Email:","info@itssolar.co.za","mailto:info@itssolar.co.za","Visit
                                        Website","http://www.itssolar.co.za/","https://www.brabys.com/za/solar-installers-supplies?page=11#","Update Your Business Info"
"https://www.brabys.com/images/logo-placeholder.webp","J & J ELECTRONICS","https://www.brabys.com/za/eastern-cape/port-elizabeth/charlo/solar-engineering/j-j-electronics","Charlo, Port Elizabeth, Eastern Cape","Solar Engineering","Phone:","041 453 5760","tel:0414535760","","","","More
                                        Information","https://www.brabys.com/za/eastern-cape/port-elizabeth/charlo/solar-engineering/j-j-electronics","https://www.brabys.com/za/solar-installers-supplies?page=11#","Update Your Business Info"
"https://www.brabys.com/images/logo-placeholder.webp","J B H SOLAR","https://www.brabys.com/za/north-west/lichtenburg/solar-energy-equipment/j-b-h-solar","Lichtenburg, North West","Solar Energy Equipment","Phone:","018 632 2134","tel:0186322134","","","","Visit
                                        Website","http://www.jbhsolar.co.za/","https://www.brabys.com/za/solar-installers-supplies?page=11#","Update Your Business Info"
"https://www.brabys.com/images/logo-placeholder.webp","JAGER TECHNOLOGIES (PTY) LTD","https://www.brabys.com/za/free-state/bloemfontein/willows/renewable-energy/jager-technologies-pty-ltd","Willows, Bloemfontein, Free State","","Phone:","051 444 4428","tel:0514444428","Email:","info@jager.co.za","mailto:info@jager.co.za","Visit
                                        Website","http://www.jager.co.za/","https://www.brabys.com/za/solar-installers-supplies?page=12#","Update Your Business Info"
"https://www.brabys.com/images/logo-placeholder.webp","JAP SOLAR PRODUCTS","https://www.brabys.com/za/gauteng/pretoria/pretoria-north/solar-energy-solutions/jap-solar-products","Pretoria North, Pretoria, Gauteng","Solutions","Cell:","082 574 7468","tel:0825747468","Email:","support@japsolar.com","mailto:support@japsolar.com","Visit
                                        Website","http://www.japsolar.com/","https://www.brabys.com/za/solar-installers-supplies?page=12#","Update Your Business Info"
"https://www.brabys.com/images/logo-placeholder.webp","JUST ENERGY SA","https://www.brabys.com/za/western-cape/brackenfell/springbok-park/solar/just-energy-sa","Springbok Park, Brackenfell, Western Cape","Solar","Phone:","021 863 1694","tel:0218631694","Email:","admin@ustenergy.co.za","mailto:admin@ustenergy.co.za","Visit
                                        Website","http://www.justenergy.co.za/","https://www.brabys.com/za/solar-installers-supplies?page=12#","Update Your Business Info"
"https://www.brabys.com/images/logo-placeholder.webp","K Z N SOLAR","https://www.brabys.com/za/kwazulu-natal/durban/solar-energy-equipment/k-z-n-solar","Durban, Kwazulu-Natal","Solar Energy Equipment","Phone:","086 111 1203","tel:0861111203","Email:","sally@kznsolar.co.za","mailto:sally@kznsolar.co.za","Visit
                                        Website","http://www.kznsolar.co.za/","https://www.brabys.com/za/solar-installers-supplies?page=12#","Update Your Business Info"
"https://www.brabys.com/images/logo-placeholder.webp","KLB ENGINEERING","https://www.brabys.com/za/gauteng/krugersdorp/nooitgedacht/pump-suppliers/klb-engineering","Nooitgedacht, Krugersdorp, Gauteng","Pump Suppliers","Phone:","011 668 1923","tel:0116681923","Email:","011 668 1924","tel:0116681924","Visit
                                        Website","http://www.klbengineering.com/","https://www.brabys.com/za/solar-installers-supplies?page=12#","Update Your Business Info"
"https://www.brabys.com/images/logo-placeholder.webp","KROONSTAD SOLAR","https://www.brabys.com/za/free-state/kroonstad/central/solar-water-heaters/kroonstad-solar","Central, Kroonstad, Free State","Solar Water Heaters","Phone:","056 213 1245","tel:0562131245","Email:","kroonstad@tasolar.co.za","mailto:kroonstad@tasolar.co.za","More
                                        Information","https://www.brabys.com/za/free-state/kroonstad/central/solar-water-heaters/kroonstad-solar","https://www.brabys.com/za/solar-installers-supplies?page=12#","Update Your Business Info"
"https://www.brabys.com/images/logo-placeholder.webp","KVM ENERGY PROJECTS","https://www.brabys.com/za/eastern-cape/port-elizabeth/north-end/solar-energy-equipment/kvm-energy-projects","North End, Port Elizabeth, Eastern Cape","Solar Energy Equipment","Phone:","0417 0101","tel:04170101","Cell:","083 962 2799","tel:0839622799","Visit
                                        Website","http://www.kvm.green/","https://www.brabys.com/za/solar-installers-supplies?page=12#","Update Your Business Info"
"https://www.brabys.com/images/logo-placeholder.webp","KWIKOT (PTY) LTD","https://www.brabys.com/za/gauteng/benoni/solar-water-heating-equipment/kwikot-pty-ltd","Benoni, Gauteng","Solar Water Heating Equipment","Phone:","011 914 2300","tel:0119142300","Email:","sales.inland@kwikot.com","mailto:sales.inland@kwikot.com","Visit
                                        Website","http://www.kwikot.com/","https://www.brabys.com/za/solar-installers-supplies?page=12#","Update Your Business Info"
"https://www.brabys.com/images/logo-placeholder.webp","LEAFY SPACE","https://www.brabys.com/za/gauteng/kempton-park/electrical-contractors/leafy-space","Kempton Park, Gauteng","Electrical Contractors","Phone:","011 028 7635","tel:0110287635","Email:","info@leafyspace.co.za","mailto:info@leafyspace.co.za","Visit
                                        Website","http://www.leafyspace.co.za/","https://www.brabys.com/za/solar-installers-supplies?page=12#","Update Your Business Info"
"https://www.brabys.com/images/logo-placeholder.webp","LED-SOLAR-INVERTORS.CO.ZA","https://www.brabys.com/za/gauteng/johannesburg/selby/solar-powered-products/led-solar-invertorscoza","Selby, Johannesburg, Gauteng","Solar Powered Products","Cell:","082 463 8089","tel:0824638089","Email:","carmaenergyseo@gmail.com","mailto:carmaenergyseo@gmail.com","Visit
                                        Website","http://www.led-solar-inverters.co.za/","https://www.brabys.com/za/solar-installers-supplies?page=12#","Update Your Business Info"
"https://www.brabys.com/images/logo-placeholder.webp","LEX POOL HEATING & SALT CHLORINATION CC","https://www.brabys.com/za/gauteng/roodepoort/little-falls/solar-water-heating-equipment/lex-pool-heating-salt-chlorination-cc","Little Falls, Roodepoort, Gauteng","Equipment","Phone:","011 675 4113","tel:0116754113","Email:","086 110 2013","tel:0861102013","More
                                        Information","https://www.brabys.com/za/gauteng/roodepoort/little-falls/solar-water-heating-equipment/lex-pool-heating-salt-chlorination-cc","https://www.brabys.com/za/solar-installers-supplies?page=13#","Update Your Business Info"
"https://www.brabys.com/images/logo-placeholder.webp","LIVING SOLAR","https://www.brabys.com/za/gauteng/sandton/solar-energy/living-solar","Sandton, Gauteng","","VOIP:","087 898 8406","tel:0878988406","Email:","info@livingsolar.co.za","mailto:info@livingsolar.co.za","Visit
                                        Website","http://www.livingsolar.co.za/","https://www.brabys.com/za/solar-installers-supplies?page=13#","Update Your Business Info"
"https://www.brabys.com/images/logo-placeholder.webp","LIVING SOLAR (PTY) LTD","https://www.brabys.com/za/western-cape/oudtshoorn/solar-energy/living-solar-pty-ltd","Oudtshoorn, Western Cape","Solar Energy","Cell:","071 837 7307","tel:0718377307","VOIP:","087 802 3693","tel:0878023693","Visit
                                        Website","http://www.livingsolar.co.za/","https://www.brabys.com/za/solar-installers-supplies?page=13#","Update Your Business Info"
"https://www.brabys.com/images/logo-placeholder.webp","LONGYUAN ENGINEERING","https://www.brabys.com/za/western-cape/cape-town/muizenberg/renewable-energy/longyuan-engineering","Muizenberg, Cape Town, Western Cape","Renewable Energy","Phone:","021 934 0053","tel:0219340053","","","","More
                                        Information","https://www.brabys.com/za/western-cape/cape-town/muizenberg/renewable-energy/longyuan-engineering","https://www.brabys.com/za/solar-installers-supplies?page=13#","Update Your Business Info"
"https://www.brabys.com/images/logo-placeholder.webp","LUMENTECH (PTY) LTD","https://www.brabys.com/za/gauteng/centurion/hennopspark-ext-715/solar-energy-equipment/lumentech-pty-ltd","Hennopspark Ext 7,15, Centurion, Gauteng","Solar Energy Equipment","Phone:","012 653 8353","tel:0126538353","Cell:","083 800 2184","tel:0838002184","Visit
                                        Website","http://www.lumentech.co.za/","https://www.brabys.com/za/solar-installers-supplies?page=13#","Update Your Business Info"
"https://www.brabys.com/images/logo-placeholder.webp","M L T POWER","https://www.brabys.com/za/western-cape/cape-town/oranjezicht/solar-energy-equipment/m-l-t-power","Oranjezicht, Cape Town, Western Cape","Solar Energy Equipment","Phone:","021 683 3310","tel:0216833310","Cell:","083 787 7615","tel:0837877615","More
                                        Information","https://www.brabys.com/za/western-cape/cape-town/oranjezicht/solar-energy-equipment/m-l-t-power","https://www.brabys.com/za/solar-installers-supplies?page=13#","Update Your Business Info"
"https://www.brabys.com/images/logo-placeholder.webp","M L T POWER","https://www.brabys.com/za/mpumalanga/mbombela/solar/m-l-t-power","Mbombela, Mpumalanga","Solar","Phone:","013 754 6644","tel:0137546644","Email:","nelspruit@mltdrives.com","mailto:nelspruit@mltdrives.com","More
                                        Information","https://www.brabys.com/za/mpumalanga/mbombela/solar/m-l-t-power","https://www.brabys.com/za/solar-installers-supplies?page=13#","Update Your Business Info"
"https://www.brabys.com/images/logo-placeholder.webp","M S ELECTRICAL & SOLAR (PTY) LTD","https://www.brabys.com/za/western-cape/athlone/electrical/m-s-electrical-solar-pty-ltd","Athlone, Western Cape","Electrical","Cell:","060 242 3115","tel:0602423115","Email:","mselectsol786@gmail.com","mailto:mselectsol786@gmail.com","More
                                        Information","https://www.brabys.com/za/western-cape/athlone/electrical/m-s-electrical-solar-pty-ltd","https://www.brabys.com/za/solar-installers-supplies?page=13#","Update Your Business Info"
"https://www.brabys.com/images/logo-placeholder.webp","MANTIS SOLAR PRODUCTS","https://www.brabys.com/za/gauteng/sandton/woodmead/solar-energy-equipment/mantis-solar-products","Woodmead, Sandton, Gauteng","Solar Energy Equipment","Cell:","079 695 3854","tel:0796953854","Email:","info@mantis-sa.co.za","mailto:info@mantis-sa.co.za","Visit
                                        Website","http://www.mantis-sa.co.za/","https://www.brabys.com/za/solar-installers-supplies?page=13#","Update Your Business Info"
"https://www.brabys.com/images/logo-placeholder.webp","MBHE GROUP (PTY) LTD","https://www.brabys.com/za/gauteng/centurion/solar-energy-equipment/mbhe-group-pty-ltd","Centurion, Gauteng","Solar Energy Equipment","Phone:","012 643 0933","tel:0126430933","Email:","info@mbhenergy.com","mailto:info@mbhenergy.com","Visit
                                        Website","http://www.mbhenergy.com/","https://www.brabys.com/za/solar-installers-supplies?page=13#","Update Your Business Info"
"https://www.brabys.com/images/logo-placeholder.webp","MELJIN BUSINESS & COMMERCIAL","https://www.brabys.com/za/western-cape/parow/panorama/renewable-energy/meljin-business-commercial","Panorama, Parow, Western Cape","","Cell:","082 448 8328","tel:0824488328","Email:","mellisa@meljinenergy.co.za","mailto:mellisa@meljinenergy.co.za","Visit
                                        Website","http://www.meljinenergy.co.za/","https://www.brabys.com/za/solar-installers-supplies?page=14#","Update Your Business Info"
"https://www.brabys.com/images/logo-placeholder.webp","MICROGRID ENERGY","https://www.brabys.com/za/western-cape/parow/parow-east/renewable-energy/microgrid-energy","Parow East, Parow, Western Cape","Renewable","Cell:","083 655 3445","tel:0836553445","","","","Visit
                                        Website","http://www.microgridenergy.co.za/","https://www.brabys.com/za/solar-installers-supplies?page=14#","Update Your Business Info"
"https://www.brabys.com/images/logo-placeholder.webp","MIDLANDS SOLAR SALES","https://www.brabys.com/za/kwazulu-natal/pietermaritzburg/solar-systems/midlands-solar-sales","Pietermaritzburg, Kwazulu-Natal","Solar Systems","Phone:","033 342 5896","tel:0333425896","Email:","robbie@midlandssolar.co.za","mailto:robbie@midlandssolar.co.za","Visit
                                        Website","http://www.midlandssolar.co.za/","https://www.brabys.com/za/solar-installers-supplies?page=14#","Update Your Business Info"
"https://www.brabys.com/images/logo-placeholder.webp","MODULUS LOGISTICS (PTY) LTD","https://www.brabys.com/za/eastern-cape/port-elizabeth/listerwood/solar-energy-equipment/modulus-logistics-pty-ltd","Listerwood, Port Elizabeth, Eastern Cape","Solar Energy Equipment","Cell:","083 470 1901","tel:0834701901","Email:","ronnie@moduluslogistics.com","mailto:ronnie@moduluslogistics.com","Visit
                                        Website","http://www.moduluslogistics.com/","https://www.brabys.com/za/solar-installers-supplies?page=14#","Update Your Business Info"
"https://www.brabys.com/images/logo-placeholder.webp","N R G TECHNOLOGIES","https://www.brabys.com/za/gauteng/centurion/zwartkop/solar-energy-equipment/n-r-g-technologies","Zwartkop, Centurion, Gauteng","Solar Energy Equipment","Cell:","082 926 5117","tel:0829265117","Share Call Fax:","086 658 0242","tel:0866580242","Visit
                                        Website","http://www.nrgtechnologies.co.za/","https://www.brabys.com/za/solar-installers-supplies?page=14#","Update Your Business Info"
"https://www.brabys.com/images/logo-placeholder.webp","NELSON ADAMS","https://www.brabys.com/za/western-cape/brackenfell/electronic-equipment-designers-manufacturers/nelson-adams","Brackenfell, Western Cape","Electronic Equipment Designers & Manufacturers","Phone:","021 982 3775","tel:0219823775","Email:","nelsonadams@telkomsa.net","mailto:nelsonadams@telkomsa.net","Visit
                                        Website","http://www.powerinverters.co.za/","https://www.brabys.com/za/solar-installers-supplies?page=14#","Update Your Business Info"
"https://www.brabys.com/images/logo-placeholder.webp","NETHERBY SOLAR","https://www.brabys.com/za/eastern-cape/port-elizabeth/walmer/solar-energy-equipment/netherby-solar","Walmer, Port Elizabeth, Eastern Cape","Solar Energy Equipment","Phone:","041 581 4087","tel:0415814087","Email:","admin@netherbysolar.co.za","mailto:admin@netherbysolar.co.za","Visit
                                        Website","http://www.netherbysolar.co.za/","https://www.brabys.com/za/solar-installers-supplies?page=14#","Update Your Business Info"
"https://www.brabys.com/images/logo-placeholder.webp","NEW SOUTHERN ENERGY","https://www.brabys.com/za/western-cape/cape-town/muizenberg/solar-energy-equipment/new-southern-energy","Muizenberg, Cape Town, Western Cape","Solar Energy Equipment","Phone:","021 788 1080","tel:0217881080","Email:","info@newsouthernenergy.com","mailto:info@newsouthernenergy.com","Visit
                                        Website","http://www.newsouthernenergy.com/","https://www.brabys.com/za/solar-installers-supplies?page=14#","Update Your Business Info"
"https://www.brabys.com/images/logo-placeholder.webp","NEW TECH INNOVATIONS - SOLAR WATER HEATERS","https://www.brabys.com/za/kwazulu-natal/howick/solar-energy-lighting/new-tech-innovations-solar-water-heaters","Howick, Kwazulu-Natal","Solar Energy Lighting","Phone:","033 330 2904","tel:0333302904","Cell:","073 339 2956","tel:0733392956","Visit
                                        Website","http://www.natalsolar.com/","https://www.brabys.com/za/solar-installers-supplies?page=14#","Update Your Business Info"
"https://www.brabys.com/images/logo-placeholder.webp","NEW TECH SOLUTIONS","https://www.brabys.com/za/western-cape/george/george-central/solar-energy/new-tech-solutions","George Central, George, Western Cape","Solar Energy","VOIP:","087 095 5350","tel:0870955350","Email:","admin@newtechsolutions.co.za","mailto:admin@newtechsolutions.co.za","More
                                        Information","https://www.brabys.com/za/western-cape/george/george-central/solar-energy/new-tech-solutions","https://www.brabys.com/za/solar-installers-supplies?page=14#","Update Your Business Info"
"https://www.brabys.com/images/logo-placeholder.webp","NORTH FACE SOLAR","https://www.brabys.com/za/western-cape/cape-town/thornton/solar-energy-equipment/north-face-solar","Thornton, Cape Town, Western Cape","Equipment","Phone:","021 531 6173","tel:0215316173","","","","Visit
                                        Website","http://www.northfacesolar.co.za/","https://www.brabys.com/za/solar-installers-supplies?page=15#","Update Your Business Info"
"https://www.brabys.com/images/logo-placeholder.webp","NUNGU SOLAR (PTY) LTD","https://www.brabys.com/za/gauteng/centurion/the-reeds/solar-panels/nungu-solar-pty-ltd","The Reeds, Centurion, Gauteng","Solar Panels","Phone:","012 755 6842","tel:0127556842","Email:","info@nungusolar.co.za","mailto:info@nungusolar.co.za","Visit
                                        Website","http://www.nungusolar.co.za/","https://www.brabys.com/za/solar-installers-supplies?page=15#","Update Your Business Info"
"https://www.brabys.com/images/logo-placeholder.webp","NURA","https://www.brabys.com/za/kwazulu-natal/mbazwana/solar-electric-power-systems-equipment/nura","Mbazwana, Kwazulu-Natal","Solar Electric Power - Systems & Equipment","Phone:","035 571 0288","tel:0355710288","","","","Visit
                                        Website","http://www.nura.co.za/","https://www.brabys.com/za/solar-installers-supplies?page=15#","Update Your Business Info"
"https://www.brabys.com/images/logo-placeholder.webp","NURA","https://www.brabys.com/za/kwazulu-natal/mkuze/electricity/nura","Mkuze, Kwazulu-Natal","Electricity","Phone:","035 573 1529","tel:0355731529","Email:","regis@nura.co.za","mailto:regis@nura.co.za","Visit
                                        Website","http://www.nura.co.za/","https://www.brabys.com/za/solar-installers-supplies?page=15#","Update Your Business Info"
"https://www.brabys.com/images/logo-placeholder.webp","OFF GRID GUYS","https://www.brabys.com/za/western-cape/durbanville/de-bron/solar-energy-equipment/off-grid-guys","De Bron, Durbanville, Western Cape","Solar  Equipment","Cell:","066 542 2246","tel:0665422246","","","","Visit
                                        Website","http://www.offgridguys.co.za/","https://www.brabys.com/za/solar-installers-supplies?page=15#","Update Your Business Info"
"https://www.brabys.com/images/logo-placeholder.webp","ONE ENERGY","https://www.brabys.com/za/mpumalanga/emalahleni/del-judor-exts/renewable-energy/one-energy","Del Judor Exts, Emalahleni, Mpumalanga","Renewable Energy","Phone:","013 692 3364","tel:0136923364","Cell:","082 339 4756","tel:0823394756","Visit
                                        Website","http://www.oneenergy.co.za/","https://www.brabys.com/za/solar-installers-supplies?page=15#","Update Your Business Info"
"https://www.brabys.com/images/logo-placeholder.webp","ORBIC SOLAR NORTHERN SUBURBS","https://www.brabys.com/za/western-cape/bellville/stellenryk/renewable-energy/orbic-solar-northern-suburbs","Stellenryk, Bellville, Western Cape","Renewable Energy","Cell:","076 677 5402","tel:0766775402","Email:","william@orbicsolar.com","mailto:william@orbicsolar.com","Visit
                                        Website","http://www.orbicsolar.com/","https://www.brabys.com/za/solar-installers-supplies?page=15#","Update Your Business Info"
"https://www.brabys.com/images/logo-placeholder.webp","P H D POWERHOUSE","https://www.brabys.com/za/gauteng/sandton/kew/solar-energy-equipment/p-h-d-powerhouse","Kew, Sandton, Gauteng","Solar Energy Equipment","Phone:","011 346 1812","tel:0113461812","Email:","sales@phdpowerhouse.co.za","mailto:sales@phdpowerhouse.co.za","Visit
                                        Website","http://www.phdpowerhouse.co.za/","https://www.brabys.com/za/solar-installers-supplies?page=15#","Update Your Business Info"
"https://www.brabys.com/images/logo-placeholder.webp","P W C ELECTRICAL (PTY) LTD","https://www.brabys.com/za/kwazulu-natal/newcastle/hutten-heights/electrical-contractors/p-w-c-electrical-pty-ltd","Hutten Heights, Newcastle, Kwazulu-Natal","Electrical Contractors","Cell:","082 667 9907","tel:0826679907","","","","More
                                        Information","https://www.brabys.com/za/kwazulu-natal/newcastle/hutten-heights/electrical-contractors/p-w-c-electrical-pty-ltd","https://www.brabys.com/za/solar-installers-supplies?page=15#","Update Your Business Info"
"https://www.brabys.com/images/logo-placeholder.webp","P-PRO ENERGY SOLUTIONS","https://www.brabys.com/za/mpumalanga/mbombela/riverside-ind-park/solar-energy-solutions/p-pro-energy-solutions","Riverside Ind Park, Mbombela, Mpumalanga","Solar Energy Solutions","Phone:","013 007 0587","tel:0130070587","Email:","info2@ppro.co.za","mailto:info2@ppro.co.za","More
                                        Information","https://www.brabys.com/za/mpumalanga/mbombela/riverside-ind-park/solar-energy-solutions/p-pro-energy-solutions","https://www.brabys.com/za/solar-installers-supplies?page=15#","Update Your Business Info"
"https://www.brabys.com/images/logo-placeholder.webp","PAMBELE STRUCTURES (PTY) LTD","https://www.brabys.com/za/gauteng/benoni/putfontein-ah/renewable-energy/pambele-structures-pty-ltd","Putfontein A.H., Benoni, Gauteng","","Cell:","082 780 6016","tel:0827806016","Email:","accounts@psgrp.co.za","mailto:accounts@psgrp.co.za","Visit
                                        Website","http://www.psgrp.co.za/","https://www.brabys.com/za/solar-installers-supplies?page=16#","Update Your Business Info"
"https://www.brabys.com/images/logo-placeholder.webp","PIASOLAR","https://www.brabys.com/za/eastern-cape/port-elizabeth/lovemore-park/solar-energy-equipment/piasolar","Lovemore Park, Port Elizabeth, Eastern Cape","Equipment","Phone:","041 366 1911","tel:0413661911","Email:","colin.muller@piasolar.com","mailto:colin.muller@piasolar.com","More
                                        Information","https://www.brabys.com/za/eastern-cape/port-elizabeth/lovemore-park/solar-energy-equipment/piasolar","https://www.brabys.com/za/solar-installers-supplies?page=16#","Update Your Business Info"
"https://www.brabys.com/images/logo-placeholder.webp","PLAN WIZE TOWN AND REGIONAL PLANNING","https://www.brabys.com/za/free-state/parys/town-planners/plan-wize-town-and-regional-planning","Parys, Free State","Town Planners","Cell:","082 449 7626","tel:0824497626","Share Call Fax:","086 599 3858","tel:0865993858","More
                                        Information","https://www.brabys.com/za/free-state/parys/town-planners/plan-wize-town-and-regional-planning","https://www.brabys.com/za/solar-installers-supplies?page=16#","Update Your Business Info"
"https://www.brabys.com/images/logo-placeholder.webp","POWACORP CC","https://www.brabys.com/za/kwazulu-natal/pietermaritzburg/solar/powacorp-cc","Pietermaritzburg, Kwazulu-Natal","Solar","Cell:","083 307 9929","tel:0833079929","Email:","powacorpcc@gmail.com","mailto:powacorpcc@gmail.com","More
                                        Information","https://www.brabys.com/za/kwazulu-natal/pietermaritzburg/solar/powacorp-cc","https://www.brabys.com/za/solar-installers-supplies?page=16#","Update Your Business Info"
"https://www.brabys.com/resize/logos/m/3575723/powerhouse%20logo.jpg","POWER HOUSE","https://www.brabys.com/za/kwazulu-natal/newcastle/newcastle-central/appliances/power-house","Newcastle Central, Newcastle, Kwazulu-Natal","Appliances","Phone:","034 312 1924","tel:0343121924","Cell:","034 312 1926","tel:0343121926","Visit
                                        Website","http://www.phonline.co.za/","https://www.brabys.com/za/solar-installers-supplies?page=16#","Update Your Business Info"
"https://www.brabys.com/images/logo-placeholder.webp","PRESS DYNAMIK","https://www.brabys.com/za/gauteng/midrand/kyalami/solar-energy-equipment/press-dynamik","Kyalami, Midrand, Gauteng","Solar Energy Equipment","Phone:","011 065 6500","tel:0110656500","Email:","carol@presdynamik.co.za","mailto:carol@presdynamik.co.za","More
                                        Information","https://www.brabys.com/za/gauteng/midrand/kyalami/solar-energy-equipment/press-dynamik","https://www.brabys.com/za/solar-installers-supplies?page=16#","Update Your Business Info"
"https://www.brabys.com/images/logo-placeholder.webp","PROBE CORPORATION","https://www.brabys.com/za/eastern-cape/port-elizabeth/north-end/auto-parts/probe-corporation","North End, Port Elizabeth, Eastern Cape","Auto Parts","Phone:","041 374 4343","tel:0413744343","Email:","leonard@probe.co.za","mailto:leonard@probe.co.za","More
                                        Information","https://www.brabys.com/za/eastern-cape/port-elizabeth/north-end/auto-parts/probe-corporation","https://www.brabys.com/za/solar-installers-supplies?page=16#","Update Your Business Info"
"https://www.brabys.com/images/logo-placeholder.webp","PSC PROJECTS","https://www.brabys.com/za/free-state/bloemfontein/fauna/solar-energy-equipment/psc-projects","Fauna, Bloemfontein, Free State","Solar Energy Equipment","Cell:","071 233 1616","tel:0712331616","Email:","bloemfontein@pscprojects.co.za","mailto:bloemfontein@pscprojects.co.za","Visit
                                        Website","http://www.pscprojects.co.za/","https://www.brabys.com/za/solar-installers-supplies?page=16#","Update Your Business Info"
"https://www.brabys.com/images/logo-placeholder.webp","QUADRANT PLUMBING & GAS","https://www.brabys.com/za/mpumalanga/mbombela/plumbing-contractors/quadrant-plumbing-gas","Mbombela, Mpumalanga","Plumbing Contractors","Cell:","076 719 7080","tel:0767197080","Email:","quadrantplumbing@hazycom.co.za","mailto:quadrantplumbing@hazycom.co.za","More
                                        Information","https://www.brabys.com/za/mpumalanga/mbombela/plumbing-contractors/quadrant-plumbing-gas","https://www.brabys.com/za/solar-installers-supplies?page=16#","Update Your Business Info"
"https://www.brabys.com/images/logo-placeholder.webp","R AND R SOLAR AND ELCTRICAL SOLUTIONS (PTY) LTD","https://www.brabys.com/za/western-cape/durbanville/proteaville/solar-energy/r-and-r-solar-and-elctrical-solutions-pty-ltd","Proteaville, Durbanville, Western Cape","Solar Energy","Cell:","084 512 8856","tel:0845128856","","","","More
                                        Information","https://www.brabys.com/za/western-cape/durbanville/proteaville/solar-energy/r-and-r-solar-and-elctrical-solutions-pty-ltd","https://www.brabys.com/za/solar-installers-supplies?page=16#","Update Your Business Info"
"https://www.brabys.com/images/logo-placeholder.webp","REN ENERGY","https://www.brabys.com/za/western-cape/somerset-west/solar-energy-equipment/ren-energy","Somerset West, Western Cape","Equipment","Phone:","021 851 0685","tel:0218510685","Email:","anel@renenergy.co.za","mailto:anel@renenergy.co.za","Visit
                                        Website","http://www.renenergy.co.za/","https://www.brabys.com/za/solar-installers-supplies?page=17#","Update Your Business Info"
"https://www.brabys.com/images/logo-placeholder.webp","RENAISSANCE SOLAR","https://www.brabys.com/za/western-cape/cape-town/noordhoek/solar/renaissance-solar","Noordhoek, Cape Town, Western Cape","Solar","Phone:","021 782 6637","tel:0217826637","Email:","info@renaissancesolar.co.za","mailto:info@renaissancesolar.co.za","Visit
                                        Website","http://www.renaissancesolar.co.za/","https://www.brabys.com/za/solar-installers-supplies?page=17#","Update Your Business Info"
"https://www.brabys.com/images/logo-placeholder.webp","RENU HOLDINGS","https://www.brabys.com/za/kwazulu-natal/hillcrest/solar-water-heating-solutions-services/renu-holdings","Hillcrest, Kwazulu-Natal","Solutions & Services","Phone:","086 123 7368","tel:0861237368","Email:","info@renuholdings.co.za","mailto:info@renuholdings.co.za","Visit
                                        Website","http://www.renuholdings.co.za/","https://www.brabys.com/za/solar-installers-supplies?page=17#","Update Your Business Info"
"https://www.brabys.com/images/logo-placeholder.webp","RENU HOLDINGS","https://www.brabys.com/za/kwazulu-natal/new-germany/solar-energy-solutions/renu-holdings","New Germany, Kwazulu-Natal","Solar Energy Solutions","Phone:","031 705 9913","tel:0317059913","Email:","info@renuholdings.co.za","mailto:info@renuholdings.co.za","Visit
                                        Website","http://www.renuholdings.co.za/","https://www.brabys.com/za/solar-installers-supplies?page=17#","Update Your Business Info"
"https://www.brabys.com/images/logo-placeholder.webp","RIHATI LIVE MAINTENANCE","https://www.brabys.com/za/gauteng/sandton/kelvin/utility-services/rihati-live-maintenance","Kelvin, Sandton, Gauteng","Utility Services","Phone:","010 753 1763","tel:0107531763","Email:","info@rihati.co.za","mailto:info@rihati.co.za","Visit
                                        Website","http://www.rihati.co.za/","https://www.brabys.com/za/solar-installers-supplies?page=17#","Update Your Business Info"
"https://www.brabys.com/images/logo-placeholder.webp","S A SOLAR & ELECTRICAL","https://www.brabys.com/za/free-state/bloemfontein/spitskop/electrical/s-a-solar-electrical","Spitskop, Bloemfontein, Free State","Electrical","Phone:","051 880 0355","tel:0518800355","Email:","bfn@saelect.co.za","mailto:bfn@saelect.co.za","Visit
                                        Website","http://www.sasolarshop.com/","https://www.brabys.com/za/solar-installers-supplies?page=17#","Update Your Business Info"
"https://www.brabys.com/images/logo-placeholder.webp","S M A SOLAR TECHNOLOGY SOUTH AFRICA","https://www.brabys.com/za/western-cape/cape-town/woodstock/solar-energy-equipment/s-m-a-solar-technology-south-africa","Woodstock, Cape Town, Western Cape","Solar Energy Equipment","Phone:","021 826 0600","tel:0218260600","","","","Visit
                                        Website","http://www.sma-south-africa.com/","https://www.brabys.com/za/solar-installers-supplies?page=17#","Update Your Business Info"
"https://www.brabys.com/images/logo-placeholder.webp","S T I GROUP","https://www.brabys.com/za/gauteng/edenvale/chloorkop-exts/renewable-energy/s-t-i-group","Chloorkop Exts, Edenvale, Gauteng","Renewable Energy","Phone:","011 822 7037","tel:0118227037","Email:","info@stienergy.co.za","mailto:info@stienergy.co.za","Visit
                                        Website","http://www.stienergy.co.za/","https://www.brabys.com/za/solar-installers-supplies?page=17#","Update Your Business Info"
"https://www.brabys.com/images/logo-placeholder.webp","S Z Z T SOUTH AFRICA","https://www.brabys.com/za/kwazulu-natal/newcastle/newcastle-central/solar/s-z-z-t-south-africa","Newcastle Central, Newcastle, Kwazulu-Natal","Solar","Phone:","034 375 7130","tel:0343757130","Email:","sales@szztsa.com","mailto:sales@szztsa.com","Visit
                                        Website","http://www.szztsa.com/","https://www.brabys.com/za/solar-installers-supplies?page=17#","Update Your Business Info"
"https://www.brabys.com/images/logo-placeholder.webp","SAVENTIX SA","https://www.brabys.com/za/western-cape/stellenbosch/solar-energy/saventix-sa","Stellenbosch, Western Cape","Solar Energy","Phone:","021 852 7333","tel:0218527333","Email:","info.southafrica@soventix.co.za","mailto:info.southafrica@soventix.co.za","More
                                        Information","https://www.brabys.com/za/western-cape/stellenbosch/solar-energy/saventix-sa","https://www.brabys.com/za/solar-installers-supplies?page=17#","Update Your Business Info"
"https://www.brabys.com/images/logo-placeholder.webp","SETSOLAR","https://www.brabys.com/za/western-cape/cape-town/epping/renewable-energy/setsolar","Epping, Cape Town, Western Cape","Renewable Energy","Phone:","021 535 1978","tel:0215351978","Email:","info@setsolar.co.za","mailto:info@setsolar.co.za","Visit
                                        Website","http://www.setsolar.co.za/","https://www.brabys.com/za/solar-installers-supplies?page=18#","Update Your Business Info"
"https://www.brabys.com/images/logo-placeholder.webp","SIMON ROLFE MAINTENANCE MANAGEMENT","https://www.brabys.com/za/western-cape/plettenberg-bay/solar/simon-rolfe-maintenance-management","Plettenberg Bay, Western Cape","Solar","Cell:","082 415 3796","tel:0824153796","Email:","simonrolfe@telkomsa.net","mailto:simonrolfe@telkomsa.net","More
                                        Information","https://www.brabys.com/za/western-cape/plettenberg-bay/solar/simon-rolfe-maintenance-management","https://www.brabys.com/za/solar-installers-supplies?page=18#","Update Your Business Info"
"https://www.brabys.com/images/logo-placeholder.webp","SIYAXHUMA","https://www.brabys.com/za/kwazulu-natal/westville/berea-west/solar-energy-solutions/siyaxhuma","Berea West, Westville, Kwazulu-Natal","Solar Energy Solutions","VOIP:","087 354 5005","tel:0873545005","","","","Visit
                                        Website","http://www.siyavuna.org.za/","https://www.brabys.com/za/solar-installers-supplies?page=18#","Update Your Business Info"
"https://www.brabys.com/images/logo-placeholder.webp","SOL SQUARE","https://www.brabys.com/za/gauteng/randburg/north-riding/solar-energy-equipment/sol-square","North Riding, Randburg, Gauteng","Solar Energy Equipment","Phone:","011 653 6016","tel:0116536016","Share Call Fax:","086 210 6351","tel:0862106351","Visit
                                        Website","http://www.solsquare.com/","https://www.brabys.com/za/solar-installers-supplies?page=18#","Update Your Business Info"
"https://www.brabys.com/images/logo-placeholder.webp","SOLA ENKULU","https://www.brabys.com/za/western-cape/touws-river/solar-energy-equipment/sola-enkulu","Touws River, Western Cape","Solar Energy Equipment","Cell:","081 250 3410","tel:0812503410","Email:","sales@sola-enkulu.co.za","mailto:sales@sola-enkulu.co.za","Visit
                                        Website","http://www.sola-enkulu.co.za/","https://www.brabys.com/za/solar-installers-supplies?page=18#","Update Your Business Info"
"https://www.brabys.com/images/logo-placeholder.webp","SOLAR & POWER (PTY) LTD","https://www.brabys.com/za/gauteng/pretoria/waterkloof-glen/solar-systems/solar-power-pty-ltd","Waterkloof Glen, Pretoria, Gauteng","Solar Systems","VOIP:","087 702 4001","tel:0877024001","Email:","rupert@solarandpower.co.za","mailto:rupert@solarandpower.co.za","Visit
                                        Website","http://www.solarandpower.co.za/","https://www.brabys.com/za/solar-installers-supplies?page=18#","Update Your Business Info"
"https://www.brabys.com/images/logo-placeholder.webp","SOLAR ACADEMY OF SUB SAHARAN AFRICA","https://www.brabys.com/za/gauteng/alberton/alrode/solar-systems/solar-academy-of-sub-saharan-africa","Alrode, Alberton, Gauteng","Solar Systems","Phone:","086 111 3078","tel:0861113078","Share Call Fax:","086 613 8308","tel:0866138308","More
                                        Information","https://www.brabys.com/za/gauteng/alberton/alrode/solar-systems/solar-academy-of-sub-saharan-africa","https://www.brabys.com/za/solar-installers-supplies?page=18#","Update Your Business Info"
"https://www.brabys.com/images/logo-placeholder.webp","SOLAR AND BATTERY","https://www.brabys.com/za/gauteng/benoni/benoni-small-farms/solar-pv-systems/solar-and-battery","Benoni Small Farms, Benoni, Gauteng","Solar PV Systems","Cell:","078 701 0613","tel:0787010613","Email:","sales@mrmcon.co.za","mailto:sales@mrmcon.co.za","Visit
                                        Website","http://www.solarandbattery.co.za/","https://www.brabys.com/za/solar-installers-supplies?page=18#","Update Your Business Info"
"https://www.brabys.com/images/logo-placeholder.webp","SOLAR BALANCE","https://www.brabys.com/za/eastern-cape/jeffreys-bay/solar-energy-equipment/solar-balance","Jeffreys Bay, Eastern Cape","Solar Energy Equipment","Email:","info@solarbalance.co.za","mailto:info@solarbalance.co.za","","","","Visit
                                        Website","http://www.solarbalance.co.za/","https://www.brabys.com/za/solar-installers-supplies?page=18#","Update Your Business Info"
"https://www.brabys.com/images/logo-placeholder.webp","SOLAR BEAM (PTY) LTD","https://www.brabys.com/za/kwazulu-natal/durban/briardene/solar-energy-equipment/solar-beam-pty-ltd","Briardene, Durban, Kwazulu-Natal","Solar Energy Equipment","Phone:","031 563 9585","tel:0315639585","Email:","solarbeam@netactive.co.za","mailto:solarbeam@netactive.co.za","Visit
                                        Website","http://www.solarbeam.co.za/","https://www.brabys.com/za/solar-installers-supplies?page=18#","Update Your Business Info"
"https://www.brabys.com/images/logo-placeholder.webp","SOLAR CUBE","https://www.brabys.com/za/free-state/bloemfontein/spitskop/solar-energy/solar-cube","Spitskop, Bloemfontein, Free State","Solar Energy","Phone:","051 875 1121","tel:0518751121","Email:","info@solarcube.co.za","mailto:info@solarcube.co.za","Visit
                                        Website","http://www.solarcube.co.za/","https://www.brabys.com/za/solar-installers-supplies?page=19#","Update Your Business Info"
"https://www.brabys.com/images/logo-placeholder.webp","SOLAR ENERGY AFRICA","https://www.brabys.com/za/western-cape/stellenbosch/solar-energy/solar-energy-africa","Stellenbosch, Western Cape","Solar Energy","Phone:","021 202 8300","tel:0212028300","Email:","info@solarenergy.africa","mailto:info@solarenergy.africa","More
                                        Information","https://www.brabys.com/za/western-cape/stellenbosch/solar-energy/solar-energy-africa","https://www.brabys.com/za/solar-installers-supplies?page=19#","Update Your Business Info"
"https://www.brabys.com/images/logo-placeholder.webp","SOLAR ENERGY AFRICA","https://www.brabys.com/za/western-cape/george/eastern-extension/solar-energy-solutions/solar-energy-africa","Eastern Extension, George, Western Cape","Solar Energy Solutions","Cell:","072 381 8149","tel:0723818149","Email:","simone@solarenergy.africa","mailto:simone@solarenergy.africa","More
                                        Information","https://www.brabys.com/za/western-cape/george/eastern-extension/solar-energy-solutions/solar-energy-africa","https://www.brabys.com/za/solar-installers-supplies?page=19#","Update Your Business Info"
"https://www.brabys.com/images/logo-placeholder.webp","SOLAR ENERGY GROUP (PTY) LTD","https://www.brabys.com/za/gauteng/pretoria/waterkloof-ridge/renewable-energy/solar-energy-group-pty-ltd","Waterkloof Ridge, Pretoria, Gauteng","Renewable Energy","Phone:","012 770 3310","tel:0127703310","Email:","sales@solarenergygroup.co.za","mailto:sales@solarenergygroup.co.za","Visit
                                        Website","http://www.solarenergygroup.co.za/","https://www.brabys.com/za/solar-installers-supplies?page=19#","Update Your Business Info"
"https://www.brabys.com/images/logo-placeholder.webp","SOLAR EQUIPMENT","https://www.brabys.com/za/eastern-cape/port-elizabeth/sherwood/solar-equipment","Sherwood, Port Elizabeth, Eastern Cape","Solar Equipment","Phone:","041 101 0277","tel:0411010277","Cell:","041 453 7602","tel:0414537602","Visit
                                        Website","http://www.solarequipment.co.za/","https://www.brabys.com/za/solar-installers-supplies?page=19#","Update Your Business Info"
"https://www.brabys.com/images/logo-placeholder.webp","SOLAR GEYSERS JOHANNESBURG","https://www.brabys.com/za/gauteng/midrand/kyalami-a-h/renewable-energy/solar-geysers-johannesburg","Kyalami A H, Midrand, Gauteng","Renewable Energy","Phone:","011 705 2427","tel:0117052427","Email:","greenleafalternativesolution@newstime.co.za","mailto:greenleafalternativesolution@newstime.co.za","Visit
                                        Website","http://www.greenleafalternativesolutions.co.za/","https://www.brabys.com/za/solar-installers-supplies?page=19#","Update Your Business Info"
"https://www.brabys.com/images/logo-placeholder.webp","SOLAR GREEN SA (PTY) LTD","https://www.brabys.com/za/western-cape/milnerton/milnerton-ridge/solar-energy-equipment/solar-green-sa-pty-ltd","Milnerton Ridge, Milnerton, Western Cape","Solar Energy Equipment","Phone:","021 555 0096","tel:0215550096","Cell:","081 331 4887","tel:0813314887","More
                                        Information","https://www.brabys.com/za/western-cape/milnerton/milnerton-ridge/solar-energy-equipment/solar-green-sa-pty-ltd","https://www.brabys.com/za/solar-installers-supplies?page=19#","Update Your Business Info"
"https://www.brabys.com/images/logo-placeholder.webp","SOLAR HARVEST","https://www.brabys.com/za/gauteng/roodepoort/technikon/solar-water-heating-equipment/solar-harvest","Technikon, Roodepoort, Gauteng","Solar Water Heating Equipment","Phone:","011 763 1944","tel:0117631944","Email:","info@solarharvest.co.za","mailto:info@solarharvest.co.za","Visit
                                        Website","http://www.solarharvest.co.za/","https://www.brabys.com/za/solar-installers-supplies?page=19#","Update Your Business Info"
"https://www.brabys.com/images/logo-placeholder.webp","SOLAR HEAT EXCHANGERS","https://www.brabys.com/za/gauteng/randburg/ferndale/solar-water-heating-equipment/solar-heat-exchangers","Ferndale, Randburg, Gauteng","Solar Water Heating Equipment","Phone:","011 462 0024","tel:0114620024","Email:","info@solarheat.co.za","mailto:info@solarheat.co.za","Visit
                                        Website","http://www.solarheat.co.za/","https://www.brabys.com/za/solar-installers-supplies?page=19#","Update Your Business Info"
"https://www.brabys.com/images/logo-placeholder.webp","SOLAR KWIK INSTALLERS","https://www.brabys.com/za/eastern-cape/east-london/chiselhurst/solar-water-heating-equipment/solar-kwik-installers","Chiselhurst, East London, Eastern Cape","Solar Water Heating Equipment","Phone:","043 726 5724","tel:0437265724","Cell:","082 566 2577","tel:0825662577","More
                                        Information","https://www.brabys.com/za/eastern-cape/east-london/chiselhurst/solar-water-heating-equipment/solar-kwik-installers","https://www.brabys.com/za/solar-installers-supplies?page=19#","Update Your Business Info"
"https://www.brabys.com/images/logo-placeholder.webp","SOLAR LINKS ENERGY","https://www.brabys.com/za/gauteng/randburg/solar-energy/solar-links-energy","Randburg, Gauteng","","Cell:","068 233 2924","tel:0682332924","","","","Visit
                                        Website","http://www.solarlinksenergy.co.za/","https://www.brabys.com/za/solar-installers-supplies?page=20#","Update Your Business Info"
"https://www.brabys.com/images/logo-placeholder.webp","SOLAR MAN","https://www.brabys.com/za/gauteng/pretoria/six-fountains/solar-equipment/solar-man","Six Fountains, Pretoria, Gauteng","Solar Equipment","Phone:","012 809 1525","tel:0128091525","Email:","solarman@mwebbiz.co.za","mailto:solarman@mwebbiz.co.za","Visit
                                        Website","http://www.solarm.co.za/","https://www.brabys.com/za/solar-installers-supplies?page=20#","Update Your Business Info"
"https://www.brabys.com/images/logo-placeholder.webp","SOLAR NINJA","https://www.brabys.com/za/western-cape/mossel-bay/online-accommodation-reservations/solar-ninja","Mossel Bay, Western Cape","Online Accommodation Reservations","VOIP:","087 088 1913","tel:0870881913","Email:","info@solarninja.co.za","mailto:info@solarninja.co.za","Visit
                                        Website","http://www.solarninja.co.za/","https://www.brabys.com/za/solar-installers-supplies?page=20#","Update Your Business Info"
"https://www.brabys.com/images/logo-placeholder.webp","SOLAR PANEL PRO","https://www.brabys.com/za/mpumalanga/emalahleni/tasbet-park-ext-3/solar-energy/solar-panel-pro","Tasbet Park Ext 3, Emalahleni, Mpumalanga","Solar","Cell:","079 241 5472","tel:0792415472","Email:","bokwenic@gmail.com","mailto:bokwenic@gmail.com","More
                                        Information","https://www.brabys.com/za/mpumalanga/emalahleni/tasbet-park-ext-3/solar-energy/solar-panel-pro","https://www.brabys.com/za/solar-installers-supplies?page=20#","Update Your Business Info"
"https://www.brabys.com/images/logo-placeholder.webp","SOLAR POWER","https://www.brabys.com/za/gauteng/sandton/marlboro-gardens/solar-systems/solar-power","Marlboro Gardens, Sandton, Gauteng","Solar Systems","Phone:","086 111 4169","tel:0861114169","Email:","info@solarpower.co.za","mailto:info@solarpower.co.za","Visit
                                        Website","http://www.solarpower.co.za/","https://www.brabys.com/za/solar-installers-supplies?page=20#","Update Your Business Info"
"https://www.brabys.com/images/logo-placeholder.webp","SOLAR PRIMEG","https://www.brabys.com/za/kwazulu-natal/phoenix/southgate/solar-energy-equipment/solar-primeg","Southgate, Phoenix, Kwazulu-Natal","Solar Energy Equipment","Phone:","031 569 1044","tel:0315691044","Email:","admin@solarprimeg.co.za","mailto:admin@solarprimeg.co.za","Visit
                                        Website","http://www.solarprimeg.co.za/","https://www.brabys.com/za/solar-installers-supplies?page=20#","Update Your Business Info"
"https://www.brabys.com/images/logo-placeholder.webp","SOLAR SERVICES CC","https://www.brabys.com/za/gauteng/pretoria/rietfontein/air-pumps/solar-services-cc","Rietfontein, Pretoria, Gauteng","Air Pumps","Phone:","012 329 0545","tel:0123290545","Email:","solar@lantic.net","mailto:solar@lantic.net","More
                                        Information","https://www.brabys.com/za/gauteng/pretoria/rietfontein/air-pumps/solar-services-cc","https://www.brabys.com/za/solar-installers-supplies?page=20#","Update Your Business Info"
"https://www.brabys.com/images/logo-placeholder.webp","SOLAR SIMPLE","https://www.brabys.com/za/north-west/klerksdorp/songloed/solar-energy/solar-simple","Songloed, Klerksdorp, North West","Solar Energy","Cell:","060 724 9477","tel:0607249477","Email:","info@solarsimple.co.za","mailto:info@solarsimple.co.za","Visit
                                        Website","http://www.solarsimple.co.za/","https://www.brabys.com/za/solar-installers-supplies?page=20#","Update Your Business Info"
"https://www.brabys.com/images/logo-placeholder.webp","SOLAR SMART TECHNOLOGY","https://www.brabys.com/za/gauteng/midrand/randjiespark/solar-energy/solar-smart-technology","Randjiespark, Midrand, Gauteng","Solar Energy","Cell:","083 461 0084","tel:0834610084","Email:","sales@solarsmarttechnology.co.za","mailto:sales@solarsmarttechnology.co.za","Visit
                                        Website","http://www.solarsmarttechnology.co.za/","https://www.brabys.com/za/solar-installers-supplies?page=20#","Update Your Business Info"
"https://www.brabys.com/images/logo-placeholder.webp","SOLAR SOLUTIONS","https://www.brabys.com/za/western-cape/plettenberg-bay/solar-water-heating-equipment/solar-solutions","Plettenberg Bay, Western Cape","Solar Water Heating Equipment","Phone:","044 532 7583","tel:0445327583","Cell:","082 255 9916","tel:0822559916","Visit
                                        Website","http://www.solarsolutions.co.za/","https://www.brabys.com/za/solar-installers-supplies?page=20#","Update Your Business Info"
"https://www.brabys.com/images/logo-placeholder.webp","SOLAR SOLUTIONS ENGINEERING SA (CPT)","https://www.brabys.com/za/western-cape/cape-town/maitland/solar-energy/solar-solutions-engineering-sa-cpt","Maitland, Cape Town, Western Cape","","Phone:","021 203 9904","tel:0212039904","Email:","support@ssesa.co.za","mailto:support@ssesa.co.za","Visit
                                        Website","http://www.ssesa.co.za/","https://www.brabys.com/za/solar-installers-supplies?page=21#","Update Your Business Info"
"https://www.brabys.com/images/logo-placeholder.webp","SOLAR SPECIFICS","https://www.brabys.com/za/western-cape/milnerton/parklands/solar-water-heating-equipment/solar-specifics","Parklands, Milnerton, Western Cape","Equipment","Cell:","082 562 4791","tel:0825624791","","","","More
                                        Information","https://www.brabys.com/za/western-cape/milnerton/parklands/solar-water-heating-equipment/solar-specifics","https://www.brabys.com/za/solar-installers-supplies?page=21#","Update Your Business Info"
"https://www.brabys.com/images/logo-placeholder.webp","SOLAR SPOT","https://www.brabys.com/za/western-cape/kraaifontein/solar-energy/solar-spot","Kraaifontein, Western Cape","Solar Energy","Cell:","078 012 9105","tel:0780129105","","","","More
                                        Information","https://www.brabys.com/za/western-cape/kraaifontein/solar-energy/solar-spot","https://www.brabys.com/za/solar-installers-supplies?page=21#","Update Your Business Info"
"https://www.brabys.com/images/logo-placeholder.webp","SOLAR STARZ","https://www.brabys.com/za/gauteng/roodepoort/solar-energy/solar-starz","Roodepoort, Gauteng","Solar Energy","Cell:","084 494 0000","tel:0844940000","Email:","sasolarstarz@gmail.com","mailto:sasolarstarz@gmail.com","Visit
                                        Website","http://www.solarstarz.co.za/","https://www.brabys.com/za/solar-installers-supplies?page=21#","Update Your Business Info"
"https://www.brabys.com/images/logo-placeholder.webp","SOLAR VAULT","https://www.brabys.com/za/eastern-cape/port-elizabeth/crockarts-hope/solar-energy-equipment/solar-vault","Crockarts Hope, Port Elizabeth, Eastern Cape","Solar Energy Equipment","Cell:","079 643 1737","tel:0796431737","Email:","sales@solarvault.co.za","mailto:sales@solarvault.co.za","Visit
                                        Website","http://www.solarvault.co.za/","https://www.brabys.com/za/solar-installers-supplies?page=21#","Update Your Business Info"
"https://www.brabys.com/images/logo-placeholder.webp","SOLAR ZONE","https://www.brabys.com/za/northern-cape/upington/solar-energy-equipment/solar-zone","Upington, Northern Cape","Solar Energy Equipment","Phone:","054 331 1548","tel:0543311548","","","","Visit
                                        Website","http://www.solarzone.co.za/","https://www.brabys.com/za/solar-installers-supplies?page=21#","Update Your Business Info"
"https://www.brabys.com/images/logo-placeholder.webp","SOLAR4LIFE ENERGY SOLUTIONS","https://www.brabys.com/za/gauteng/boksburg/boksburg-north/solar-energy/solar4life-energy-solutions","Boksburg North, Boksburg, Gauteng","Solar Energy","Phone:","011 594 7522","tel:0115947522","Email:","henry@solar4life.co.za","mailto:henry@solar4life.co.za","Visit
                                        Website","http://www.solar4life.co.za/","https://www.brabys.com/za/solar-installers-supplies?page=21#","Update Your Business Info"
"https://www.brabys.com/images/logo-placeholder.webp","SOLARAY SYSTEM (PTY) LTD","https://www.brabys.com/za/kwazulu-natal/kloof/solar-electric-power-systems-equipment/solaray-system-pty-ltd","Kloof, Kwazulu-Natal","Solar Electric Power - Systems & Equipment","Phone:","031 940 4040","tel:0319404040","Email:","sales@solaray.co.za","mailto:sales@solaray.co.za","Visit
                                        Website","http://www.solaray.co.za/","https://www.brabys.com/za/solar-installers-supplies?page=21#","Update Your Business Info"
"https://www.brabys.com/images/logo-placeholder.webp","SOLARBEAM","https://www.brabys.com/za/gauteng/randburg/strijdompark/solar-energy/solarbeam","Strijdompark, Randburg, Gauteng","Solar Energy","Phone:","011 874 0179","tel:0118740179","Email:","jhbsales@solarbeam.co.za","mailto:jhbsales@solarbeam.co.za","Visit
                                        Website","http://www.solarbeam.co.za/","https://www.brabys.com/za/solar-installers-supplies?page=21#","Update Your Business Info"
"https://www.brabys.com/images/logo-placeholder.webp","SOLARC ELECTRICAL AFRICA","https://www.brabys.com/za/western-cape/somerset-west/somerset-west-bus-pk/solar-energy-equipment/solarc-electrical-africa","Somerset West Bus Pk, Somerset West, Western Cape","Solar Energy Equipment","VOIP:","087 703 2456","tel:0877032456","","","","Visit
                                        Website","http://www.solarcea.co.za/","https://www.brabys.com/za/solar-installers-supplies?page=21#","Update Your Business Info"
"https://www.brabys.com/images/logo-placeholder.webp","SOLARENT (PTY) LTD","https://www.brabys.com/za/western-cape/bellville/stikland/solar-energy-equipment/solarent-pty-ltd","Stikland, Bellville, Western Cape","Equipment","Phone:","021 946 3424","tel:0219463424","","","","Visit
                                        Website","http://www.solarent.com/","https://www.brabys.com/za/solar-installers-supplies?page=22#","Update Your Business Info"
"https://www.brabys.com/images/logo-placeholder.webp","SOLARITE SOUTH AFRICA","https://www.brabys.com/za/gauteng/pretoria/capital-park/solar-installers/solarite-south-africa","Capital Park, Pretoria, Gauteng","Solar Installers","Phone:","012 323 1444","tel:0123231444","Share Call Fax:","012 323 5665","tel:0123235665","Visit
                                        Website","http://www.solarite.co.za/","https://www.brabys.com/za/solar-installers-supplies?page=22#","Update Your Business Info"
"https://www.brabys.com/images/logo-placeholder.webp","SOLARSEC","https://www.brabys.com/za/mpumalanga/secunda/renewable-energy/solarsec","Secunda, Mpumalanga","","Cell:","079 736 1432","tel:0797361432","Email:","sales@solarsec.co.za","mailto:sales@solarsec.co.za","Visit
                                        Website","http://www.solarsec.co.za/","https://www.brabys.com/za/solar-installers-supplies?page=22#","Update Your Business Info"
"https://www.brabys.com/images/logo-placeholder.webp","SOLARTECH OVERBERG","https://www.brabys.com/za/western-cape/stanford/renewable-energy/solartech-overberg","Stanford, Western Cape","Renewable Energy","Phone:","028 341 0028","tel:0283410028","Cell:","083 316 1872","tel:0833161872","Visit
                                        Website","http://www.solsquare.com/","https://www.brabys.com/za/solar-installers-supplies?page=22#","Update Your Business Info"
"https://www.brabys.com/images/logo-placeholder.webp","SOLARXGEN","https://www.brabys.com/za/western-cape/george/george-central/solar-energy-equipment/solarxgen","George Central, George, Western Cape","Solar Energy Equipment","Email:","leandri.starbuck@solarxgen.com","mailto:leandri.starbuck@solarxgen.com","","","","Visit
                                        Website","http://www.solarxgen.co.za/","https://www.brabys.com/za/solar-installers-supplies?page=22#","Update Your Business Info"
"https://www.brabys.com/images/logo-placeholder.webp","SOLEK-RENEWABLE ENERGY ENGINEERS","https://www.brabys.com/za/western-cape/stellenbosch/solar-energy/solek-renewable-energy-engineers","Stellenbosch, Western Cape","Solar Energy","Phone:","086 124 2327","tel:0861242327","Email:","info@solek.co.za","mailto:info@solek.co.za","More
                                        Information","https://www.brabys.com/za/western-cape/stellenbosch/solar-energy/solek-renewable-energy-engineers","https://www.brabys.com/za/solar-installers-supplies?page=22#","Update Your Business Info"
"https://www.brabys.com/images/logo-placeholder.webp","SPARK SOLAR ENERGY","https://www.brabys.com/za/western-cape/kraaifontein/solar-energy/spark-solar-energy","Kraaifontein, Western Cape","Solar Energy","VOIP:","087 265 3119","tel:0872653119","","","","More
                                        Information","https://www.brabys.com/za/western-cape/kraaifontein/solar-energy/spark-solar-energy","https://www.brabys.com/za/solar-installers-supplies?page=22#","Update Your Business Info"
"https://www.brabys.com/images/logo-placeholder.webp","SPECIALIZED SOLAR SYSTEMS","https://www.brabys.com/za/western-cape/george/tamsui-dustria/solar-energy-equipment/specialized-solar-systems","Tamsui Dustria, George, Western Cape","Solar Energy Equipment","Phone:","044 878 1126","tel:0448781126","","","","More
                                        Information","https://www.brabys.com/za/western-cape/george/tamsui-dustria/solar-energy-equipment/specialized-solar-systems","https://www.brabys.com/za/solar-installers-supplies?page=22#","Update Your Business Info"
"https://www.brabys.com/images/logo-placeholder.webp","SUN ELECTRICITY (PTY) LTD","https://www.brabys.com/za/gauteng/pretoria/mayville/electrical-supplies/sun-electricity-pty-ltd","Mayville, Pretoria, Gauteng","Electrical Supplies","Phone:","012 335 6486","tel:0123356486","","","","More
                                        Information","https://www.brabys.com/za/gauteng/pretoria/mayville/electrical-supplies/sun-electricity-pty-ltd","https://www.brabys.com/za/solar-installers-supplies?page=22#","Update Your Business Info"
"https://www.brabys.com/images/logo-placeholder.webp","SUNCO SYSTEMS (PTY) LTD","https://www.brabys.com/za/western-cape/somerset-west/firgrove/solar-energy/sunco-systems-pty-ltd","Firgrove, Somerset West, Western Cape","Solar Energy","Phone:","021 851 6785","tel:0218516785","","","","More
                                        Information","https://www.brabys.com/za/western-cape/somerset-west/firgrove/solar-energy/sunco-systems-pty-ltd","https://www.brabys.com/za/solar-installers-supplies?page=22#","Update Your Business Info"
"https://www.brabys.com/images/logo-placeholder.webp","SUNFIN SOLAR","https://www.brabys.com/za/gauteng/boksburg/boksburg-north/solar-water-heating-equipment/sunfin-solar","Boksburg North, Boksburg, Gauteng","Equipment","Phone:","086 101 7229","tel:0861017229","Share Call Fax:","086 588 1592","tel:0865881592","More
                                        Information","https://www.brabys.com/za/gauteng/boksburg/boksburg-north/solar-water-heating-equipment/sunfin-solar","https://www.brabys.com/za/solar-installers-supplies?page=23#","Update Your Business Info"
"https://www.brabys.com/images/logo-placeholder.webp","SUNRISE SOLAR","https://www.brabys.com/za/western-cape/mitchells-plain/solar-energy-equipment/sunrise-solar","Mitchells Plain, Mitchell's Plain, Western Cape","Equipment","Cell:","072 926 0680","tel:0729260680","","","","More
                                        Information","https://www.brabys.com/za/western-cape/mitchells-plain/solar-energy-equipment/sunrise-solar","https://www.brabys.com/za/solar-installers-supplies?page=23#","Update Your Business Info"
"https://www.brabys.com/images/logo-placeholder.webp","SUNSOL-E","https://www.brabys.com/za/gauteng/randburg/strijdom-park/solar-energy-solutions/sunsol-e","Strijdom Park, Randburg, Gauteng","Solar Energy Solutions","Cell:","076 458 3576","tel:0764583576","Email:","sales@sunsol-e.co.za","mailto:sales@sunsol-e.co.za","Visit
                                        Website","http://www.sunsol-e.co.za/","https://www.brabys.com/za/solar-installers-supplies?page=23#","Update Your Business Info"
"https://www.brabys.com/images/logo-placeholder.webp","SUNTANK","https://www.brabys.com/za/gauteng/pretoria/koedoespoort-ind/solar-water-heating-equipment/suntank","Koedoespoort Ind, Pretoria, Gauteng","Solar Water Heating Equipment","Phone:","012 804 7646","tel:0128047646","Share Call Fax:","086 585 9326","tel:0865859326","Visit
                                        Website","http://www.suntank.com/","https://www.brabys.com/za/solar-installers-supplies?page=23#","Update Your Business Info"
"https://www.brabys.com/images/logo-placeholder.webp","SUNWORX SOLAR","https://www.brabys.com/za/gauteng/sandton/renewable-energy/sunworx-solar","Sandton, Gauteng","Renewable Energy","Phone:","010 005 2375","tel:0100052375","Email:","info@sunworxsolar.co.za","mailto:info@sunworxsolar.co.za","Visit
                                        Website","http://www.sunworxsolar.co.za/","https://www.brabys.com/za/solar-installers-supplies?page=23#","Update Your Business Info"
"https://www.brabys.com/images/logo-placeholder.webp","SWITCH SOLAR SOLUTIONS","https://www.brabys.com/za/western-cape/bellville/ridgeworth/solar-energy/switch-solar-solutions","Ridgeworth, Bellville, Western Cape","Solar Energy","Cell:","081 788 8869","tel:0817888869","","","","More
                                        Information","https://www.brabys.com/za/western-cape/bellville/ridgeworth/solar-energy/switch-solar-solutions","https://www.brabys.com/za/solar-installers-supplies?page=23#","Update Your Business Info"
"https://www.brabys.com/images/logo-placeholder.webp","SYNERGY IN CREATION","https://www.brabys.com/za/north-west/brits/schoemansville/solar-equipment/synergy-in-creation","Schoemansville, Brits, North West","Solar Equipment","Cell:","072 738 6808","tel:0727386808","Email:","sales@synergyincreation.com","mailto:sales@synergyincreation.com","Visit
                                        Website","http://www.synergyincreation.com/","https://www.brabys.com/za/solar-installers-supplies?page=23#","Update Your Business Info"
"https://www.brabys.com/images/logo-placeholder.webp","TASOL","https://www.brabys.com/za/northern-cape/kimberley/solar-energy-equipment/tasol","Kimberley, Northern Cape","Solar Energy Equipment","Phone:","053 831 4034","tel:0538314034","Cell:","071 365 1591","tel:0713651591","Visit
                                        Website","http://www.tasolsolar.co.za/","https://www.brabys.com/za/solar-installers-supplies?page=23#","Update Your Business Info"
"https://www.brabys.com/images/logo-placeholder.webp","TASOL","https://www.brabys.com/za/eastern-cape/jeffreys-bay/eedenglen/solar-energy-equipment/tasol","Eedenglen, Jeffreys Bay, Eastern Cape","Solar Energy Equipment","Cell:","082 697 7466","tel:0826977466","Email:","johnt@tasolsolar.co.za","mailto:johnt@tasolsolar.co.za","Visit
                                        Website","http://www.tasolsolar.co.za/","https://www.brabys.com/za/solar-installers-supplies?page=23#","Update Your Business Info"
"https://www.brabys.com/images/logo-placeholder.webp","TASOL SOLAR","https://www.brabys.com/za/free-state/bethlehem/solar-heating/tasol-solar","Bethlehem, Free State","Solar Heating","Phone:","058 303 2174","tel:0583032174","Email:","bethlehem@tasolsolar.co.za","mailto:bethlehem@tasolsolar.co.za","More
                                        Information","https://www.brabys.com/za/free-state/bethlehem/solar-heating/tasol-solar","https://www.brabys.com/za/solar-installers-supplies?page=23#","Update Your Business Info"
"https://www.brabys.com/images/logo-placeholder.webp","TASOL-SOLAR ENERGY SOLUTIONS","https://www.brabys.com/za/gauteng/randburg/klipfontein-no-4/solar-energy/tasol-solar-energy-solutions","Klipfontein No 4, Randburg, Gauteng","","Phone:","011 704 4436","tel:0117044436","","","","Visit
                                        Website","http://www.tasolsolar.co.za/","https://www.brabys.com/za/solar-installers-supplies?page=24#","Update Your Business Info"
"https://www.brabys.com/images/logo-placeholder.webp","TELCONNECT ENERGY","https://www.brabys.com/za/western-cape/cape-town/paarden-eiland/solar-energy/telconnect-energy","Paarden Eiland, Cape Town, Western Cape","Solar","Phone:","021 023 0064","tel:0210230064","","","","More
                                        Information","https://www.brabys.com/za/western-cape/cape-town/paarden-eiland/solar-energy/telconnect-energy","https://www.brabys.com/za/solar-installers-supplies?page=24#","Update Your Business Info"
"https://www.brabys.com/images/logo-placeholder.webp","TESLAH ELECTRICAL & SOLAR SYSTEMS","https://www.brabys.com/za/kwazulu-natal/ladysmith/egerton/electrical-contractors/teslah-electrical-solar-systems","Egerton, Ladysmith, Kwazulu-Natal","Electrical Contractors","Phone:","036 635 3062","tel:0366353062","Cell:","036 631 4858","tel:0366314858","More
                                        Information","https://www.brabys.com/za/kwazulu-natal/ladysmith/egerton/electrical-contractors/teslah-electrical-solar-systems","https://www.brabys.com/za/solar-installers-supplies?page=24#","Update Your Business Info"
"https://www.brabys.com/images/logo-placeholder.webp","THE RENEWABLE RESOURCES COMPANY","https://www.brabys.com/za/kwazulu-natal/mt-edgecombe/cornubia-ind-estate/solar-water-heating-equipment/the-renewable-resources-company","Cornubia Ind Estate, Mt. Edgecombe, Kwazulu-Natal","Solar Water Heating Equipment","Phone:","010 006 5537","tel:0100065537","Email:","info@trrc.africa","mailto:info@trrc.africa","Visit
                                        Website","http://www.renewableresources.co.za/","https://www.brabys.com/za/solar-installers-supplies?page=24#","Update Your Business Info"
"https://www.brabys.com/images/logo-placeholder.webp","THE SOLAR CREW","https://www.brabys.com/za/western-cape/beaufort-west/solar-energy/the-solar-crew","Beaufort West, Western Cape","Solar Energy","Cell:","072 853 5325","tel:0728535325","","","","More
                                        Information","https://www.brabys.com/za/western-cape/beaufort-west/solar-energy/the-solar-crew","https://www.brabys.com/za/solar-installers-supplies?page=24#","Update Your Business Info"
"https://www.brabys.com/images/logo-placeholder.webp","THE SOLAR FACTORY","https://www.brabys.com/za/kwazulu-natal/hillcrest/assagay/inverters/the-solar-factory","Assagay, Hillcrest, Kwazulu-Natal","Inverters","Cell:","064 540 3424","tel:0645403424","Email:","bcgenergy@yahoo.com","mailto:bcgenergy@yahoo.com","More
                                        Information","https://www.brabys.com/za/kwazulu-natal/hillcrest/assagay/inverters/the-solar-factory","https://www.brabys.com/za/solar-installers-supplies?page=24#","Update Your Business Info"
"https://www.brabys.com/images/logo-placeholder.webp","THE SOLAR FACTORY","https://www.brabys.com/za/kwazulu-natal/ballito/batteries/the-solar-factory","Ballito, Kwazulu-Natal","Batteries","Cell:","066 272 2484","tel:0662722484","Email:","info@thesolarfactory.co.za","mailto:info@thesolarfactory.co.za","More
                                        Information","https://www.brabys.com/za/kwazulu-natal/ballito/batteries/the-solar-factory","https://www.brabys.com/za/solar-installers-supplies?page=24#","Update Your Business Info"
"https://www.brabys.com/images/logo-placeholder.webp","THE WATER SOLAR COMPANY","https://www.brabys.com/za/western-cape/paarl/daljosafat-ind-tship/solar-energy-equipment/the-water-solar-company","Daljosafat Ind Tship, Paarl, Western Cape","Solar Energy Equipment","Cell:","062 375 5088","tel:0623755088","","","","More
                                        Information","https://www.brabys.com/za/western-cape/paarl/daljosafat-ind-tship/solar-energy-equipment/the-water-solar-company","https://www.brabys.com/za/solar-installers-supplies?page=24#","Update Your Business Info"
"https://www.brabys.com/images/logo-placeholder.webp","THINK SOLAR","https://www.brabys.com/za/western-cape/stilbaai/solar-energy-equipment/think-solar","Stilbaai, Western Cape","Solar Energy Equipment","Cell:","076 596 3361","tel:0765963361","Email:","thinksolarwc@gmail.com","mailto:thinksolarwc@gmail.com","More
                                        Information","https://www.brabys.com/za/western-cape/stilbaai/solar-energy-equipment/think-solar","https://www.brabys.com/za/solar-installers-supplies?page=24#","Update Your Business Info"
"https://www.brabys.com/images/logo-placeholder.webp","TIM & CO ENERGY","https://www.brabys.com/za/gauteng/benoni/dewald-hattingh-park/solar-energy/tim-co-energy","Dewald Hattingh Park, Benoni, Gauteng","Solar Energy","Cell:","083 305 9598","tel:0833059598","Email:","tim@timandco.co.za","mailto:tim@timandco.co.za","Visit
                                        Website","http://www.timandco.co.za/","https://www.brabys.com/za/solar-installers-supplies?page=24#","Update Your Business Info"
"https://www.brabys.com/images/logo-placeholder.webp","TINT SOLAR FILM SPECIALIST","https://www.brabys.com/za/kwazulu-natal/amanzimtoti/illovo-beach/solar-film/tint-solar-film-specialist","Illovo Beach, Amanzimtoti, Kwazulu-Natal","Solar Film","Cell:","082 563 0833","tel:0825630833","Email:","frankgbbm@gmail.com","mailto:frankgbbm@gmail.com","More
                                        Information","https://www.brabys.com/za/kwazulu-natal/amanzimtoti/illovo-beach/solar-film/tint-solar-film-specialist","https://www.brabys.com/za/solar-installers-supplies?page=25#","Update Your Business Info"
"https://www.brabys.com/images/logo-placeholder.webp","TOP SOLAR ENERGY SOLUTIONS","https://www.brabys.com/za/western-cape/bredasdorp/solar-energy/top-solar-energy-solutions","Bredasdorp, Western Cape","","Cell:","082 550 4958","tel:0825504958","Email:","admin@topsolacres.co.za","mailto:admin@topsolacres.co.za","More
                                        Information","https://www.brabys.com/za/western-cape/bredasdorp/solar-energy/top-solar-energy-solutions","https://www.brabys.com/za/solar-installers-supplies?page=25#","Update Your Business Info"
"https://www.brabys.com/images/logo-placeholder.webp","TREETOPS RENEWABLE ENERGY SYSTEMS","https://www.brabys.com/za/western-cape/cape-town/dieprivier/renewable-energy/treetops-renewable-energy-systems","Dieprivier, Cape Town, Western Cape","","Phone:","021 706 1227","tel:0217061227","Email:","info@treetopssolar.co.za","mailto:info@treetopssolar.co.za","Visit
                                        Website","http://www.treetopssolar.co.za/","https://www.brabys.com/za/solar-installers-supplies?page=25#","Update Your Business Info"
"https://www.brabys.com/images/logo-placeholder.webp","TRIPPLE HYDRO ENERGY","https://www.brabys.com/za/western-cape/george/george-central/renewable-energy/tripple-hydro-energy","George Central, George, Western Cape","Renewable Energy","VOIP:","087 630 1083","tel:0876301083","Email:","accounts@tripplegroup.co.za","mailto:accounts@tripplegroup.co.za","Visit
                                        Website","http://www.tripplehydroenergy.co.za/","https://www.brabys.com/za/solar-installers-supplies?page=25#","Update Your Business Info"
"https://www.brabys.com/images/logo-placeholder.webp","TRUST SOLAR","https://www.brabys.com/za/western-cape/cape-town/ysterplaat/solar-energy-equipment/trust-solar","Ysterplaat, Cape Town, Western Cape","Solar Energy Equipment","Phone:","021 023 2093","tel:0210232093","Email:","admin@trustsolar.co.za","mailto:admin@trustsolar.co.za","Visit
                                        Website","http://www.trustsolar.co.za/","https://www.brabys.com/za/solar-installers-supplies?page=25#","Update Your Business Info"
"https://www.brabys.com/images/logo-placeholder.webp","TULBAGH LEOPARD (PTY) LTD","https://www.brabys.com/za/western-cape/tulbagh/solar-energy/tulbagh-leopard-pty-ltd","Tulbagh, Western Cape","Solar Energy","Cell:","076 083 3192","tel:0760833192","","","","More
                                        Information","https://www.brabys.com/za/western-cape/tulbagh/solar-energy/tulbagh-leopard-pty-ltd","https://www.brabys.com/za/solar-installers-supplies?page=25#","Update Your Business Info"
"https://www.brabys.com/images/logo-placeholder.webp","ULTRASOLAR TRADING (PTY) LTD","https://www.brabys.com/za/gauteng/alberton/brackendowns/solar-energy-equipment/ultrasolar-trading-pty-ltd","Brackendowns, Alberton, Gauteng","Solar Energy Equipment","Phone:","011 868 1287","tel:0118681287","Email:","ultrasolar@absamail.co.za","mailto:ultrasolar@absamail.co.za","Visit
                                        Website","http://www.ultrasolar.co.za/","https://www.brabys.com/za/solar-installers-supplies?page=25#","Update Your Business Info"
"https://www.brabys.com/images/logo-placeholder.webp","UNLIMITED SOLAR","https://www.brabys.com/za/gauteng/sandton/woodmead-east/energy-efficiency/unlimited-solar","Woodmead East, Sandton, Gauteng","Energy Efficiency","Phone:","011 656 4530","tel:0116564530","Email:","craig@unlimitedsolar.co.za","mailto:craig@unlimitedsolar.co.za","Visit
                                        Website","http://www.unlimitedsolar.co.za/","https://www.brabys.com/za/solar-installers-supplies?page=25#","Update Your Business Info"
"https://www.brabys.com/images/logo-placeholder.webp","UTAS RENEWABLE ENERGY","https://www.brabys.com/za/gauteng/pretoria/derdepoort/solar-energy-equipment/utas-renewable-energy","Derdepoort, Pretoria, Gauteng","Solar Energy Equipment","Cell:","064 165 7616","tel:0641657616","Email:","utasrenewable@gmail.com","mailto:utasrenewable@gmail.com","More
                                        Information","https://www.brabys.com/za/gauteng/pretoria/derdepoort/solar-energy-equipment/utas-renewable-energy","https://www.brabys.com/za/solar-installers-supplies?page=25#","Update Your Business Info"
"https://www.brabys.com/images/logo-placeholder.webp","V H SOLAR","https://www.brabys.com/za/northern-cape/hartswater-nc/hartswater/solar-energy-equipment/v-h-solar","Hartswater, Hartswater (N/C), Northern Cape","Solar Energy Equipment","Cell:","082 347 8664","tel:0823478664","Email:","aj.vhsolar@gmail.com","mailto:aj.vhsolar@gmail.com","More
                                        Information","https://www.brabys.com/za/northern-cape/hartswater-nc/hartswater/solar-energy-equipment/v-h-solar","https://www.brabys.com/za/solar-installers-supplies?page=25#","Update Your Business Info"
"https://www.brabys.com/images/logo-placeholder.webp","VALSA TRADING (PTY) LTD","https://www.brabys.com/za/western-cape/milnerton/montague-gdns-ind/solar-energy/valsa-trading-pty-ltd","Montague Gdns Ind, Milnerton, Western Cape","","Cell:","067 982 1422","tel:0679821422","","","","More
                                        Information","https://www.brabys.com/za/western-cape/milnerton/montague-gdns-ind/solar-energy/valsa-trading-pty-ltd","https://www.brabys.com/za/solar-installers-supplies?page=26#","Update Your Business Info"
"https://www.brabys.com/images/logo-placeholder.webp","VERSOFY SOLAR","https://www.brabys.com/za/gauteng/randburg/ferndale/solar-energy/versofy-solar","Ferndale, Randburg, Gauteng","Solar","Phone:","011 541 2441","tel:0115412441","Email:","sales@versofy.com","mailto:sales@versofy.com","Visit
                                        Website","http://www.versofy.com/","https://www.brabys.com/za/solar-installers-supplies?page=26#","Update Your Business Info"
"https://www.brabys.com/images/logo-placeholder.webp","VH SOLAR","https://www.brabys.com/za/northern-cape/hartswater-nc/hartswater/solar-energy/vh-solar","Hartswater, Hartswater (N/C), Northern Cape","Solar Energy","Cell:","082 347 8664","tel:0823478664","Email:","aj@vhsolar.biz","mailto:aj@vhsolar.biz","More
                                        Information","https://www.brabys.com/za/northern-cape/hartswater-nc/hartswater/solar-energy/vh-solar","https://www.brabys.com/za/solar-installers-supplies?page=26#","Update Your Business Info"
"https://www.brabys.com/images/logo-placeholder.webp","WEVOLTE ENGINEERING","https://www.brabys.com/za/western-cape/milnerton/montague-gdns-ind/solar-energy-equipment/wevolte-engineering","Montague Gdns Ind, Milnerton, Western Cape","Solar Energy Equipment","Cell:","082 674 9897","tel:0826749897","Email:","info@wevolteengineering.com","mailto:info@wevolteengineering.com","Visit
                                        Website","http://www.wevolteengineering.com/","https://www.brabys.com/za/solar-installers-supplies?page=26#","Update Your Business Info"
"https://www.brabys.com/images/logo-placeholder.webp","WILLI'S ENERGY SAVERS","https://www.brabys.com/za/free-state/ladybrand/solar-water-heating/willis-energy-savers","Ladybrand, Free State","Solar Water Heating","Phone:","051 924 3038","tel:0519243038","","","","More
                                        Information","https://www.brabys.com/za/free-state/ladybrand/solar-water-heating/willis-energy-savers","https://www.brabys.com/za/solar-installers-supplies?page=26#","Update Your Business Info"
"https://www.brabys.com/images/logo-placeholder.webp","WIND & SOLAR (PTY) LTD","https://www.brabys.com/za/western-cape/cape-town/thornton/solar-energy-equipment/wind-solar-pty-ltd","Thornton, Cape Town, Western Cape","Solar Energy Equipment","VOIP:","087 057 7255","tel:0870577255","","","","Visit
                                        Website","http://www.windandsolar.co.za/","https://www.brabys.com/za/solar-installers-supplies?page=26#","Update Your Business Info"
"https://www.brabys.com/images/logo-placeholder.webp","WIND STROM SA","https://www.brabys.com/za/western-cape/swellendam/solar-systems/wind-strom-sa","Swellendam, Western Cape","Solar Systems","Phone:","028 514 1059","tel:0285141059","Email:","office.windstromsa@gmail.com","mailto:office.windstromsa@gmail.com","More
                                        Information","https://www.brabys.com/za/western-cape/swellendam/solar-systems/wind-strom-sa","https://www.brabys.com/za/solar-installers-supplies?page=26#","Update Your Business Info"
"https://www.brabys.com/images/logo-placeholder.webp","WOODSPLANET SOLAR","https://www.brabys.com/za/gauteng/roodepoort/solar-energy/woodsplanet-solar","Roodepoort, Gauteng","Solar Energy","Cell:","083 210 7233","tel:0832107233","Email:","woodsplanet@gmail.com","mailto:woodsplanet@gmail.com","Visit
                                        Website","http://www.woodsplanet.co.za/","https://www.brabys.com/za/solar-installers-supplies?page=26#","Update Your Business Info"
"https://www.brabys.com/images/logo-placeholder.webp","WORLD OF SUN & WIND POWER CAPE TOWN","https://www.brabys.com/za/western-cape/cape-town/maitland/solar-energy/world-of-sun-wind-power-cape-town","Maitland, Cape Town, Western Cape","Solar Energy","Cell:","065 147 6680","tel:0651476680","Email:","sunpowercapetown1@gmail.com","mailto:sunpowercapetown1@gmail.com","More
                                        Information","https://www.brabys.com/za/western-cape/cape-town/maitland/solar-energy/world-of-sun-wind-power-cape-town","https://www.brabys.com/za/solar-installers-supplies?page=26#","Update Your Business Info"
"https://www.brabys.com/images/logo-placeholder.webp","X SOLAR","https://www.brabys.com/za/kwazulu-natal/queensburgh/solar-energy/x-solar","Queensburgh, Kwazulu-Natal","Solar Energy","Phone:","031 463 1560","tel:0314631560","Email:","info@xsolar.co.za","mailto:info@xsolar.co.za","Visit
                                        Website","http://www.xsolar.co.za/","https://www.brabys.com/za/solar-installers-supplies?page=26#","Update Your Business Info"
"https://www.brabys.com/images/logo-placeholder.webp","YAHWEH ENERGY SOLUTIONS","https://www.brabys.com/za/gauteng/fochville/solar-water-heating-solutions-services/yahweh-energy-solutions","Fochville, Gauteng","Solar Water Heating Solutions & Services","Phone:","018 771 2446","tel:0187712446","Cell:","083 292 4299","tel:0832924299","More
                                        Information","https://www.brabys.com/za/gauteng/fochville/solar-water-heating-solutions-services/yahweh-energy-solutions","https://www.brabys.com/za/solar-installers-supplies?page=27#","Update Your Business Info"
"https://www.brabys.com/images/logo-placeholder.webp","YIKONI SOLAR","https://www.brabys.com/za/gauteng/centurion/eldoraigne/solar-water-heating-equipment/yikoni-solar","Eldoraigne, Centurion, Gauteng","Solar Water Heating Equipment","Cell:","072 053 5492","tel:0720535492","Share Call Fax:","086 630 1440","tel:0866301440","More
                                        Information","https://www.brabys.com/za/gauteng/centurion/eldoraigne/solar-water-heating-equipment/yikoni-solar","https://www.brabys.com/za/solar-installers-supplies?page=27#","Update Your Business Info"
"https://www.brabys.com/images/logo-placeholder.webp","YIT GO GREEN","https://www.brabys.com/za/gauteng/sandton/linbro-business-park/solar-energy-equipment/yit-go-green","Linbro Business Park, Sandton, Gauteng","Solar Energy Equipment","Phone:","011 454 8008","tel:0114548008","","","","Visit
                                        Website","http://www.yitgogreen.co.za/","https://www.brabys.com/za/solar-installers-supplies?page=27#","Update Your Business Info"
"https://www.brabys.com/images/logo-placeholder.webp","Z R W MECHANIKA","https://www.brabys.com/za/gauteng/boksburg/witfield/solar-energy-equipment/z-r-w-mechanika","Witfield, Boksburg, Gauteng","Solar Energy Equipment","Phone:","011 823 1853","tel:0118231853","Cell:","082 415 8548","tel:0824158548","Visit
                                        Website","http://www.zrwmechanika.co.za/","https://www.brabys.com/za/solar-installers-supplies?page=27#","Update Your Business Info"
"https://www.brabys.com/images/logo-placeholder.webp","ZETTA JOULE ENERGY STORAGE (PTY) LTD","https://www.brabys.com/za/western-cape/cape-town/muizenberg/solar-energy-equipment/zetta-joule-energy-storage-pty-ltd","Muizenberg, Cape Town, Western Cape","Solar Energy Equipment","Cell:","083 640 1505","tel:0836401505","Email:","info@1zettajoule.com","mailto:info@1zettajoule.com","Visit
                                        Website","http://www.1zettajoule.com/","https://www.brabys.com/za/solar-installers-supplies?page=27#","Update Your Business Info"
"https://www.brabys.com/images/logo-placeholder.webp","ZULTECK WAREHOUSE","https://www.brabys.com/za/gauteng/centurion/renewable-energy/zulteck-warehouse","Centurion, Gauteng","Renewable Energy","Phone:","012 653 8250","tel:0126538250","Email:","sales@zulteck.co.za","mailto:sales@zulteck.co.za","Visit
                                        Website","http://www.zulteck.co.za/","https://www.brabys.com/za/solar-installers-supplies?page=27#","Update Your Business Info"