"w-full src","text-lg","text-lg href","pt-2","text-black","w-full","contactItem","contactItem href","w-full 2","contactItem 2","contactItem href 2","text-white 2","text-white href","hover:bg-gray-400 href","w-full 3","contactItem 3","contactItem href 3","text-base"
"https://www.brabys.com/resize/logos/m/109157/89df5a04c383976e51afb8a82747ae668b86cf95.png","AWNMASTER","https://www.brabys.com/za/kwazulu-natal/pinetown/ashley/carports/awnmaster","Ashley, Pinetown, Kwazulu-Natal","Carports","Phone:","031 701 4003","tel:0317014003","Email:","info@awnmaster.co.za","mailto:info@awnmaster.co.za","Visit
                                        Website","http://www.awnmaster.co.za/","https://www.brabys.com/za/roofing-contractors?page=1#","","","",""
"https://www.brabys.com/resize/logos/m/6194583/45654488955a6bc9967f8efeceb94de1497aebcf.png","DA SILVA & SONS","https://www.brabys.com/za/kwazulu-natal/durban/glen-anil/new-houses/da-silva-sons","Glen Anil, Durban, Kwazulu-Natal","New Houses","Cell:","074 101 2328","tel:0741012328","Email:","carlosslva@telkomsa.net","mailto:carlosslva@telkomsa.net","More
                                        Information","https://www.brabys.com/za/kwazulu-natal/durban/glen-anil/new-houses/da-silva-sons","https://www.brabys.com/za/roofing-contractors?page=1#","","","",""
"https://www.brabys.com/resize/logos/m/5956971/720ded7f-bc9e-4dd6-a206-2b69a9e9255b.jpg","5 STAR ROOFING & WATERPROOFING (PTY) LTD","https://www.brabys.com/za/kwazulu-natal/pinetown/westmead/waterproofing/5-star-roofing-waterproofing-pty-ltd","Westmead, Pinetown, Kwazulu-Natal","Waterproofing","Phone:","031 463 2125","tel:0314632125","Cell:","082 766 3464","tel:0827663464","Visit
                                        Website","http://www.5starroofing.co.za/","https://www.brabys.com/za/roofing-contractors?page=1#","Share Call Fax:","086 273 1625","tel:0862731625",""
"https://www.brabys.com/images/logo-placeholder.webp","AT HOME RENOVATIONS","https://www.brabys.com/za/kwazulu-natal/pietermaritzburg/scottsville/home-renovations/at-home-renovations","Scottsville, Pietermaritzburg, Kwazulu-Natal","Home Renovations","Cell:","083 321 5350","tel:0833215350","Email:","athomerenokzn@gmail.com","mailto:athomerenokzn@gmail.com","More
                                        Information","https://www.brabys.com/za/kwazulu-natal/pietermaritzburg/scottsville/home-renovations/at-home-renovations","https://www.brabys.com/za/roofing-contractors?page=1#","","","",""
"https://www.brabys.com/images/logo-placeholder.webp","SKYLINE ROOFING & WATERPROOFING KZN (PTY) LTD","https://www.brabys.com/za/kwazulu-natal/hillcrest/waterfall/roofing-waterproofing/skyline-roofing-waterproofing-kzn-pty-ltd","Waterfall, Hillcrest, Kwazulu-Natal","& Waterproofing","Cell:","062 158 8716","tel:0621588716","Email:","064 652 5169","tel:0646525169","Visit
                                        Website","http://www.skylineroofing.co.za/","https://www.brabys.com/za/roofing-contractors?page=1#","","kendra@skylineroofing.co.za","mailto:kendra@skylineroofing.co.za",""
"https://www.brabys.com/images/logo-placeholder.webp","TRUSS CITY","https://www.brabys.com/za/kwazulu-natal/pietermaritzburg/allandale/trusses-manufacturers/truss-city","Allandale, Pietermaritzburg, Kwazulu-Natal","Trusses Manufacturers","Phone:","033 387 5438","tel:0333875438","Cell:","033 397 9277","tel:0333979277","Visit
                                        Website","http://www.trusscity.co.za/","https://www.brabys.com/za/roofing-contractors?page=1#","Share Call Fax:","083 639 3191","tel:0836393191",""
"https://www.brabys.com/images/logo-placeholder.webp","A & D ROOFERS & HOME IMPROVERS","https://www.brabys.com/za/gauteng/roodepoort/whiteridge/building-contractors/a-d-roofers-home-improvers","Whiteridge, Roodepoort, Gauteng","Building Contractors","Phone:","011 477 9467","tel:0114779467","Cell:","082 562 7256","tel:0825627256","More
                                        Information","https://www.brabys.com/za/gauteng/roodepoort/whiteridge/building-contractors/a-d-roofers-home-improvers","https://www.brabys.com/za/roofing-contractors?page=1#","Email:","adroofers@telkomsa.net","mailto:adroofers@telkomsa.net","Update Your Business Info"
"https://www.brabys.com/resize/logos/m/5858942/aaa.gif","A A A WATERPROOFING","https://www.brabys.com/za/kwazulu-natal/queensburgh/malvern/waterproofing-contractors/a-a-a-waterproofing","Malvern, Queensburgh, Kwazulu-Natal","Waterproofing Contractors","Phone:","031 464 9759","tel:0314649759","Cell:","083 799 1222","tel:0837991222","More
                                        Information","https://www.brabys.com/za/kwazulu-natal/queensburgh/malvern/waterproofing-contractors/a-a-a-waterproofing","https://www.brabys.com/za/roofing-contractors?page=1#","Email:","gregsamuel@telkomsa.net","mailto:gregsamuel@telkomsa.net","Update Your Business Info"
"https://www.brabys.com/images/logo-placeholder.webp","A AND I SHEETING ERECTORS (PTY) LTD","https://www.brabys.com/za/gauteng/sandton/sydenham/roofing-contractors/a-and-i-sheeting-erectors-pty-ltd","Sydenham, Sandton, Gauteng","Roofing Contractors","Phone:","011 485 1782","tel:0114851782","Email:","info@roofrefurb.co.za","mailto:info@roofrefurb.co.za","Visit
                                        Website","http://www.roofrefurb.co.za/","https://www.brabys.com/za/roofing-contractors?page=1#","","","","Update Your Business Info"
"https://www.brabys.com/images/logo-placeholder.webp","A D F ROOFING","https://www.brabys.com/za/kwazulu-natal/pinetown/north-industria/roofing-contractors/a-d-f-roofing","North Industria, Pinetown, Kwazulu-Natal","Roofing Contractors","Phone:","031 492 3971","tel:0314923971","Share Call Fax:","086 621 4504","tel:0866214504","More
                                        Information","https://www.brabys.com/za/kwazulu-natal/pinetown/north-industria/roofing-contractors/a-d-f-roofing","https://www.brabys.com/za/roofing-contractors?page=1#","Email:","info@adfroofing.co.za","mailto:info@adfroofing.co.za","Update Your Business Info"
"https://www.brabys.com/resize/logos/m/109157/89df5a04c383976e51afb8a82747ae668b86cf95.png","AWNMASTER","https://www.brabys.com/za/kwazulu-natal/pinetown/ashley/carports/awnmaster","Ashley, Pinetown, Kwazulu-Natal","Carports","Phone:","031 701 4003","tel:0317014003","Email:","info@awnmaster.co.za","mailto:info@awnmaster.co.za","Visit
                                        Website","http://www.awnmaster.co.za/","https://www.brabys.com/za/roofing-contractors?page=2#","","","",""
"https://www.brabys.com/resize/logos/m/6194583/45654488955a6bc9967f8efeceb94de1497aebcf.png","DA SILVA & SONS","https://www.brabys.com/za/kwazulu-natal/durban/glen-anil/new-houses/da-silva-sons","Glen Anil, Durban, Kwazulu-Natal","New Houses","Cell:","074 101 2328","tel:0741012328","Email:","carlosslva@telkomsa.net","mailto:carlosslva@telkomsa.net","More
                                        Information","https://www.brabys.com/za/kwazulu-natal/durban/glen-anil/new-houses/da-silva-sons","https://www.brabys.com/za/roofing-contractors?page=2#","","","",""
"https://www.brabys.com/images/logo-placeholder.webp","A-TECH ROOFING AND WATERPROOFING","https://www.brabys.com/za/western-cape/milnerton/table-view/waterproofing-contractors/a-tech-roofing-and-waterproofing","Table View, Milnerton, Western Cape","Waterproofing Contractors","Phone:","021 554 4412","tel:0215544412","Share Call Fax:","086 505 3768","tel:0865053768","Visit
                                        Website","http://www.atechroofing.co.za/","https://www.brabys.com/za/roofing-contractors?page=2#","Email:","info@atechroofing.co.za","mailto:info@atechroofing.co.za","Update Your Business Info"
"https://www.brabys.com/images/logo-placeholder.webp","ABLE ROOFERS & BUILDERS","https://www.brabys.com/za/kwazulu-natal/durban/bluff/roofing-contractors/able-roofers-builders","Bluff, Durban, Kwazulu-Natal","Roofing Contractors","Phone:","031 466 5830","tel:0314665830","Cell:","071 630 3339","tel:0716303339","More
                                        Information","https://www.brabys.com/za/kwazulu-natal/durban/bluff/roofing-contractors/able-roofers-builders","https://www.brabys.com/za/roofing-contractors?page=2#","","083 218 5811","tel:0832185811","Update Your Business Info"
"https://www.brabys.com/images/logo-placeholder.webp","ADVANCED ROOFING SOLUTIONS","https://www.brabys.com/za/western-cape/milnerton/flamingo-vlei/roofing/advanced-roofing-solutions","Flamingo Vlei, Milnerton, Western Cape","","Phone:","021 557 8222","tel:0215578222","Share Call Fax:","086 622 7007","tel:0866227007","More
                                        Information","https://www.brabys.com/za/western-cape/milnerton/flamingo-vlei/roofing/advanced-roofing-solutions","https://www.brabys.com/za/roofing-contractors?page=2#","Email:","quotes@advancedroofing.co.za","mailto:quotes@advancedroofing.co.za","Update Your Business Info"
"https://www.brabys.com/images/logo-placeholder.webp","AFRI PROJECTS KZN","https://www.brabys.com/za/kwazulu-natal/hillcrest/waterfall/roofing/afri-projects-kzn","Waterfall, Hillcrest, Kwazulu-Natal","Roofing","Cell:","066 202 4943","tel:0662024943","Email:","afriprojectskzn@gmail.com","mailto:afriprojectskzn@gmail.com","Visit
                                        Website","http://www.afrigroupkzn.co.za/","https://www.brabys.com/za/roofing-contractors?page=2#","","","","Update Your Business Info"
"https://www.brabys.com/images/logo-placeholder.webp","AFRICA STEEL AND ROOFING","https://www.brabys.com/za/kwazulu-natal/phoenix/phoenix-ind-park/roofing-contractors/africa-steel-and-roofing","Phoenix Ind Park, Phoenix, Kwazulu-Natal","Roofing Contractors","Phone:","031 507 2809","tel:0315072809","Cell:","082 786 1453","tel:0827861453","More
                                        Information","https://www.brabys.com/za/kwazulu-natal/phoenix/phoenix-ind-park/roofing-contractors/africa-steel-and-roofing","https://www.brabys.com/za/roofing-contractors?page=2#","Email:","africasteel@global.co.za","mailto:africasteel@global.co.za","Update Your Business Info"
"https://www.brabys.com/images/logo-placeholder.webp","AFRICAN SKY ROOFING & WATERPROOFING CC","https://www.brabys.com/za/kwazulu-natal/queensburgh/northdene/roofing-contractors/african-sky-roofing-waterproofing-cc","Northdene, Queensburgh, Kwazulu-Natal","Roofing Contractors","Phone:","031 708 1257","tel:0317081257","Cell:","083 787 7833","tel:0837877833","More
                                        Information","https://www.brabys.com/za/kwazulu-natal/queensburgh/northdene/roofing-contractors/african-sky-roofing-waterproofing-cc","https://www.brabys.com/za/roofing-contractors?page=2#","Email:","fanieasrb@gmail.com","mailto:fanieasrb@gmail.com","Update Your Business Info"
"https://www.brabys.com/images/logo-placeholder.webp","AKHANATHI WATERPROOFING & ROOFING SPECIALISTS","https://www.brabys.com/za/kwazulu-natal/pietermaritzburg/rosedale/roofing-contractors/akhanathi-waterproofing-roofing-specialists","Rosedale, Pietermaritzburg, Kwazulu-Natal","Roofing Contractors","Cell:","078 822 4541","tel:0788224541","Email:","akhanathi1@gmail.com","mailto:akhanathi1@gmail.com","More
                                        Information","https://www.brabys.com/za/kwazulu-natal/pietermaritzburg/rosedale/roofing-contractors/akhanathi-waterproofing-roofing-specialists","https://www.brabys.com/za/roofing-contractors?page=2#","","","","Update Your Business Info"
"https://www.brabys.com/images/logo-placeholder.webp","ALBERTS PROJECT MANAGEMENT","https://www.brabys.com/za/kwazulu-natal/durban/jacobs/roofing-contractors/alberts-project-management","Jacobs, Durban, Kwazulu-Natal","Roofing Contractors","Cell:","072 463 1343","tel:0724631343","","","","More
                                        Information","https://www.brabys.com/za/kwazulu-natal/durban/jacobs/roofing-contractors/alberts-project-management","https://www.brabys.com/za/roofing-contractors?page=2#","","","","Update Your Business Info"
"https://www.brabys.com/images/logo-placeholder.webp","ALGOA PAINTING & ROOFING","https://www.brabys.com/za/eastern-cape/port-elizabeth/framesby/roofing-contractors/algoa-painting-roofing","Framesby, Port Elizabeth, Eastern Cape","Roofing Contractors","Phone:","041 360 8770","tel:0413608770","Cell:","083 434 6332","tel:0834346332","More
                                        Information","https://www.brabys.com/za/eastern-cape/port-elizabeth/framesby/roofing-contractors/algoa-painting-roofing","https://www.brabys.com/za/roofing-contractors?page=2#","","","","Update Your Business Info"
"https://www.brabys.com/images/logo-placeholder.webp","ALGOA STEEL","https://www.brabys.com/za/eastern-cape/port-elizabeth/ericadene/roofing-steel-merchants/algoa-steel","Ericadene, Port Elizabeth, Eastern Cape","Roofing & Steel Merchants","Phone:","041 372 1098","tel:0413721098","Cell:","083 680 2470","tel:0836802470","Visit
                                        Website","http://www.steelandroofing.co.za/","https://www.brabys.com/za/roofing-contractors?page=2#","Email:","info@algoasteel.co.za","mailto:info@algoasteel.co.za","Update Your Business Info"
"https://www.brabys.com/resize/logos/m/109157/89df5a04c383976e51afb8a82747ae668b86cf95.png","AWNMASTER","https://www.brabys.com/za/kwazulu-natal/pinetown/ashley/carports/awnmaster","Ashley, Pinetown, Kwazulu-Natal","Carports","Phone:","031 701 4003","tel:0317014003","Email:","info@awnmaster.co.za","mailto:info@awnmaster.co.za","Visit
                                        Website","http://www.awnmaster.co.za/","https://www.brabys.com/za/roofing-contractors?page=3#","","","",""
"https://www.brabys.com/resize/logos/m/6194583/45654488955a6bc9967f8efeceb94de1497aebcf.png","DA SILVA & SONS","https://www.brabys.com/za/kwazulu-natal/durban/glen-anil/new-houses/da-silva-sons","Glen Anil, Durban, Kwazulu-Natal","New Houses","Cell:","074 101 2328","tel:0741012328","Email:","carlosslva@telkomsa.net","mailto:carlosslva@telkomsa.net","More
                                        Information","https://www.brabys.com/za/kwazulu-natal/durban/glen-anil/new-houses/da-silva-sons","https://www.brabys.com/za/roofing-contractors?page=3#","","","",""
"https://www.brabys.com/images/logo-placeholder.webp","ALGOA STEEL VAAL","https://www.brabys.com/za/gauteng/vereeniging/powerville/roofing-steel-merchants/algoa-steel-vaal","Powerville, Vereeniging, Gauteng","& Steel Merchants","Cell:","079 103 1311","tel:0791031311","VOIP:","087 133 0722","tel:0871330722","Visit
                                        Website","http://www.algoasteel-vaal.com/","https://www.brabys.com/za/roofing-contractors?page=3#","Email:","lana@algoasteel-vaal.com","mailto:lana@algoasteel-vaal.com","Update Your Business Info"
"https://www.brabys.com/images/logo-placeholder.webp","ALL ROOFING","https://www.brabys.com/za/gauteng/sandton/kew/roofing-contractors/all-roofing","Kew, Sandton, Gauteng","Roofing Contractors","Phone:","011 887 8555","tel:0118878555","Email:","frank@visroof.co.za","mailto:frank@visroof.co.za","Visit
                                        Website","http://www.visroof.co.za/","https://www.brabys.com/za/roofing-contractors?page=3#","","","","Update Your Business Info"
"https://www.brabys.com/images/logo-placeholder.webp","ALL SHAPE ROOFING","https://www.brabys.com/za/kwazulu-natal/queensburgh/queensmead-ind/roofing-contractors/all-shape-roofing","Queensmead Ind, Queensburgh, Kwazulu-Natal","Roofing Contractors","Phone:","031 463 3356","tel:0314633356","Cell:","031 464 6411","tel:0314646411","More
                                        Information","https://www.brabys.com/za/kwazulu-natal/queensburgh/queensmead-ind/roofing-contractors/all-shape-roofing","https://www.brabys.com/za/roofing-contractors?page=3#","Share Call Fax:","083 783 3351","tel:0837833351","Update Your Business Info"
"https://www.brabys.com/images/logo-placeholder.webp","ALUSHADE","https://www.brabys.com/za/kwazulu-natal/pietermaritzburg/mkondeni/cladding/alushade","M'Kondeni, Pietermaritzburg, Kwazulu-Natal","Cladding","Phone:","033 346 0460","tel:0333460460","Email:","production@alushade.co.za","mailto:production@alushade.co.za","More
                                        Information","https://www.brabys.com/za/kwazulu-natal/pietermaritzburg/mkondeni/cladding/alushade","https://www.brabys.com/za/roofing-contractors?page=3#","","","","Update Your Business Info"
"https://www.brabys.com/images/logo-placeholder.webp","AMATOLA THATCHERS","https://www.brabys.com/za/eastern-cape/east-london/roofing-contractors/amatola-thatchers","East London, Eastern Cape","Roofing Contractors","Cell:","073 209 7996","tel:0732097996","","","","More
                                        Information","https://www.brabys.com/za/eastern-cape/east-london/roofing-contractors/amatola-thatchers","https://www.brabys.com/za/roofing-contractors?page=3#","","","","Update Your Business Info"
"https://www.brabys.com/images/logo-placeholder.webp","APEX ROOFING SOLUTIONS","https://www.brabys.com/za/western-cape/milnerton/table-view/roofing-contractors/apex-roofing-solutions","Table View, Milnerton, Western Cape","Roofing Contractors","Phone:","021 556 7270","tel:0215567270","Email:","apexroofing@apexroofingsolutions.co.za","mailto:apexroofing@apexroofingsolutions.co.za","Visit
                                        Website","http://www.apexroofingsolutions.co.za/","https://www.brabys.com/za/roofing-contractors?page=3#","","","","Update Your Business Info"
"https://www.brabys.com/images/logo-placeholder.webp","AQUA WATERPROOFING","https://www.brabys.com/za/eastern-cape/port-elizabeth/newton-park/roofing-contractors/aqua-waterproofing","Newton Park, Port Elizabeth, Eastern Cape","Roofing Contractors","Phone:","041 365 3366","tel:0413653366","Cell:","083 281 8024","tel:0832818024","More
                                        Information","https://www.brabys.com/za/eastern-cape/port-elizabeth/newton-park/roofing-contractors/aqua-waterproofing","https://www.brabys.com/za/roofing-contractors?page=3#","Share Call Fax:","086 726 8734","tel:0867268734","Update Your Business Info"
"https://www.brabys.com/images/logo-placeholder.webp","ARK TRUSSES","https://www.brabys.com/za/kwazulu-natal/margate/roofing/ark-trusses","Margate, Kwazulu-Natal","Roofing","Phone:","039 312 2338","tel:0393122338","Cell:","071 724 4312","tel:0717244312","More
                                        Information","https://www.brabys.com/za/kwazulu-natal/margate/roofing/ark-trusses","https://www.brabys.com/za/roofing-contractors?page=3#","Share Call Fax:","086 660 5583","tel:0866605583","Update Your Business Info"
"https://www.brabys.com/images/logo-placeholder.webp","ASBESTOS REMOVAL & RE-ROOF COMPANY KZN","https://www.brabys.com/za/kwazulu-natal/hillcrest/shongweni/asbestos-removal/asbestos-removal-re-roof-company-kzn","Shongweni, Hillcrest, Kwazulu-Natal","Asbestos Removal","Phone:","086 111 3939","tel:0861113939","Share Call Fax:","086 603 5638","tel:0866035638","More
                                        Information","https://www.brabys.com/za/kwazulu-natal/hillcrest/shongweni/asbestos-removal/asbestos-removal-re-roof-company-kzn","https://www.brabys.com/za/roofing-contractors?page=3#","Email:","asbestos@kznstructures.co.za","mailto:asbestos@kznstructures.co.za","Update Your Business Info"
"https://www.brabys.com/images/logo-placeholder.webp","ATLANTIC ROOFING & CONSTRUCTION","https://www.brabys.com/za/western-cape/retreat/steenberg/roofing-contractors/atlantic-roofing-construction","Steenberg, Retreat, Western Cape","Roofing Contractors","Phone:","021 701 7679","tel:0217017679","Email:","office@atlanticroofing.co.za","mailto:office@atlanticroofing.co.za","Visit
                                        Website","http://www.atlanticroofing.co.za/","https://www.brabys.com/za/roofing-contractors?page=3#","","","","Update Your Business Info"
"https://www.brabys.com/resize/logos/m/109157/89df5a04c383976e51afb8a82747ae668b86cf95.png","AWNMASTER","https://www.brabys.com/za/kwazulu-natal/pinetown/ashley/carports/awnmaster","Ashley, Pinetown, Kwazulu-Natal","Carports","Phone:","031 701 4003","tel:0317014003","Email:","info@awnmaster.co.za","mailto:info@awnmaster.co.za","Visit
                                        Website","http://www.awnmaster.co.za/","https://www.brabys.com/za/roofing-contractors?page=4#","","","",""
"https://www.brabys.com/resize/logos/m/6194583/45654488955a6bc9967f8efeceb94de1497aebcf.png","DA SILVA & SONS","https://www.brabys.com/za/kwazulu-natal/durban/glen-anil/new-houses/da-silva-sons","Glen Anil, Durban, Kwazulu-Natal","New Houses","Cell:","074 101 2328","tel:0741012328","Email:","carlosslva@telkomsa.net","mailto:carlosslva@telkomsa.net","More
                                        Information","https://www.brabys.com/za/kwazulu-natal/durban/glen-anil/new-houses/da-silva-sons","https://www.brabys.com/za/roofing-contractors?page=4#","","","",""
"https://www.brabys.com/images/logo-placeholder.webp","AVANTI COASTAL PROJECTS","https://www.brabys.com/za/kwazulu-natal/port-edward/banners-rest/roofing/avanti-coastal-projects","Banners Rest, Port Edward, Kwazulu-Natal","","Cell:","071 226 5960","tel:0712265960","Email:","antondk1985@gmail.com","mailto:antondk1985@gmail.com","More
                                        Information","https://www.brabys.com/za/kwazulu-natal/port-edward/banners-rest/roofing/avanti-coastal-projects","https://www.brabys.com/za/roofing-contractors?page=4#","","","","Update Your Business Info"
"https://www.brabys.com/resize/logos/m/6003493/bsi.jpg.jpg","B S I STEEL BULK TRADING","https://www.brabys.com/za/north-west/brits/steel/b-s-i-steel-bulk-trading","Brits, North West","Steel","Phone:","012 252 0256","tel:0122520256","Cell:","072 637 0304","tel:0726370304","Visit
                                        Website","http://www.bsisteel.com/","https://www.brabys.com/za/roofing-contractors?page=4#","Email:","rikus.coetzee@bsisteel.com","mailto:rikus.coetzee@bsisteel.com","Update Your Business Info"
"https://www.brabys.com/images/logo-placeholder.webp","BARBERTON THATCHERS","https://www.brabys.com/za/mpumalanga/barberton/roofing-contractors/barberton-thatchers","Barberton, Mpumalanga","Roofing Contractors","Phone:","013 712 4002","tel:0137124002","Cell:","082 451 2760","tel:0824512760","More
                                        Information","https://www.brabys.com/za/mpumalanga/barberton/roofing-contractors/barberton-thatchers","https://www.brabys.com/za/roofing-contractors?page=4#","","083 376 1199","tel:0833761199","Update Your Business Info"
"https://www.brabys.com/images/logo-placeholder.webp","BEACONPLATE (EDMS) BPK","https://www.brabys.com/za/northern-cape/kimberley/beaconsfield/roofing-contractors/beaconplate-edms-bpk","Beaconsfield, Kimberley, Northern Cape","Roofing Contractors","Phone:","053 842 0357","tel:0538420357","","","","More
                                        Information","https://www.brabys.com/za/northern-cape/kimberley/beaconsfield/roofing-contractors/beaconplate-edms-bpk","https://www.brabys.com/za/roofing-contractors?page=4#","","","","Update Your Business Info"
"https://www.brabys.com/images/logo-placeholder.webp","BESTER TRUSS (PTY) LTD","https://www.brabys.com/za/gauteng/pretoria/les-marais/roofing-contractors/bester-truss-pty-ltd","Les Marais, Pretoria, Gauteng","Roofing Contractors","Phone:","012 335 9795","tel:0123359795","Email:","ctb001@telkomsa.net","mailto:ctb001@telkomsa.net","Visit
                                        Website","http://www.ctbsupplies.co.za/","https://www.brabys.com/za/roofing-contractors?page=4#","","","","Update Your Business Info"
"https://www.brabys.com/images/logo-placeholder.webp","BETELE ROOFING CONTRACTORS","https://www.brabys.com/za/gauteng/randburg/farmall-ah/roofing-contractors/betele-roofing-contractors","Farmall AH, Randburg, Gauteng","Roofing Contractors","Cell:","061 474 0474","tel:0614740474","Email:","beteleroofing2010@gmail.co.za","mailto:beteleroofing2010@gmail.co.za","More
                                        Information","https://www.brabys.com/za/gauteng/randburg/farmall-ah/roofing-contractors/betele-roofing-contractors","https://www.brabys.com/za/roofing-contractors?page=4#","","","","Update Your Business Info"
"https://www.brabys.com/images/logo-placeholder.webp","BOLAND ROOFING","https://www.brabys.com/za/western-cape/worcester/industria/roofing-contractors/boland-roofing","Industria, Worcester, Western Cape","Roofing Contractors","Phone:","023 347 8942","tel:0233478942","Email:","info@bolandroofing.co.za","mailto:info@bolandroofing.co.za","More
                                        Information","https://www.brabys.com/za/western-cape/worcester/industria/roofing-contractors/boland-roofing","https://www.brabys.com/za/roofing-contractors?page=4#","","","","Update Your Business Info"
"https://www.brabys.com/images/logo-placeholder.webp","BOSCH PJ PLUMBING","https://www.brabys.com/za/eastern-cape/graaff-reinet/plumbers-sanitary-engineers/bosch-pj-plumbing","Graaff-Reinet, Eastern Cape","Plumbers & Sanitary Engineers","Phone:","049 891 0896","tel:0498910896","Cell:","072 036 2532","tel:0720362532","More
                                        Information","https://www.brabys.com/za/eastern-cape/graaff-reinet/plumbers-sanitary-engineers/bosch-pj-plumbing","https://www.brabys.com/za/roofing-contractors?page=4#","","","","Update Your Business Info"
"https://www.brabys.com/images/logo-placeholder.webp","BRIGHT ROOF","https://www.brabys.com/za/western-cape/cape-town/rugby/roofing/bright-roof","Rugby, Cape Town, Western Cape","Roofing","Cell:","069 143 6751","tel:0691436751","Email:","brightdotroof@yahoo.com","mailto:brightdotroof@yahoo.com","More
                                        Information","https://www.brabys.com/za/western-cape/cape-town/rugby/roofing/bright-roof","https://www.brabys.com/za/roofing-contractors?page=4#","","","","Update Your Business Info"
"https://www.brabys.com/images/logo-placeholder.webp","BRIVERLY ROOFING","https://www.brabys.com/za/gauteng/johannesburg/cosmo-city-ext-6/roofing-contractors/briverly-roofing","Cosmo City Ext 6, Johannesburg, Gauteng","Roofing Contractors","Cell:","067 876 3540","tel:0678763540","Email:","briverlyroofing12@gmail.com","mailto:briverlyroofing12@gmail.com","More
                                        Information","https://www.brabys.com/za/gauteng/johannesburg/cosmo-city-ext-6/roofing-contractors/briverly-roofing","https://www.brabys.com/za/roofing-contractors?page=4#","","","","Update Your Business Info"
"https://www.brabys.com/resize/logos/m/109157/89df5a04c383976e51afb8a82747ae668b86cf95.png","AWNMASTER","https://www.brabys.com/za/kwazulu-natal/pinetown/ashley/carports/awnmaster","Ashley, Pinetown, Kwazulu-Natal","Carports","Phone:","031 701 4003","tel:0317014003","Email:","info@awnmaster.co.za","mailto:info@awnmaster.co.za","Visit
                                        Website","http://www.awnmaster.co.za/","https://www.brabys.com/za/roofing-contractors?page=5#","","","",""
"https://www.brabys.com/resize/logos/m/6194583/45654488955a6bc9967f8efeceb94de1497aebcf.png","DA SILVA & SONS","https://www.brabys.com/za/kwazulu-natal/durban/glen-anil/new-houses/da-silva-sons","Glen Anil, Durban, Kwazulu-Natal","New Houses","Cell:","074 101 2328","tel:0741012328","Email:","carlosslva@telkomsa.net","mailto:carlosslva@telkomsa.net","More
                                        Information","https://www.brabys.com/za/kwazulu-natal/durban/glen-anil/new-houses/da-silva-sons","https://www.brabys.com/za/roofing-contractors?page=5#","","","",""
"https://www.brabys.com/images/logo-placeholder.webp","BROWNDECK ROOFING CC","https://www.brabys.com/za/kwazulu-natal/pinetown/roofing-contractors/browndeck-roofing-cc","Pinetown, Kwazulu-Natal","Roofing Contractors","Phone:","031 701 7071","tel:0317017071","Cell:","083 661 2020","tel:0836612020","More
                                        Information","https://www.brabys.com/za/kwazulu-natal/pinetown/roofing-contractors/browndeck-roofing-cc","https://www.brabys.com/za/roofing-contractors?page=5#","Email:","browndeck@netactive.co.za","mailto:browndeck@netactive.co.za","Update Your Business Info"
"https://www.brabys.com/images/logo-placeholder.webp","C & M HYDRAULIC SERVICES","https://www.brabys.com/za/eastern-cape/uitenhage/cape-rd-industrial/roofing/c-m-hydraulic-services","Cape Rd Industrial, Uitenhage, Eastern Cape","","Phone:","041 991 0380","tel:0419910380","Cell:","041 991 0385","tel:0419910385","More
                                        Information","https://www.brabys.com/za/eastern-cape/uitenhage/cape-rd-industrial/roofing/c-m-hydraulic-services","https://www.brabys.com/za/roofing-contractors?page=5#","Email:","083 473 1645","tel:0834731645","Update Your Business Info"
"https://www.brabys.com/images/logo-placeholder.webp","C C ROOFING & WATERPROOFERS (PTY) LTD","https://www.brabys.com/za/western-cape/mitchells-plain/woodlands/roofing-contractors/c-c-roofing-waterproofers-pty-ltd","Woodlands, Mitchell's Plain, Western Cape","Roofing Contractors","Cell:","073 724 3287","tel:0737243287","","","","More
                                        Information","https://www.brabys.com/za/western-cape/mitchells-plain/woodlands/roofing-contractors/c-c-roofing-waterproofers-pty-ltd","https://www.brabys.com/za/roofing-contractors?page=5#","","","","Update Your Business Info"
"https://www.brabys.com/images/logo-placeholder.webp","C I P ROOFING AND WATERPROOFING","https://www.brabys.com/za/gauteng/sandton/waterproofing-contractors/c-i-p-roofing-and-waterproofing","Sandton, Gauteng","Waterproofing Contractors","Phone:","011 467 4868","tel:0114674868","Email:","cip@netactive.co.za","mailto:cip@netactive.co.za","Visit
                                        Website","http://www.ciproofing.co.za/","https://www.brabys.com/za/roofing-contractors?page=5#","","","","Update Your Business Info"
"https://www.brabys.com/images/logo-placeholder.webp","C J H DIETRICHSEN ROOFERS CC","https://www.brabys.com/za/gauteng/roodepoort/ontdekkers-park/roofing-contractors/c-j-h-dietrichsen-roofers-cc","Ontdekkers Park, Roodepoort, Gauteng","Roofing Contractors","Phone:","011 760 1823","tel:0117601823","Cell:","082 939 3935","tel:0829393935","More
                                        Information","https://www.brabys.com/za/gauteng/roodepoort/ontdekkers-park/roofing-contractors/c-j-h-dietrichsen-roofers-cc","https://www.brabys.com/za/roofing-contractors?page=5#","Email:","cjhdietrichsenroofers@gmail.com","mailto:cjhdietrichsenroofers@gmail.com","Update Your Business Info"
"https://www.brabys.com/images/logo-placeholder.webp","C J ROOFING AND BUILD","https://www.brabys.com/za/kwazulu-natal/durban/wentworth/roofing-contractors/c-j-roofing-and-build","Wentworth, Durban, Kwazulu-Natal","Roofing Contractors","Cell:","072 056 0571","tel:0720560571","Email:","cjroofingandbuild@gmail.com","mailto:cjroofingandbuild@gmail.com","More
                                        Information","https://www.brabys.com/za/kwazulu-natal/durban/wentworth/roofing-contractors/c-j-roofing-and-build","https://www.brabys.com/za/roofing-contractors?page=5#","","","","Update Your Business Info"
"https://www.brabys.com/images/logo-placeholder.webp","CALLANDA ROOFING","https://www.brabys.com/za/gauteng/sandton/observatory/roofing-contractors/callanda-roofing","Observatory, Sandton, Gauteng","Roofing Contractors","Phone:","011 648 3545","tel:0116483545","Email:","mccanns@telkomsa.net","mailto:mccanns@telkomsa.net","More
                                        Information","https://www.brabys.com/za/gauteng/sandton/observatory/roofing-contractors/callanda-roofing","https://www.brabys.com/za/roofing-contractors?page=5#","","","","Update Your Business Info"
"https://www.brabys.com/images/logo-placeholder.webp","CAPE CLADDING CONTRACTORS","https://www.brabys.com/za/eastern-cape/east-london/woodbrook/roofing-contractors/cape-cladding-contractors","Woodbrook, East London, Eastern Cape","Roofing Contractors","Phone:","043 731 2441","tel:0437312441","Email:","info@capecladding.com","mailto:info@capecladding.com","More
                                        Information","https://www.brabys.com/za/eastern-cape/east-london/woodbrook/roofing-contractors/cape-cladding-contractors","https://www.brabys.com/za/roofing-contractors?page=5#","","","","Update Your Business Info"
"https://www.brabys.com/images/logo-placeholder.webp","CAPE CLADDING PROCUREMENTS","https://www.brabys.com/za/western-cape/george/george-industria/roofing-contractors/cape-cladding-procurements","George Industria, George, Western Cape","Roofing Contractors","Phone:","044 873 3642","tel:0448733642","Email:","linda@capecladding.co.za","mailto:linda@capecladding.co.za","More
                                        Information","https://www.brabys.com/za/western-cape/george/george-industria/roofing-contractors/cape-cladding-procurements","https://www.brabys.com/za/roofing-contractors?page=5#","","","","Update Your Business Info"
"https://www.brabys.com/images/logo-placeholder.webp","CARLSON STEEL","https://www.brabys.com/za/mpumalanga/mbombela/paving-contractors/carlson-steel","Mbombela, Mpumalanga","Paving Contractors","Cell:","082 772 2880","tel:0827722880","Email:","carlsonsteel2@gmail.com","mailto:carlsonsteel2@gmail.com","More
                                        Information","https://www.brabys.com/za/mpumalanga/mbombela/paving-contractors/carlson-steel","https://www.brabys.com/za/roofing-contractors?page=5#","","","","Update Your Business Info"
"https://www.brabys.com/resize/logos/m/109157/89df5a04c383976e51afb8a82747ae668b86cf95.png","AWNMASTER","https://www.brabys.com/za/kwazulu-natal/pinetown/ashley/carports/awnmaster","Ashley, Pinetown, Kwazulu-Natal","Carports","Phone:","031 701 4003","tel:0317014003","Email:","info@awnmaster.co.za","mailto:info@awnmaster.co.za","Visit
                                        Website","http://www.awnmaster.co.za/","https://www.brabys.com/za/roofing-contractors?page=6#","","","",""
"https://www.brabys.com/resize/logos/m/6194583/45654488955a6bc9967f8efeceb94de1497aebcf.png","DA SILVA & SONS","https://www.brabys.com/za/kwazulu-natal/durban/glen-anil/new-houses/da-silva-sons","Glen Anil, Durban, Kwazulu-Natal","New Houses","Cell:","074 101 2328","tel:0741012328","Email:","carlosslva@telkomsa.net","mailto:carlosslva@telkomsa.net","More
                                        Information","https://www.brabys.com/za/kwazulu-natal/durban/glen-anil/new-houses/da-silva-sons","https://www.brabys.com/za/roofing-contractors?page=6#","","","",""
"https://www.brabys.com/images/logo-placeholder.webp","CARTER'S ROOFING SERVICES","https://www.brabys.com/za/eastern-cape/east-london/quigney/roofing-contractors/carters-roofing-services","Quigney, East London, Eastern Cape","Roofing Contractors","Phone:","043 743 7934","tel:0437437934","Share Call Fax:","086 557 6179","tel:0865576179","More
                                        Information","https://www.brabys.com/za/eastern-cape/east-london/quigney/roofing-contractors/carters-roofing-services","https://www.brabys.com/za/roofing-contractors?page=6#","Email:","roofing.property@yahoo.com","mailto:roofing.property@yahoo.com","Update Your Business Info"
"https://www.brabys.com/images/logo-placeholder.webp","CEILING MASTER (EASTERN CAPE) (PTY) LTD","https://www.brabys.com/za/eastern-cape/port-elizabeth/north-end/ceilings-partitions/ceiling-master-eastern-cape-pty-ltd","North End, Port Elizabeth, Eastern Cape","Ceilings & Partitions","Phone:","041 373 7855","tel:0413737855","Email:","info@ceilingmaster.co.za","mailto:info@ceilingmaster.co.za","More
                                        Information","https://www.brabys.com/za/eastern-cape/port-elizabeth/north-end/ceilings-partitions/ceiling-master-eastern-cape-pty-ltd","https://www.brabys.com/za/roofing-contractors?page=6#","","","","Update Your Business Info"
"https://www.brabys.com/images/logo-placeholder.webp","CERATECH COATINGS KZN (PTY) LTD","https://www.brabys.com/za/kwazulu-natal/amanzimtoti/umbogintwini/roofing-contractors/ceratech-coatings-kzn-pty-ltd","Umbogintwini, Amanzimtoti, Kwazulu-Natal","Roofing Contractors","Cell:","063 037 7027","tel:0630377027","Email:","tom@ceratechkzn.co.za","mailto:tom@ceratechkzn.co.za","Visit
                                        Website","http://www.ceratechkzn.co.za/","https://www.brabys.com/za/roofing-contractors?page=6#","","","","Update Your Business Info"
"https://www.brabys.com/images/logo-placeholder.webp","CHAD'S ROOFING","https://www.brabys.com/za/kwazulu-natal/amanzimtoti/st-winifreds/roofing-contractors/chads-roofing","St Winifreds, Amanzimtoti, Kwazulu-Natal","Roofing Contractors","Cell:","083 225 9201","tel:0832259201","Email:","chadsroofings@yahoo.com","mailto:chadsroofings@yahoo.com","More
                                        Information","https://www.brabys.com/za/kwazulu-natal/amanzimtoti/st-winifreds/roofing-contractors/chads-roofing","https://www.brabys.com/za/roofing-contractors?page=6#","","","","Update Your Business Info"
"https://www.brabys.com/images/logo-placeholder.webp","CHOICE ROOFING & HANDY MAN","https://www.brabys.com/za/western-cape/cape-town/claremont/painting-contractors/choice-roofing-handy-man","Claremont, Cape Town, Western Cape","Painting Contractors","Phone:","021 674 6363","tel:0216746363","","","","More
                                        Information","https://www.brabys.com/za/western-cape/cape-town/claremont/painting-contractors/choice-roofing-handy-man","https://www.brabys.com/za/roofing-contractors?page=6#","","","","Update Your Business Info"
"https://www.brabys.com/images/logo-placeholder.webp","CINTSA THATCHING & ROOFING","https://www.brabys.com/za/eastern-cape/gonubie/cintsa-east/thatching-contractors/cintsa-thatching-roofing","Cintsa East, Gonubie, Eastern Cape","Thatching Contractors","Phone:","043 738 5044","tel:0437385044","Cell:","082 780 5725","tel:0827805725","Visit
                                        Website","http://www.cintsathatching.co.za/","https://www.brabys.com/za/roofing-contractors?page=6#","Share Call Fax:","086 531 6591","tel:0865316591","Update Your Business Info"
"https://www.brabys.com/images/logo-placeholder.webp","CLADALL","https://www.brabys.com/za/eastern-cape/port-elizabeth/newton-park/roofing-contractors/cladall","Newton Park, Port Elizabeth, Eastern Cape","Roofing Contractors","Phone:","041 365 5100","tel:0413655100","Cell:","082 658 0960","tel:0826580960","More
                                        Information","https://www.brabys.com/za/eastern-cape/port-elizabeth/newton-park/roofing-contractors/cladall","https://www.brabys.com/za/roofing-contractors?page=6#","Email:","wessel@cladall.co.za","mailto:wessel@cladall.co.za","Update Your Business Info"
"https://www.brabys.com/images/logo-placeholder.webp","CLADCO","https://www.brabys.com/za/gauteng/pretoria/lynnwood-glen/roofing-contractors/cladco","Lynnwood Glen, Pretoria, Gauteng","Roofing Contractors","Phone:","012 348 4609","tel:0123484609","Cell:","083 301 5919","tel:0833015919","Visit
                                        Website","http://www.cladco.co.za/","https://www.brabys.com/za/roofing-contractors?page=6#","Email:","jonathan@cladco.co.za","mailto:jonathan@cladco.co.za","Update Your Business Info"
"https://www.brabys.com/images/logo-placeholder.webp","CLOTAN STEEL (PTY) LTD","https://www.brabys.com/za/gauteng/vanderbijlpark/steel-industrial/clotan-steel-pty-ltd","Vanderbijlpark, Gauteng","Steel Industrial","Phone:","016 986 8000","tel:0169868000","Email:","086 125 6826","tel:0861256826","Visit
                                        Website","http://www.clotansteel.co.za/","https://www.brabys.com/za/roofing-contractors?page=6#","","corne@clotansteel.co.za","mailto:corne@clotansteel.co.za","Update Your Business Info"
"https://www.brabys.com/images/logo-placeholder.webp","CORDON PROJECTS","https://www.brabys.com/za/mpumalanga/mbombela/roofing-contractors/cordon-projects","Mbombela, Mpumalanga","Roofing Contractors","Cell:","074 625 9376","tel:0746259376","Share Call Fax:","086 750 4042","tel:0867504042","Visit
                                        Website","http://www.cordon.co.za/","https://www.brabys.com/za/roofing-contractors?page=6#","Email:","cordon@mweb.co.za","mailto:cordon@mweb.co.za","Update Your Business Info"
"https://www.brabys.com/resize/logos/m/109157/89df5a04c383976e51afb8a82747ae668b86cf95.png","AWNMASTER","https://www.brabys.com/za/kwazulu-natal/pinetown/ashley/carports/awnmaster","Ashley, Pinetown, Kwazulu-Natal","Carports","Phone:","031 701 4003","tel:0317014003","Email:","info@awnmaster.co.za","mailto:info@awnmaster.co.za","Visit
                                        Website","http://www.awnmaster.co.za/","https://www.brabys.com/za/roofing-contractors?page=7#","","","",""
"https://www.brabys.com/resize/logos/m/6194583/45654488955a6bc9967f8efeceb94de1497aebcf.png","DA SILVA & SONS","https://www.brabys.com/za/kwazulu-natal/durban/glen-anil/new-houses/da-silva-sons","Glen Anil, Durban, Kwazulu-Natal","New Houses","Cell:","074 101 2328","tel:0741012328","Email:","carlosslva@telkomsa.net","mailto:carlosslva@telkomsa.net","More
                                        Information","https://www.brabys.com/za/kwazulu-natal/durban/glen-anil/new-houses/da-silva-sons","https://www.brabys.com/za/roofing-contractors?page=7#","","","",""
"https://www.brabys.com/images/logo-placeholder.webp","COVERTILE ROOFING CC","https://www.brabys.com/za/western-cape/cape-town/lansdowne/roofing-contractors/covertile-roofing-cc","Lansdowne, Cape Town, Western Cape","Roofing Contractors","Phone:","021 696 2822","tel:0216962822","Cell:","021 696 2820","tel:0216962820","More
                                        Information","https://www.brabys.com/za/western-cape/cape-town/lansdowne/roofing-contractors/covertile-roofing-cc","https://www.brabys.com/za/roofing-contractors?page=7#","Email:","021 696 2823","tel:0216962823","Update Your Business Info"
"https://www.brabys.com/images/logo-placeholder.webp","D & D ROOFING INSULATIONS","https://www.brabys.com/za/gauteng/pretoria/jan-niemand-park/roofing-contractors/d-d-roofing-insulations","Jan Niemand Park, Pretoria, Gauteng","Roofing Contractors","Phone:","012 800 3606","tel:0128003606","Email:","info@roofinsulation.co.za","mailto:info@roofinsulation.co.za","Visit
                                        Website","http://www.roofinsulation.co.za/","https://www.brabys.com/za/roofing-contractors?page=7#","","","","Update Your Business Info"
"https://www.brabys.com/images/logo-placeholder.webp","D N L PROJECTS","https://www.brabys.com/za/eastern-cape/despatch/perseverance/roofing-contractors/d-n-l-projects","Perseverance, Despatch, Eastern Cape","Roofing Contractors","Cell:","071 094 6648","tel:0710946648","Email:","info@dnlprojects.co.za","mailto:info@dnlprojects.co.za","More
                                        Information","https://www.brabys.com/za/eastern-cape/despatch/perseverance/roofing-contractors/d-n-l-projects","https://www.brabys.com/za/roofing-contractors?page=7#","","","","Update Your Business Info"
"https://www.brabys.com/images/logo-placeholder.webp","D W ROOFING","https://www.brabys.com/za/western-cape/strand/twin-palms/roofing-contractors/d-w-roofing","Twin Palms, Strand, Western Cape","Roofing Contractors","Cell:","071 084 6200","tel:0710846200","Email:","info@dwroofing.co.za","mailto:info@dwroofing.co.za","Visit
                                        Website","http://www.dwroofing.co.za/","https://www.brabys.com/za/roofing-contractors?page=7#","","","","Update Your Business Info"
"https://www.brabys.com/images/logo-placeholder.webp","DARYL NOEL ROOFING & SOLAR","https://www.brabys.com/za/kwazulu-natal/durban/roofing-contractors/daryl-noel-roofing-solar","Durban, Kwazulu-Natal","Roofing Contractors","Cell:","081 216 2601","tel:0812162601","","","","More
                                        Information","https://www.brabys.com/za/kwazulu-natal/durban/roofing-contractors/daryl-noel-roofing-solar","https://www.brabys.com/za/roofing-contractors?page=7#","","","","Update Your Business Info"
"https://www.brabys.com/images/logo-placeholder.webp","DC ROOFING CONTRACTORS","https://www.brabys.com/za/western-cape/gordons-bay/temperance-town/roofing-contractors/dc-roofing-contractors","Temperance Town, Gordon's Bay, Western Cape","Roofing Contractors","Phone:","021 856 0056","tel:0218560056","Share Call Fax:","086 639 5997","tel:0866395997","Visit
                                        Website","http://www.dc-roofing.co.za/","https://www.brabys.com/za/roofing-contractors?page=7#","Email:","office@dc-roofing.co.za","mailto:office@dc-roofing.co.za","Update Your Business Info"
"https://www.brabys.com/images/logo-placeholder.webp","DELTA ROOFING (PTY) LTD","https://www.brabys.com/za/western-cape/brackenfell/springbok-park/roof-tiles/delta-roofing-pty-ltd","Springbok Park, Brackenfell, Western Cape","Tiles","Phone:","021 981 3700","tel:0219813700","Email:","admin@deltaroofing.co.za","mailto:admin@deltaroofing.co.za","Visit
                                        Website","http://www.delta.co.za/","https://www.brabys.com/za/roofing-contractors?page=7#","","","","Update Your Business Info"
"https://www.brabys.com/images/logo-placeholder.webp","DESIGNER ROOF TRUSS","https://www.brabys.com/za/gauteng/brakpan/witpoort-estates/roofing-contractors/designer-roof-truss","Witpoort Estates, Brakpan, Gauteng","Roofing Contractors","Cell:","082 344 7567","tel:0823447567","","","","Visit
                                        Website","http://www.designerroof.co.za/","https://www.brabys.com/za/roofing-contractors?page=7#","","","","Update Your Business Info"
"https://www.brabys.com/resize/logos/m/5838509/dezzo.gif","DEZZO ROOFING","https://www.brabys.com/za/kwazulu-natal/new-germany/steel-roofing-manufacturers-suppliers/dezzo-roofing","New Germany, Kwazulu-Natal","Steel  Manufacturers & Suppliers","Cell:","082 441 9484","tel:0824419484","VOIP:","087 057 8550","tel:0870578550","Visit
                                        Website","http://www.dezzoroofing.co.za/","https://www.brabys.com/za/roofing-contractors?page=7#","Email:","brandon@dezzoroofing.co.za","mailto:brandon@dezzoroofing.co.za","Update Your Business Info"
"https://www.brabys.com/images/logo-placeholder.webp","DURAROOF","https://www.brabys.com/za/gauteng/brakpan/denneoord/roofing-contractors/duraroof","Denneoord, Brakpan, Gauteng","Roofing Contractors","Phone:","011 740 1549","tel:0117401549","Email:","nabeel@rickford.co.za","mailto:nabeel@rickford.co.za","Visit
                                        Website","http://www.duraroof.co.za/","https://www.brabys.com/za/roofing-contractors?page=7#","","","","Update Your Business Info"
"https://www.brabys.com/resize/logos/m/109157/89df5a04c383976e51afb8a82747ae668b86cf95.png","AWNMASTER","https://www.brabys.com/za/kwazulu-natal/pinetown/ashley/carports/awnmaster","Ashley, Pinetown, Kwazulu-Natal","Carports","Phone:","031 701 4003","tel:0317014003","Email:","info@awnmaster.co.za","mailto:info@awnmaster.co.za","Visit
                                        Website","http://www.awnmaster.co.za/","https://www.brabys.com/za/roofing-contractors?page=8#","","","",""
"https://www.brabys.com/resize/logos/m/6194583/45654488955a6bc9967f8efeceb94de1497aebcf.png","DA SILVA & SONS","https://www.brabys.com/za/kwazulu-natal/durban/glen-anil/new-houses/da-silva-sons","Glen Anil, Durban, Kwazulu-Natal","New Houses","Cell:","074 101 2328","tel:0741012328","Email:","carlosslva@telkomsa.net","mailto:carlosslva@telkomsa.net","More
                                        Information","https://www.brabys.com/za/kwazulu-natal/durban/glen-anil/new-houses/da-silva-sons","https://www.brabys.com/za/roofing-contractors?page=8#","","","",""
"https://www.brabys.com/images/logo-placeholder.webp","DYLAN ROOFING CC","https://www.brabys.com/za/kwazulu-natal/umhlanga/somerset-park/roofing-contractors/dylan-roofing-cc","Somerset Park, Umhlanga, Kwazulu-Natal","Roofing Contractors","Phone:","031 572 3031","tel:0315723031","Email:","dylanroof@mweb.co.za","mailto:dylanroof@mweb.co.za","More
                                        Information","https://www.brabys.com/za/kwazulu-natal/umhlanga/somerset-park/roofing-contractors/dylan-roofing-cc","https://www.brabys.com/za/roofing-contractors?page=8#","","","","Update Your Business Info"
"https://www.brabys.com/images/logo-placeholder.webp","EAGLE ROOF TILES","https://www.brabys.com/za/eastern-cape/east-london/amalinda/roofing-contractors/eagle-roof-tiles","Amalinda, East London, Eastern Cape","Roofing Contractors","Phone:","043 745 2775","tel:0437452775","Cell:","082 332 2443","tel:0823322443","Visit
                                        Website","http://www.eaglerooftiles.co.za/","https://www.brabys.com/za/roofing-contractors?page=8#","Email:","greg@eaglerooftiles.co.za","mailto:greg@eaglerooftiles.co.za","Update Your Business Info"
"https://www.brabys.com/images/logo-placeholder.webp","EAGLE ROOF TILES","https://www.brabys.com/za/eastern-cape/port-elizabeth/greenbushes/roofing-contractors/eagle-roof-tiles","Greenbushes, Port Elizabeth, Eastern Cape","Roofing Contractors","Phone:","041 372 1607","tel:0413721607","","","","Visit
                                        Website","http://www.eaglerooftiles.co.za/","https://www.brabys.com/za/roofing-contractors?page=8#","","","","Update Your Business Info"
"https://www.brabys.com/images/logo-placeholder.webp","EAGLE ROOF TILES ATLANTIS FACTORY","https://www.brabys.com/za/western-cape/atlantis/atlantis-industria/roofing-suppliers/eagle-roof-tiles-atlantis-factory","Atlantis Industria, Atlantis, Western Cape","Suppliers","Phone:","021 577 2110","tel:0215772110","","","","More
                                        Information","https://www.brabys.com/za/western-cape/atlantis/atlantis-industria/roofing-suppliers/eagle-roof-tiles-atlantis-factory","https://www.brabys.com/za/roofing-contractors?page=8#","","","","Update Your Business Info"
"https://www.brabys.com/images/logo-placeholder.webp","EAGLE ROOFS","https://www.brabys.com/za/north-west/rustenburg/roofing-truss-manufacturers/eagle-roofs","Rustenburg, North West","Roofing & Truss Manufacturers","Phone:","014 592 9657","tel:0145929657","Cell:","071 452 0821","tel:0714520821","More
                                        Information","https://www.brabys.com/za/north-west/rustenburg/roofing-truss-manufacturers/eagle-roofs","https://www.brabys.com/za/roofing-contractors?page=8#","Email:","082 493 8497","tel:0824938497","Update Your Business Info"
"https://www.brabys.com/images/logo-placeholder.webp","EAST COAST ROOFING","https://www.brabys.com/za/kwazulu-natal/amanzimtoti/illovo-beach/roofing-contractors/east-coast-roofing","Illovo Beach, Amanzimtoti, Kwazulu-Natal","Roofing Contractors","Phone:","031 916 7842","tel:0319167842","Email:","ecroof@saol.com","mailto:ecroof@saol.com","More
                                        Information","https://www.brabys.com/za/kwazulu-natal/amanzimtoti/illovo-beach/roofing-contractors/east-coast-roofing","https://www.brabys.com/za/roofing-contractors?page=8#","","","","Update Your Business Info"
"https://www.brabys.com/images/logo-placeholder.webp","ECOCLAD SOLUTIONS","https://www.brabys.com/za/western-cape/cape-town/epping-industria/roofing-contractors/ecoclad-solutions","Epping Industria, Cape Town, Western Cape","Roofing Contractors","Phone:","021 534 0017","tel:0215340017","Email:","info@ecoclad.co.za","mailto:info@ecoclad.co.za","More
                                        Information","https://www.brabys.com/za/western-cape/cape-town/epping-industria/roofing-contractors/ecoclad-solutions","https://www.brabys.com/za/roofing-contractors?page=8#","","","","Update Your Business Info"
"https://www.brabys.com/images/logo-placeholder.webp","ECOTE","https://www.brabys.com/za/gauteng/pretoria/silverton/waterproofing-consultants/ecote","Silverton, Pretoria, Gauteng","Waterproofing Consultants","Phone:","012 804 3214","tel:0128043214","Cell:","082 777 0227","tel:0827770227","Visit
                                        Website","http://www.ecote.co.za/","https://www.brabys.com/za/roofing-contractors?page=8#","Share Call Fax:","084 687 3351","tel:0846873351","Update Your Business Info"
"https://www.brabys.com/images/logo-placeholder.webp","ELASTO-FLEX","https://www.brabys.com/za/kwazulu-natal/pinetown/westmead/construction/elasto-flex","Westmead, Pinetown, Kwazulu-Natal","Construction","Cell:","081 466 2362","tel:0814662362","Email:","jason@elastoflex.co.za","mailto:jason@elastoflex.co.za","Visit
                                        Website","http://www.elastoflex.co.za/","https://www.brabys.com/za/roofing-contractors?page=8#","","","","Update Your Business Info"
"https://www.brabys.com/images/logo-placeholder.webp","ELEGANT ROOFING","https://www.brabys.com/za/western-cape/parow/parow-industria/roofing-contractors/elegant-roofing","Parow Industria, Parow, Western Cape","Roofing Contractors","Phone:","021 931 1240","tel:0219311240","Email:","info@elegantroofing.co.za","mailto:info@elegantroofing.co.za","More
                                        Information","https://www.brabys.com/za/western-cape/parow/parow-industria/roofing-contractors/elegant-roofing","https://www.brabys.com/za/roofing-contractors?page=8#","","","","Update Your Business Info"
"https://www.brabys.com/resize/logos/m/109157/89df5a04c383976e51afb8a82747ae668b86cf95.png","AWNMASTER","https://www.brabys.com/za/kwazulu-natal/pinetown/ashley/carports/awnmaster","Ashley, Pinetown, Kwazulu-Natal","Carports","Phone:","031 701 4003","tel:0317014003","Email:","info@awnmaster.co.za","mailto:info@awnmaster.co.za","Visit
                                        Website","http://www.awnmaster.co.za/","https://www.brabys.com/za/roofing-contractors?page=9#","","","",""
"https://www.brabys.com/resize/logos/m/6194583/45654488955a6bc9967f8efeceb94de1497aebcf.png","DA SILVA & SONS","https://www.brabys.com/za/kwazulu-natal/durban/glen-anil/new-houses/da-silva-sons","Glen Anil, Durban, Kwazulu-Natal","New Houses","Cell:","074 101 2328","tel:0741012328","Email:","carlosslva@telkomsa.net","mailto:carlosslva@telkomsa.net","More
                                        Information","https://www.brabys.com/za/kwazulu-natal/durban/glen-anil/new-houses/da-silva-sons","https://www.brabys.com/za/roofing-contractors?page=9#","","","",""
"https://www.brabys.com/images/logo-placeholder.webp","F S ROOF STEEL (PTY) LTD","https://www.brabys.com/za/western-cape/george/george-industria/roofing-suppliers/f-s-roof-steel-pty-ltd","George Industria, George, Western Cape","Suppliers","Phone:","044 220 4060","tel:0442204060","Cell:","065 984 8066","tel:0659848066","Visit
                                        Website","http://www.fsroofing.co.za/","https://www.brabys.com/za/roofing-contractors?page=9#","Email:","sales@fsroofing.co.za","mailto:sales@fsroofing.co.za","Update Your Business Info"
"https://www.brabys.com/resize/logos/m/5948947/falsebayroofing.jpg.jpg","FALSE BAY ROOFING","https://www.brabys.com/za/western-cape/somerset-west/parel-vallei/roofing-contractors/false-bay-roofing","Parel Vallei, Somerset West, Western Cape","Roofing Contractors","Phone:","021 852 9024","tel:0218529024","Cell:","083 253 0238","tel:0832530238","Visit
                                        Website","http://www.roofs.co.za/","https://www.brabys.com/za/roofing-contractors?page=9#","Email:","deon@roofs.co.za","mailto:deon@roofs.co.za","Update Your Business Info"
"https://www.brabys.com/images/logo-placeholder.webp","FALSE BAY ROOFING & WATERPROOFING","https://www.brabys.com/za/western-cape/somerset-west/parel-vallei/roofing-contractors/false-bay-roofing-waterproofing","Parel Vallei, Somerset West, Western Cape","Roofing Contractors","Phone:","021 852 9024","tel:0218529024","Email:","deon@roofs.co.za","mailto:deon@roofs.co.za","More
                                        Information","https://www.brabys.com/za/western-cape/somerset-west/parel-vallei/roofing-contractors/false-bay-roofing-waterproofing","https://www.brabys.com/za/roofing-contractors?page=9#","","","","Update Your Business Info"
"https://www.brabys.com/images/logo-placeholder.webp","FIDDLER ROOFING PRODUCTS","https://www.brabys.com/za/gauteng/pretoria/tygervalley/roofing/fiddler-roofing-products","Tygervalley, Pretoria, Gauteng","Roofing","Cell:","060 450 3838","tel:0604503838","Email:","sales@fiddler.co.za","mailto:sales@fiddler.co.za","Visit
                                        Website","http://www.fiddler.co.za/","https://www.brabys.com/za/roofing-contractors?page=9#","","","","Update Your Business Info"
"https://www.brabys.com/images/logo-placeholder.webp","FIX A ROOF","https://www.brabys.com/za/gauteng/randburg/blairgowrie/roof-repairs/fix-a-roof","Blairgowrie, Randburg, Gauteng","Repairs","Cell:","072 257 5482","tel:0722575482","Email:","admin@fixaroof.co.za","mailto:admin@fixaroof.co.za","Visit
                                        Website","http://www.fixaroof.co.za/","https://www.brabys.com/za/roofing-contractors?page=9#","","","","Update Your Business Info"
"https://www.brabys.com/images/logo-placeholder.webp","FOUR SEASONS ROOFING (PTY) LTD","https://www.brabys.com/za/kwazulu-natal/durban/greyville/roofing-contractors/four-seasons-roofing-pty-ltd","Greyville, Durban, Kwazulu-Natal","Roofing Contractors","Phone:","031 309 4773","tel:0313094773","Cell:","083 253 0443","tel:0832530443","More
                                        Information","https://www.brabys.com/za/kwazulu-natal/durban/greyville/roofing-contractors/four-seasons-roofing-pty-ltd","https://www.brabys.com/za/roofing-contractors?page=9#","Email:","083 798 0022","tel:0837980022","Update Your Business Info"
"https://www.brabys.com/images/logo-placeholder.webp","FOX ROOFING","https://www.brabys.com/za/gauteng/krugersdorp/factoria/roof-maintenance/fox-roofing","Factoria, Krugersdorp, Gauteng","Roof Maintenance","Cell:","083 615 7713","tel:0836157713","Email:","info@foxroofing.co.za","mailto:info@foxroofing.co.za","Visit
                                        Website","http://www.foxroofing.co.za/","https://www.brabys.com/za/roofing-contractors?page=9#","","","","Update Your Business Info"
"https://www.brabys.com/images/logo-placeholder.webp","FUTURE STEEL CC","https://www.brabys.com/za/kwazulu-natal/pinetown/westmead/ventilators/future-steel-cc","Westmead, Pinetown, Kwazulu-Natal","Ventilators","Phone:","031 700 2980","tel:0317002980","Share Call Fax:","086 658 7951","tel:0866587951","Visit
                                        Website","http://www.futuresteel.co.za/","https://www.brabys.com/za/roofing-contractors?page=9#","Email:","info@futuresteel.co.za","mailto:info@futuresteel.co.za","Update Your Business Info"
"https://www.brabys.com/images/logo-placeholder.webp","G L B PROJECTS","https://www.brabys.com/za/western-cape/george/george-central/roofing-contractors/g-l-b-projects","George Central, George, Western Cape","Roofing Contractors","Cell:","076 151 9798","tel:0761519798","Email:","gerdabence.1@gmail.com","mailto:gerdabence.1@gmail.com","More
                                        Information","https://www.brabys.com/za/western-cape/george/george-central/roofing-contractors/g-l-b-projects","https://www.brabys.com/za/roofing-contractors?page=9#","","","","Update Your Business Info"
"https://www.brabys.com/images/logo-placeholder.webp","G R S - GLOBAL ROOFING SOLUTIONS","https://www.brabys.com/za/gauteng/kempton-park/isando/roofing-contractors/g-r-s-global-roofing-solutions","Isando, Kempton Park, Gauteng","Roofing Contractors","Phone:","011 595 0894","tel:0115950894","","","","More
                                        Information","https://www.brabys.com/za/gauteng/kempton-park/isando/roofing-contractors/g-r-s-global-roofing-solutions","https://www.brabys.com/za/roofing-contractors?page=9#","","","","Update Your Business Info"
"https://www.brabys.com/resize/logos/m/109157/89df5a04c383976e51afb8a82747ae668b86cf95.png","AWNMASTER","https://www.brabys.com/za/kwazulu-natal/pinetown/ashley/carports/awnmaster","Ashley, Pinetown, Kwazulu-Natal","Carports","Phone:","031 701 4003","tel:0317014003","Email:","info@awnmaster.co.za","mailto:info@awnmaster.co.za","Visit
                                        Website","http://www.awnmaster.co.za/","https://www.brabys.com/za/roofing-contractors?page=10#","","","",""
"https://www.brabys.com/resize/logos/m/6194583/45654488955a6bc9967f8efeceb94de1497aebcf.png","DA SILVA & SONS","https://www.brabys.com/za/kwazulu-natal/durban/glen-anil/new-houses/da-silva-sons","Glen Anil, Durban, Kwazulu-Natal","New Houses","Cell:","074 101 2328","tel:0741012328","Email:","carlosslva@telkomsa.net","mailto:carlosslva@telkomsa.net","More
                                        Information","https://www.brabys.com/za/kwazulu-natal/durban/glen-anil/new-houses/da-silva-sons","https://www.brabys.com/za/roofing-contractors?page=10#","","","",""
"https://www.brabys.com/images/logo-placeholder.webp","G S M ROOFING","https://www.brabys.com/za/western-cape/cape-town/lansdowne/roofing-contractors/g-s-m-roofing","Lansdowne, Cape Town, Western Cape","Roofing Contractors","Phone:","021 762 7623","tel:0217627623","","","","More
                                        Information","https://www.brabys.com/za/western-cape/cape-town/lansdowne/roofing-contractors/g-s-m-roofing","https://www.brabys.com/za/roofing-contractors?page=10#","","","","Update Your Business Info"
"https://www.brabys.com/images/logo-placeholder.webp","G W R ROOFING","https://www.brabys.com/za/kwazulu-natal/pinetown/westmead/roofing-contractors/g-w-r-roofing","Westmead, Pinetown, Kwazulu-Natal","Roofing Contractors","Phone:","031 701 4177","tel:0317014177","Email:","info@gwr-sa.co.za","mailto:info@gwr-sa.co.za","Visit
                                        Website","http://www.gwr-sa.co.za/","https://www.brabys.com/za/roofing-contractors?page=10#","","","","Update Your Business Info"
"https://www.brabys.com/images/logo-placeholder.webp","GATEWAY WATERPROOFING SOLUTIONS","https://www.brabys.com/za/kwazulu-natal/phoenix/stanmore/roofing-contractors/gateway-waterproofing-solutions","Stanmore, Phoenix, Kwazulu-Natal","Roofing Contractors","Phone:","031 836 7338","tel:0318367338","Cell:","083 271 8478","tel:0832718478","More
                                        Information","https://www.brabys.com/za/kwazulu-natal/phoenix/stanmore/roofing-contractors/gateway-waterproofing-solutions","https://www.brabys.com/za/roofing-contractors?page=10#","Email:","gatewaywaterproofingsolutions@gmail.com","mailto:gatewaywaterproofingsolutions@gmail.com","Update Your Business Info"
"https://www.brabys.com/images/logo-placeholder.webp","GEORGE PAINTING SOLUTIONS","https://www.brabys.com/za/gauteng/kempton-park/painting-contractors/george-painting-solutions","Kempton Park, Gauteng","Painting Contractors","Cell:","073 717 8615","tel:0737178615","Email:","eorgemoyo@gmail.com","mailto:eorgemoyo@gmail.com","More
                                        Information","https://www.brabys.com/za/gauteng/kempton-park/painting-contractors/george-painting-solutions","https://www.brabys.com/za/roofing-contractors?page=10#","","","","Update Your Business Info"
"https://www.brabys.com/images/logo-placeholder.webp","GEORGE ZAMA ZAMA ROOFING SPECIALIST","https://www.brabys.com/za/kwazulu-natal/isithebe/roofing-maintenance-specialists/george-zama-zama-roofing-specialist","Isithebe, Kwazulu-Natal","& Maintenance Specialists","Phone:","032 459 3383","tel:0324593383","Cell:","072 184 4054","tel:0721844054","More
                                        Information","https://www.brabys.com/za/kwazulu-natal/isithebe/roofing-maintenance-specialists/george-zama-zama-roofing-specialist","https://www.brabys.com/za/roofing-contractors?page=10#","Email:","076 910 4548","tel:0769104548","Update Your Business Info"
"https://www.brabys.com/images/logo-placeholder.webp","GERLAG D ROOFING CONTRACTORS","https://www.brabys.com/za/gauteng/johannesburg/meredale/roof-repairs/gerlag-d-roofing-contractors","Meredale, Johannesburg, Gauteng","Repairs","Phone:","011 942 1200","tel:0119421200","Email:","gerlag@global.co.za","mailto:gerlag@global.co.za","More
                                        Information","https://www.brabys.com/za/gauteng/johannesburg/meredale/roof-repairs/gerlag-d-roofing-contractors","https://www.brabys.com/za/roofing-contractors?page=10#","","","","Update Your Business Info"
"https://www.brabys.com/images/logo-placeholder.webp","GERLAG ROOFING","https://www.brabys.com/za/gauteng/johannesburg/mayfield-park/roof-repairs/gerlag-roofing","Mayfield Park, Johannesburg, Gauteng","Roof Repairs","Phone:","011 943 1307","tel:0119431307","Email:","gerlagroofing@icloud.com","mailto:gerlagroofing@icloud.com","Visit
                                        Website","http://www.gerlagroofing.co.za/","https://www.brabys.com/za/roofing-contractors?page=10#","","","","Update Your Business Info"
"https://www.brabys.com/images/logo-placeholder.webp","GERMAN BUILDING TECHNOLOGY CC","https://www.brabys.com/za/gauteng/sandton/kew/roofing-contractors/german-building-technology-cc","Kew, Sandton, Gauteng","Roofing Contractors","Phone:","011 440 2155","tel:0114402155","Cell:","082 653 3503","tel:0826533503","Visit
                                        Website","http://www.germanbuildingtechnology.co.za/","https://www.brabys.com/za/roofing-contractors?page=10#","","","","Update Your Business Info"
"https://www.brabys.com/resize/logos/m/5970683/git.jpg.jpg","GIT TRADING CC","https://www.brabys.com/za/gauteng/boksburg/freeway-park/roofing-contractors/git-trading-cc","Freeway Park, Boksburg, Gauteng","Roofing Contractors","Phone:","011 893 0317","tel:0118930317","Cell:","083 357 0194","tel:0833570194","Visit
                                        Website","http://www.gittrading.co.za/","https://www.brabys.com/za/roofing-contractors?page=10#","Email:","info@gittrading.co.za","mailto:info@gittrading.co.za","Update Your Business Info"
"https://www.brabys.com/images/logo-placeholder.webp","GLAMOROUS ROOFING CC","https://www.brabys.com/za/gauteng/randburg/ferndale/roofing-contractors/glamorous-roofing-cc","Ferndale, Randburg, Gauteng","Roofing Contractors","Phone:","011 789 9790","tel:0117899790","Cell:","083 535 4881","tel:0835354881","Visit
                                        Website","http://www.glamorousroofing.co.za/","https://www.brabys.com/za/roofing-contractors?page=10#","Email:","083 755 3929","tel:0837553929","Update Your Business Info"
"https://www.brabys.com/resize/logos/m/109157/89df5a04c383976e51afb8a82747ae668b86cf95.png","AWNMASTER","https://www.brabys.com/za/kwazulu-natal/pinetown/ashley/carports/awnmaster","Ashley, Pinetown, Kwazulu-Natal","Carports","Phone:","031 701 4003","tel:0317014003","Email:","info@awnmaster.co.za","mailto:info@awnmaster.co.za","Visit
                                        Website","http://www.awnmaster.co.za/","https://www.brabys.com/za/roofing-contractors?page=11#","","","",""
"https://www.brabys.com/resize/logos/m/6194583/45654488955a6bc9967f8efeceb94de1497aebcf.png","DA SILVA & SONS","https://www.brabys.com/za/kwazulu-natal/durban/glen-anil/new-houses/da-silva-sons","Glen Anil, Durban, Kwazulu-Natal","New Houses","Cell:","074 101 2328","tel:0741012328","Email:","carlosslva@telkomsa.net","mailto:carlosslva@telkomsa.net","More
                                        Information","https://www.brabys.com/za/kwazulu-natal/durban/glen-anil/new-houses/da-silva-sons","https://www.brabys.com/za/roofing-contractors?page=11#","","","",""
"https://www.brabys.com/images/logo-placeholder.webp","GP ROOF REPAIRS","https://www.brabys.com/za/gauteng/boksburg/cinderella/roof-repairs/gp-roof-repairs","Cinderella, Boksburg, Gauteng","Repairs","Phone:","010 442 6381","tel:0104426381","Email:","boksburg@gproofrepairs.co.za","mailto:boksburg@gproofrepairs.co.za","Visit
                                        Website","http://www.gproofrepairs.co.za/","https://www.brabys.com/za/roofing-contractors?page=11#","","","","Update Your Business Info"
"https://www.brabys.com/images/logo-placeholder.webp","GRACE ROOFING","https://www.brabys.com/za/kwazulu-natal/pietermaritzburg/masons-mill/roofing-contractors/grace-roofing","Masons Mill, Pietermaritzburg, Kwazulu-Natal","Roofing Contractors","Phone:","033 398 0173","tel:0333980173","","","","More
                                        Information","https://www.brabys.com/za/kwazulu-natal/pietermaritzburg/masons-mill/roofing-contractors/grace-roofing","https://www.brabys.com/za/roofing-contractors?page=11#","","","","Update Your Business Info"
"https://www.brabys.com/images/logo-placeholder.webp","GREENWOOD RV WATERPROOFING","https://www.brabys.com/za/eastern-cape/port-elizabeth/ferguson/roofing-contractors/greenwood-rv-waterproofing","Ferguson, Port Elizabeth, Eastern Cape","Roofing Contractors","Phone:","041 451 2651","tel:0414512651","Cell:","083 325 6784","tel:0833256784","More
                                        Information","https://www.brabys.com/za/eastern-cape/port-elizabeth/ferguson/roofing-contractors/greenwood-rv-waterproofing","https://www.brabys.com/za/roofing-contractors?page=11#","Email:","rvgreen@progen.net","mailto:rvgreen@progen.net","Update Your Business Info"
"https://www.brabys.com/images/logo-placeholder.webp","GSM ROOFING (UNLIMITED STEEL SOLUTIONS)","https://www.brabys.com/za/kwazulu-natal/pietermaritzburg/mkondeni/roofing-truss-manufacturers/gsm-roofing-unlimited-steel-solutions","M'Kondeni, Pietermaritzburg, Kwazulu-Natal","& Truss Manufacturers","Phone:","033 032 2020","tel:0330322020","","033 032 4995","tel:0330324995","More
                                        Information","https://www.brabys.com/za/kwazulu-natal/pietermaritzburg/mkondeni/roofing-truss-manufacturers/gsm-roofing-unlimited-steel-solutions","https://www.brabys.com/za/roofing-contractors?page=11#","","","","Update Your Business Info"
"https://www.brabys.com/images/logo-placeholder.webp","H P PLUM & CO (PTY) LTD","https://www.brabys.com/za/western-cape/brackenfell/roofing-contractors/h-p-plum-co-pty-ltd","Brackenfell, Western Cape","Roofing Contractors","Phone:","021 981 1156","tel:0219811156","Email:","info@hpplum.co.za","mailto:info@hpplum.co.za","Visit
                                        Website","http://www.hpplum.co.za/","https://www.brabys.com/za/roofing-contractors?page=11#","","","","Update Your Business Info"
"https://www.brabys.com/images/logo-placeholder.webp","HANCOR SHEETING CC","https://www.brabys.com/za/gauteng/alberton/brackendowns/sheet-metal-workers-manufacturers/hancor-sheeting-cc","Brackendowns, Alberton, Gauteng","Sheet Metal Workers & Manufacturers","Phone:","011 900 1219","tel:0119001219","Cell:","083 285 9484","tel:0832859484","More
                                        Information","https://www.brabys.com/za/gauteng/alberton/brackendowns/sheet-metal-workers-manufacturers/hancor-sheeting-cc","https://www.brabys.com/za/roofing-contractors?page=11#","Email:","hancor@icon.co.za","mailto:hancor@icon.co.za","Update Your Business Info"
"https://www.brabys.com/images/logo-placeholder.webp","HARTIES MAINTENANCE","https://www.brabys.com/za/north-west/hartbeespoort/building-additions-alterations-repairs/harties-maintenance","Hartbeespoort, North West","Building Additions, Alterations & Repairs","Cell:","083 399 9508","tel:0833999508","Email:","hartiesmain@gmail.com","mailto:hartiesmain@gmail.com","More
                                        Information","https://www.brabys.com/za/north-west/hartbeespoort/building-additions-alterations-repairs/harties-maintenance","https://www.brabys.com/za/roofing-contractors?page=11#","","","","Update Your Business Info"
"https://www.brabys.com/resize/logos/m/6059934/harvey.jpg","HARVEY THATCH SA","https://www.brabys.com/za/gauteng/johannesburg/braamfontein/roofing/harvey-thatch-sa","Braamfontein, Johannesburg, Gauteng","Roofing","Cell:","079 624 9269","tel:0796249269","Email:","info@harveythatchsa.co.za","mailto:info@harveythatchsa.co.za","Visit
                                        Website","http://www.harveythatchsa.co.za/","https://www.brabys.com/za/roofing-contractors?page=11#","","","","Update Your Business Info"
"https://www.brabys.com/images/logo-placeholder.webp","HASHTAG ROOFING","https://www.brabys.com/za/gauteng/edenvale/hurlyvale/roofing-contractors/hashtag-roofing","Hurlyvale, Edenvale, Gauteng","Roofing Contractors","Cell:","074 753 2022","tel:0747532022","Email:","admin@hashtagroofing.co.za","mailto:admin@hashtagroofing.co.za","More
                                        Information","https://www.brabys.com/za/gauteng/edenvale/hurlyvale/roofing-contractors/hashtag-roofing","https://www.brabys.com/za/roofing-contractors?page=11#","","","","Update Your Business Info"
"https://www.brabys.com/images/logo-placeholder.webp","HI-TECH ROOFING","https://www.brabys.com/za/kwazulu-natal/port-shepstone/marburg/roofing-contractors/hi-tech-roofing","Marburg, Port Shepstone, Kwazulu-Natal","Roofing Contractors","Phone:","039 682 2165","tel:0396822165","Cell:","083 749 3786","tel:0837493786","Visit
                                        Website","http://www.hitekroofing.co.za/","https://www.brabys.com/za/roofing-contractors?page=11#","Share Call Fax:","086 616 8839","tel:0866168839","Update Your Business Info"
"https://www.brabys.com/resize/logos/m/109157/89df5a04c383976e51afb8a82747ae668b86cf95.png","AWNMASTER","https://www.brabys.com/za/kwazulu-natal/pinetown/ashley/carports/awnmaster","Ashley, Pinetown, Kwazulu-Natal","Carports","Phone:","031 701 4003","tel:0317014003","Email:","info@awnmaster.co.za","mailto:info@awnmaster.co.za","Visit
                                        Website","http://www.awnmaster.co.za/","https://www.brabys.com/za/roofing-contractors?page=12#","","","",""
"https://www.brabys.com/resize/logos/m/6194583/45654488955a6bc9967f8efeceb94de1497aebcf.png","DA SILVA & SONS","https://www.brabys.com/za/kwazulu-natal/durban/glen-anil/new-houses/da-silva-sons","Glen Anil, Durban, Kwazulu-Natal","New Houses","Cell:","074 101 2328","tel:0741012328","Email:","carlosslva@telkomsa.net","mailto:carlosslva@telkomsa.net","More
                                        Information","https://www.brabys.com/za/kwazulu-natal/durban/glen-anil/new-houses/da-silva-sons","https://www.brabys.com/za/roofing-contractors?page=12#","","","",""
"https://www.brabys.com/resize/logos/m/6092617/hiltoplogo.jpg","HILTOP ROOFING","https://www.brabys.com/za/gauteng/kempton-park/kempton-park-ext-3/roofing-contractors/hiltop-roofing","Kempton Park Ext 3, Kempton Park, Gauteng","Roofing Contractors","Phone:","011 394 0745","tel:0113940745","Cell:","083 323 5615","tel:0833235615","Visit
                                        Website","http://www.hiltoproofing.co.za/","https://www.brabys.com/za/roofing-contractors?page=12#","Share Call Fax:","082 655 4242","tel:0826554242","Update Your Business Info"
"https://www.brabys.com/images/logo-placeholder.webp","HOLLEY HARVEYTILE","https://www.brabys.com/za/kwazulu-natal/pietermaritzburg/willowton/roofing-contractors/holley-harveytile","Willowton, Pietermaritzburg, Kwazulu-Natal","Roofing Contractors","Phone:","033 394 0221","tel:0333940221","Email:","greg@holleyharveytile.co.za","mailto:greg@holleyharveytile.co.za","Visit
                                        Website","http://www.holleyharveytile.co.za/","https://www.brabys.com/za/roofing-contractors?page=12#","","","","Update Your Business Info"
"https://www.brabys.com/images/logo-placeholder.webp","HOME IMPROVEMENTS","https://www.brabys.com/za/eastern-cape/port-alfred/painting-contractors/home-improvements","Port Alfred, Eastern Cape","Painting Contractors","Cell:","071 959 3027","tel:0719593027","","","","More
                                        Information","https://www.brabys.com/za/eastern-cape/port-alfred/painting-contractors/home-improvements","https://www.brabys.com/za/roofing-contractors?page=12#","","","","Update Your Business Info"
"https://www.brabys.com/resize/logos/m/4642032/_hottentots.jpg.jpg","HOTTENTOTS HOLLAND ROOFING SUPPLIES","https://www.brabys.com/za/western-cape/somerset-west/haumannshof/roofing-contractors/hottentots-holland-roofing-supplies","Haumannshof, Somerset West, Western Cape","Roofing Contractors","Phone:","021 852 6652","tel:0218526652","Email:","admin@hhrs.co.za","mailto:admin@hhrs.co.za","More
                                        Information","https://www.brabys.com/za/western-cape/somerset-west/haumannshof/roofing-contractors/hottentots-holland-roofing-supplies","https://www.brabys.com/za/roofing-contractors?page=12#","","","","Update Your Business Info"
"https://www.brabys.com/images/logo-placeholder.webp","HULAMIN OPERATIONS (PTY) LTD","https://www.brabys.com/za/kwazulu-natal/pietermaritzburg/aluminium-manufacturers/hulamin-operations-pty-ltd","Pietermaritzburg, Kwazulu-Natal","Aluminium Manufacturers","Phone:","033 395 6911","tel:0333956911","","","","Visit
                                        Website","http://www.hulamin.co.za/","https://www.brabys.com/za/roofing-contractors?page=12#","","","","Update Your Business Info"
"https://www.brabys.com/images/logo-placeholder.webp","INDUSTRIAL BUILDING & ROOFING CONTRACTORS","https://www.brabys.com/za/kwazulu-natal/hillcrest/roofing-contractors/industrial-building-roofing-contractors","Hillcrest, Kwazulu-Natal","Roofing Contractors","Phone:","031 764 5206","tel:0317645206","Email:","dutchibr@iafrica.com","mailto:dutchibr@iafrica.com","More
                                        Information","https://www.brabys.com/za/kwazulu-natal/hillcrest/roofing-contractors/industrial-building-roofing-contractors","https://www.brabys.com/za/roofing-contractors?page=12#","","","","Update Your Business Info"
"https://www.brabys.com/images/logo-placeholder.webp","INSPECT A HOME","https://www.brabys.com/za/kwazulu-natal/westville/roofing-contractors/inspect-a-home","Westville, Kwazulu-Natal","Roofing Contractors","Phone:","031 266 7271","tel:0312667271","Cell:","083 375 5588","tel:0833755588","Visit
                                        Website","http://www.inspectahome.co.za/","https://www.brabys.com/za/roofing-contractors?page=12#","Email:","eric@inspectahome.co.za","mailto:eric@inspectahome.co.za","Update Your Business Info"
"https://www.brabys.com/images/logo-placeholder.webp","J & M ROOFING","https://www.brabys.com/za/gauteng/edenvale/roofing-contractors/j-m-roofing","Edenvale, Gauteng","Roofing Contractors","Phone:","011 609 5021","tel:0116095021","","","","More
                                        Information","https://www.brabys.com/za/gauteng/edenvale/roofing-contractors/j-m-roofing","https://www.brabys.com/za/roofing-contractors?page=12#","","","","Update Your Business Info"
"https://www.brabys.com/images/logo-placeholder.webp","J N A GROUP","https://www.brabys.com/za/western-cape/george/george-industria/roofing-contractors/j-n-a-group","George Industria, George, Western Cape","Roofing Contractors","Phone:","044 874 7950","tel:0448747950","Email:","tarien@jnagroup.co.za","mailto:tarien@jnagroup.co.za","More
                                        Information","https://www.brabys.com/za/western-cape/george/george-industria/roofing-contractors/j-n-a-group","https://www.brabys.com/za/roofing-contractors?page=12#","","","","Update Your Business Info"
"https://www.brabys.com/images/logo-placeholder.webp","J W S TRADING","https://www.brabys.com/za/gauteng/boksburg/sunward-park/roofing/j-w-s-trading","Sunward Park, Boksburg, Gauteng","","Phone:","011 893 0299","tel:0118930299","Email:","info@gitroofing.co.za","mailto:info@gitroofing.co.za","More
                                        Information","https://www.brabys.com/za/gauteng/boksburg/sunward-park/roofing/j-w-s-trading","https://www.brabys.com/za/roofing-contractors?page=12#","","","","Update Your Business Info"
"https://www.brabys.com/resize/logos/m/109157/89df5a04c383976e51afb8a82747ae668b86cf95.png","AWNMASTER","https://www.brabys.com/za/kwazulu-natal/pinetown/ashley/carports/awnmaster","Ashley, Pinetown, Kwazulu-Natal","Carports","Phone:","031 701 4003","tel:0317014003","Email:","info@awnmaster.co.za","mailto:info@awnmaster.co.za","Visit
                                        Website","http://www.awnmaster.co.za/","https://www.brabys.com/za/roofing-contractors?page=13#","","","",""
"https://www.brabys.com/resize/logos/m/6194583/45654488955a6bc9967f8efeceb94de1497aebcf.png","DA SILVA & SONS","https://www.brabys.com/za/kwazulu-natal/durban/glen-anil/new-houses/da-silva-sons","Glen Anil, Durban, Kwazulu-Natal","New Houses","Cell:","074 101 2328","tel:0741012328","Email:","carlosslva@telkomsa.net","mailto:carlosslva@telkomsa.net","More
                                        Information","https://www.brabys.com/za/kwazulu-natal/durban/glen-anil/new-houses/da-silva-sons","https://www.brabys.com/za/roofing-contractors?page=13#","","","",""
"https://www.brabys.com/images/logo-placeholder.webp","JAGER ROOFING","https://www.brabys.com/za/western-cape/stilbaai/stilbaai-wes/roofing-contractors/jager-roofing","Stilbaai-Wes, Stilbaai, Western Cape","Roofing Contractors","Cell:","072 531 3322","tel:0725313322","","","","More
                                        Information","https://www.brabys.com/za/western-cape/stilbaai/stilbaai-wes/roofing-contractors/jager-roofing","https://www.brabys.com/za/roofing-contractors?page=13#","","","","Update Your Business Info"
"https://www.brabys.com/images/logo-placeholder.webp","JNA GROUP","https://www.brabys.com/za/western-cape/brackenfell/roofing-contractors/jna-group","Brackenfell, Western Cape","Roofing Contractors","Phone:","021 919 8397","tel:0219198397","Email:","lqt@iafrica.com","mailto:lqt@iafrica.com","Visit
                                        Website","http://www.thatchers.co.za/","https://www.brabys.com/za/roofing-contractors?page=13#","","","","Update Your Business Info"
"https://www.brabys.com/images/logo-placeholder.webp","JOHANNESBURG ROOFING","https://www.brabys.com/za/gauteng/johannesburg/meredale/roof-repairs/johannesburg-roofing","Meredale, Johannesburg, Gauteng","Repairs","Cell:","071 545 5541","tel:0715455541","Email:","johannesburgroofing@gmail.com","mailto:johannesburgroofing@gmail.com","Visit
                                        Website","http://www.johannesburgroofing.co.za/","https://www.brabys.com/za/roofing-contractors?page=13#","","","","Update Your Business Info"
"https://www.brabys.com/images/logo-placeholder.webp","K D F ROOFING","https://www.brabys.com/za/western-cape/strand/helderberg-ind-park/roofing-contractors/k-d-f-roofing","Helderberg Ind Park, Strand, Western Cape","Roofing Contractors","Cell:","081 516 7534","tel:0815167534","","","","Visit
                                        Website","http://www.kdfroofing.co.za/","https://www.brabys.com/za/roofing-contractors?page=13#","","","","Update Your Business Info"
"https://www.brabys.com/images/logo-placeholder.webp","KARE INDUSTRIAL SUPPLIERS (JHB) (PTY) LTD","https://www.brabys.com/za/gauteng/johannesburg/village-main/industrial-supplies/kare-industrial-suppliers-jhb-pty-ltd","Village Main, Johannesburg, Gauteng","Industrial Supplies","Phone:","011 334 0922","tel:0113340922","","","","More
                                        Information","https://www.brabys.com/za/gauteng/johannesburg/village-main/industrial-supplies/kare-industrial-suppliers-jhb-pty-ltd","https://www.brabys.com/za/roofing-contractors?page=13#","","","","Update Your Business Info"
"https://www.brabys.com/images/logo-placeholder.webp","KARE INDUSTRIAL SUPPLIERS (PTY) LTD","https://www.brabys.com/za/western-cape/cape-town/ysterplaat/roofing-contractors/kare-industrial-suppliers-pty-ltd","Ysterplaat, Cape Town, Western Cape","Roofing Contractors","Phone:","021 592 4577","tel:0215924577","Email:","daniel@kareindustrial.co.za","mailto:daniel@kareindustrial.co.za","More
                                        Information","https://www.brabys.com/za/western-cape/cape-town/ysterplaat/roofing-contractors/kare-industrial-suppliers-pty-ltd","https://www.brabys.com/za/roofing-contractors?page=13#","","","","Update Your Business Info"
"https://www.brabys.com/images/logo-placeholder.webp","KH IMPROVEMENTS","https://www.brabys.com/za/kwazulu-natal/pinetown/painting/kh-improvements","Pinetown, Kwazulu-Natal","Painting","Cell:","082 872 1301","tel:0828721301","Email:","paul@khimprovements.co.za","mailto:paul@khimprovements.co.za","More
                                        Information","https://www.brabys.com/za/kwazulu-natal/pinetown/painting/kh-improvements","https://www.brabys.com/za/roofing-contractors?page=13#","","","","Update Your Business Info"
"https://www.brabys.com/images/logo-placeholder.webp","KHUMALO & SONS CC","https://www.brabys.com/za/gauteng/springs/roofing-contractors/khumalo-sons-cc","Springs, Gauteng","Roofing Contractors","Phone:","011 424 1524","tel:0114241524","Cell:","076 848 3940","tel:0768483940","More
                                        Information","https://www.brabys.com/za/gauteng/springs/roofing-contractors/khumalo-sons-cc","https://www.brabys.com/za/roofing-contractors?page=13#","","","","Update Your Business Info"
"https://www.brabys.com/images/logo-placeholder.webp","KIM KASH ROOFING CC","https://www.brabys.com/za/kwazulu-natal/umhlali/shakas-rock/roofing-contractors/kim-kash-roofing-cc","Shakas Rock, Umhlali, Kwazulu-Natal","Roofing Contractors","Phone:","032 947 0305","tel:0329470305","Email:","kimkashroof@mweb.co.za","mailto:kimkashroof@mweb.co.za","More
                                        Information","https://www.brabys.com/za/kwazulu-natal/umhlali/shakas-rock/roofing-contractors/kim-kash-roofing-cc","https://www.brabys.com/za/roofing-contractors?page=13#","","","","Update Your Business Info"
"https://www.brabys.com/images/logo-placeholder.webp","KIMBO ROOFING & WATERPROOFING","https://www.brabys.com/za/western-cape/milnerton/parklands/roofing-contractors/kimbo-roofing-waterproofing","Parklands, Milnerton, Western Cape","Roofing Contractors","Cell:","064 387 2365","tel:0643872365","Email:","kimboroofingwaterproofing@gmail.com","mailto:kimboroofingwaterproofing@gmail.com","More
                                        Information","https://www.brabys.com/za/western-cape/milnerton/parklands/roofing-contractors/kimbo-roofing-waterproofing","https://www.brabys.com/za/roofing-contractors?page=13#","","","","Update Your Business Info"
"https://www.brabys.com/resize/logos/m/109157/89df5a04c383976e51afb8a82747ae668b86cf95.png","AWNMASTER","https://www.brabys.com/za/kwazulu-natal/pinetown/ashley/carports/awnmaster","Ashley, Pinetown, Kwazulu-Natal","Carports","Phone:","031 701 4003","tel:0317014003","Email:","info@awnmaster.co.za","mailto:info@awnmaster.co.za","Visit
                                        Website","http://www.awnmaster.co.za/","https://www.brabys.com/za/roofing-contractors?page=14#","","","",""
"https://www.brabys.com/resize/logos/m/6194583/45654488955a6bc9967f8efeceb94de1497aebcf.png","DA SILVA & SONS","https://www.brabys.com/za/kwazulu-natal/durban/glen-anil/new-houses/da-silva-sons","Glen Anil, Durban, Kwazulu-Natal","New Houses","Cell:","074 101 2328","tel:0741012328","Email:","carlosslva@telkomsa.net","mailto:carlosslva@telkomsa.net","More
                                        Information","https://www.brabys.com/za/kwazulu-natal/durban/glen-anil/new-houses/da-silva-sons","https://www.brabys.com/za/roofing-contractors?page=14#","","","",""
"https://www.brabys.com/images/logo-placeholder.webp","KING COVER BUILDING SERVICES","https://www.brabys.com/za/eastern-cape/port-elizabeth/central/roofing/king-cover-building-services","Central, Port Elizabeth, Eastern Cape","","Phone:","041 373 5842","tel:0413735842","Cell:","083 653 5840","tel:0836535840","More
                                        Information","https://www.brabys.com/za/eastern-cape/port-elizabeth/central/roofing/king-cover-building-services","https://www.brabys.com/za/roofing-contractors?page=14#","Email:","kingcovermar@gmail.com","mailto:kingcovermar@gmail.com","Update Your Business Info"
"https://www.brabys.com/images/logo-placeholder.webp","KNYSNA ROOFING","https://www.brabys.com/za/western-cape/knysna/knysna-industrial/roofing/knysna-roofing","Knysna Industrial, Knysna, Western Cape","Roofing","Phone:","044 382 6252","tel:0443826252","Email:","accounts@knysnaroofing.co.za","mailto:accounts@knysnaroofing.co.za","More
                                        Information","https://www.brabys.com/za/western-cape/knysna/knysna-industrial/roofing/knysna-roofing","https://www.brabys.com/za/roofing-contractors?page=14#","","","","Update Your Business Info"
"https://www.brabys.com/images/logo-placeholder.webp","KWA WICKS BUILD IT","https://www.brabys.com/za/eastern-cape/maclear/roofing/kwa-wicks-build-it","Maclear, Eastern Cape","Roofing","Phone:","045 932 1511","tel:0459321511","","","","More
                                        Information","https://www.brabys.com/za/eastern-cape/maclear/roofing/kwa-wicks-build-it","https://www.brabys.com/za/roofing-contractors?page=14#","","","","Update Your Business Info"
"https://www.brabys.com/images/logo-placeholder.webp","L C P ROOFING","https://www.brabys.com/za/gauteng/pretoria/zwavelpoort/roofing-contractors/l-c-p-roofing","Zwavelpoort, Pretoria, Gauteng","Roofing Contractors","Phone:","012 811 0452","tel:0128110452","Email:","quote@lcproofing.co.za","mailto:quote@lcproofing.co.za","Visit
                                        Website","http://www.lcproofing.co.za/","https://www.brabys.com/za/roofing-contractors?page=14#","","","","Update Your Business Info"
"https://www.brabys.com/images/logo-placeholder.webp","L P S CONSTRUCTION","https://www.brabys.com/za/kwazulu-natal/kwadukuza/building-contractors/l-p-s-construction","KwaDukuza, Kwazulu-Natal","Building Contractors","Phone:","032 456 2794","tel:0324562794","Email:","lpsconstruction@telkomsa.net","mailto:lpsconstruction@telkomsa.net","More
                                        Information","https://www.brabys.com/za/kwazulu-natal/kwadukuza/building-contractors/l-p-s-construction","https://www.brabys.com/za/roofing-contractors?page=14#","","","","Update Your Business Info"
"https://www.brabys.com/images/logo-placeholder.webp","LAFARGE BRASS ROOFING (PTY) LTD","https://www.brabys.com/za/eastern-cape/east-london/quigney/roofing/lafarge-brass-roofing-pty-ltd","Quigney, East London, Eastern Cape","Roofing","Phone:","043 743 2189","tel:0437432189","Cell:","082 787 7258","tel:0827877258","More
                                        Information","https://www.brabys.com/za/eastern-cape/east-london/quigney/roofing/lafarge-brass-roofing-pty-ltd","https://www.brabys.com/za/roofing-contractors?page=14#","Email:","casey.day@coverlandroofing.com","mailto:casey.day@coverlandroofing.com","Update Your Business Info"
"https://www.brabys.com/images/logo-placeholder.webp","LEAK PROOF ROOFERS","https://www.brabys.com/za/kwazulu-natal/amanzimtoti/doonside/roofing-contractors/leak-proof-roofers","Doonside, Amanzimtoti, Kwazulu-Natal","Roofing Contractors","Cell:","071 252 1519","tel:0712521519","","","","More
                                        Information","https://www.brabys.com/za/kwazulu-natal/amanzimtoti/doonside/roofing-contractors/leak-proof-roofers","https://www.brabys.com/za/roofing-contractors?page=14#","","","","Update Your Business Info"
"https://www.brabys.com/images/logo-placeholder.webp","LEAKY ROOFS","https://www.brabys.com/za/kwazulu-natal/hillcrest/waterfall/roof-repairs/leaky-roofs","Waterfall, Hillcrest, Kwazulu-Natal","Repairs","Phone:","031 762 2154","tel:0317622154","","","","More
                                        Information","https://www.brabys.com/za/kwazulu-natal/hillcrest/waterfall/roof-repairs/leaky-roofs","https://www.brabys.com/za/roofing-contractors?page=14#","","","","Update Your Business Info"
"https://www.brabys.com/images/logo-placeholder.webp","LEITH ROOFING (PTY) LTD","https://www.brabys.com/za/western-cape/cape-town/claremont/roofing-contractors/leith-roofing-pty-ltd","Claremont, Cape Town, Western Cape","Roofing Contractors","Phone:","021 671 3126","tel:0216713126","Email:","info@leithroofing.co.za","mailto:info@leithroofing.co.za","More
                                        Information","https://www.brabys.com/za/western-cape/cape-town/claremont/roofing-contractors/leith-roofing-pty-ltd","https://www.brabys.com/za/roofing-contractors?page=14#","","","","Update Your Business Info"
"https://www.brabys.com/images/logo-placeholder.webp","LEVENBACH BUILDING & ROOFING","https://www.brabys.com/za/western-cape/cape-town/ottery/building-contractors/levenbach-building-roofing","Ottery, Cape Town, Western Cape","Building Contractors","Phone:","021 799 3000","tel:0217993000","Email:","office@levenbach.co.za","mailto:office@levenbach.co.za","More
                                        Information","https://www.brabys.com/za/western-cape/cape-town/ottery/building-contractors/levenbach-building-roofing","https://www.brabys.com/za/roofing-contractors?page=14#","","","","Update Your Business Info"
"https://www.brabys.com/resize/logos/m/109157/89df5a04c383976e51afb8a82747ae668b86cf95.png","AWNMASTER","https://www.brabys.com/za/kwazulu-natal/pinetown/ashley/carports/awnmaster","Ashley, Pinetown, Kwazulu-Natal","Carports","Phone:","031 701 4003","tel:0317014003","Email:","info@awnmaster.co.za","mailto:info@awnmaster.co.za","Visit
                                        Website","http://www.awnmaster.co.za/","https://www.brabys.com/za/roofing-contractors?page=15#","","","",""
"https://www.brabys.com/resize/logos/m/6194583/45654488955a6bc9967f8efeceb94de1497aebcf.png","DA SILVA & SONS","https://www.brabys.com/za/kwazulu-natal/durban/glen-anil/new-houses/da-silva-sons","Glen Anil, Durban, Kwazulu-Natal","New Houses","Cell:","074 101 2328","tel:0741012328","Email:","carlosslva@telkomsa.net","mailto:carlosslva@telkomsa.net","More
                                        Information","https://www.brabys.com/za/kwazulu-natal/durban/glen-anil/new-houses/da-silva-sons","https://www.brabys.com/za/roofing-contractors?page=15#","","","",""
"https://www.brabys.com/images/logo-placeholder.webp","LIBRA ROOFING CC","https://www.brabys.com/za/western-cape/grassy-park/lotus-river/roofing-contractors/libra-roofing-cc","Lotus River, Grassy Park, Western Cape","Roofing Contractors","Phone:","021 706 3199","tel:0217063199","Email:","info@libraroofing.co.za","mailto:info@libraroofing.co.za","More
                                        Information","https://www.brabys.com/za/western-cape/grassy-park/lotus-river/roofing-contractors/libra-roofing-cc","https://www.brabys.com/za/roofing-contractors?page=15#","","","","Update Your Business Info"
"https://www.brabys.com/images/logo-placeholder.webp","LKS PRO RENOVATIONS","https://www.brabys.com/za/eastern-cape/east-london/west-bank/roofing-contractors/lks-pro-renovations","West Bank, East London, Eastern Cape","Roofing Contractors","Cell:","076 174 0433","tel:0761740433","Share Call Fax:","086 694 9855","tel:0866949855","More
                                        Information","https://www.brabys.com/za/eastern-cape/east-london/west-bank/roofing-contractors/lks-pro-renovations","https://www.brabys.com/za/roofing-contractors?page=15#","Email:","renovationspro@gmail.com","mailto:renovationspro@gmail.com","Update Your Business Info"
"https://www.brabys.com/images/logo-placeholder.webp","LUDMAR DAMP AND CRACK REPAIR","https://www.brabys.com/za/gauteng/edenvale/roofing-contractors/ludmar-damp-and-crack-repair","Edenvale, Gauteng","Roofing Contractors","Cell:","082 872 8006","tel:0828728006","Share Call Fax:","086 236 6722","tel:0862366722","Visit
                                        Website","http://www.ludmardampandcrackrepair.co.za/","https://www.brabys.com/za/roofing-contractors?page=15#","Email:","info@ludmardampandcrackrepair.co.za","mailto:info@ludmardampandcrackrepair.co.za","Update Your Business Info"
"https://www.brabys.com/images/logo-placeholder.webp","LYDENBURG DAKKAPPE CC","https://www.brabys.com/za/mpumalanga/lydenburg/wooden-houses/lydenburg-dakkappe-cc","Lydenburg, Mpumalanga","Wooden Houses","Phone:","013 235 1106","tel:0132351106","Cell:","082 601 7888","tel:0826017888","More
                                        Information","https://www.brabys.com/za/mpumalanga/lydenburg/wooden-houses/lydenburg-dakkappe-cc","https://www.brabys.com/za/roofing-contractors?page=15#","Email:","lyddak@xsinet.co.za","mailto:lyddak@xsinet.co.za","Update Your Business Info"
"https://www.brabys.com/images/logo-placeholder.webp","LYDENBURG TEGNIESE DIENSTE H/A TRUSSFAB CK","https://www.brabys.com/za/mpumalanga/lydenburg/roofing-contractors/lydenburg-tegniese-dienste-ha-trussfab-ck","Lydenburg, Mpumalanga","Roofing Contractors","Phone:","013 235 4917","tel:0132354917","Cell:","082 890 5884","tel:0828905884","More
                                        Information","https://www.brabys.com/za/mpumalanga/lydenburg/roofing-contractors/lydenburg-tegniese-dienste-ha-trussfab-ck","https://www.brabys.com/za/roofing-contractors?page=15#","Email:","trussfab@polka.co.za","mailto:trussfab@polka.co.za","Update Your Business Info"
"https://www.brabys.com/images/logo-placeholder.webp","M B ROOFING (PTY) LTD","https://www.brabys.com/za/western-cape/somerset-west/westridge/roofing-contractors/m-b-roofing-pty-ltd","Westridge, Somerset West, Western Cape","Roofing Contractors","Cell:","082 772 7260","tel:0827727260","","","","More
                                        Information","https://www.brabys.com/za/western-cape/somerset-west/westridge/roofing-contractors/m-b-roofing-pty-ltd","https://www.brabys.com/za/roofing-contractors?page=15#","","","","Update Your Business Info"
"https://www.brabys.com/images/logo-placeholder.webp","M G ROOFING","https://www.brabys.com/za/western-cape/cape-town/ottery/waterproofing/m-g-roofing","Ottery, Cape Town, Western Cape","Waterproofing","Cell:","062 960 6731","tel:0629606731","Email:","info@mgroofing.co.za","mailto:info@mgroofing.co.za","Visit
                                        Website","http://www.mgroofing.co.za/","https://www.brabys.com/za/roofing-contractors?page=15#","","","","Update Your Business Info"
"https://www.brabys.com/images/logo-placeholder.webp","MARITZ HC ROOFERS","https://www.brabys.com/za/gauteng/randburg/roofing-contractors/maritz-hc-roofers","Randburg, Gauteng","Roofing Contractors","Phone:","011 326 3056","tel:0113263056","","","","Visit
                                        Website","http://www.dokick.com/","https://www.brabys.com/za/roofing-contractors?page=15#","","","","Update Your Business Info"
"https://www.brabys.com/images/logo-placeholder.webp","MARLEY ROOFING","https://www.brabys.com/za/gauteng/midrand/clayville/roofing-contractors/marley-roofing","Clayville, Midrand, Gauteng","Roofing Contractors","Phone:","010 600 0284","tel:0106000284","","","","Visit
                                        Website","http://www.marleyroofing.co.za/","https://www.brabys.com/za/roofing-contractors?page=15#","","","","Update Your Business Info"
"https://www.brabys.com/images/logo-placeholder.webp","MARLEY ROOFING","https://www.brabys.com/za/gauteng/bronkhorstspruit/ekandustria/roofing-contractors/marley-roofing","Ekandustria, Bronkhorstspruit, Gauteng","Roofing Contractors","Phone:","013 933 3351","tel:0139333351","Email:","ekreception@marley.co.za","mailto:ekreception@marley.co.za","More
                                        Information","https://www.brabys.com/za/gauteng/bronkhorstspruit/ekandustria/roofing-contractors/marley-roofing","https://www.brabys.com/za/roofing-contractors?page=15#","","","","Update Your Business Info"
"https://www.brabys.com/resize/logos/m/109157/89df5a04c383976e51afb8a82747ae668b86cf95.png","AWNMASTER","https://www.brabys.com/za/kwazulu-natal/pinetown/ashley/carports/awnmaster","Ashley, Pinetown, Kwazulu-Natal","Carports","Phone:","031 701 4003","tel:0317014003","Email:","info@awnmaster.co.za","mailto:info@awnmaster.co.za","Visit
                                        Website","http://www.awnmaster.co.za/","https://www.brabys.com/za/roofing-contractors?page=16#","","","",""
"https://www.brabys.com/resize/logos/m/6194583/45654488955a6bc9967f8efeceb94de1497aebcf.png","DA SILVA & SONS","https://www.brabys.com/za/kwazulu-natal/durban/glen-anil/new-houses/da-silva-sons","Glen Anil, Durban, Kwazulu-Natal","New Houses","Cell:","074 101 2328","tel:0741012328","Email:","carlosslva@telkomsa.net","mailto:carlosslva@telkomsa.net","More
                                        Information","https://www.brabys.com/za/kwazulu-natal/durban/glen-anil/new-houses/da-silva-sons","https://www.brabys.com/za/roofing-contractors?page=16#","","","",""
"https://www.brabys.com/images/logo-placeholder.webp","MEND A ROOF","https://www.brabys.com/za/gauteng/alberton/brackendowns/roof-repairs/mend-a-roof","Brackendowns, Alberton, Gauteng","Repairs","Phone:","011 868 1751","tel:0118681751","Email:","info@mend-aroof.co.za","mailto:info@mend-aroof.co.za","Visit
                                        Website","http://www.mend-aroof.co.za/","https://www.brabys.com/za/roofing-contractors?page=16#","","","","Update Your Business Info"
"https://www.brabys.com/images/logo-placeholder.webp","MIGHTY GROUP","https://www.brabys.com/za/gauteng/randburg/kya-sand/roofing-maintenance-specialists/mighty-group","Kya Sand, Randburg, Gauteng","& Maintenance Specialists","Cell:","061 523 8406","tel:0615238406","Email:","info@mightygroup.co.za","mailto:info@mightygroup.co.za","Visit
                                        Website","http://www.mightygroup.co.za/","https://www.brabys.com/za/roofing-contractors?page=16#","","","","Update Your Business Info"
"https://www.brabys.com/images/logo-placeholder.webp","MIGHTY ROOFING & WATERPROOFING","https://www.brabys.com/za/gauteng/randburg/kya-sand/roofing-contractors/mighty-roofing-waterproofing","Kya Sand, Randburg, Gauteng","Roofing Contractors","Cell:","061 523 8406","tel:0615238406","Email:","info@mightyroofing.co.za","mailto:info@mightyroofing.co.za","Visit
                                        Website","http://www.mightyroofing.co.za/","https://www.brabys.com/za/roofing-contractors?page=16#","","","","Update Your Business Info"
"https://www.brabys.com/images/logo-placeholder.webp","MILLENIUM ROOFING","https://www.brabys.com/za/gauteng/pretoria/hermanstad/roofing-contractors/millenium-roofing","Hermanstad, Pretoria, Gauteng","Roofing Contractors","Phone:","012 377 3553","tel:0123773553","Email:","info@mroofing.co.za","mailto:info@mroofing.co.za","More
                                        Information","https://www.brabys.com/za/gauteng/pretoria/hermanstad/roofing-contractors/millenium-roofing","https://www.brabys.com/za/roofing-contractors?page=16#","","","","Update Your Business Info"
"https://www.brabys.com/images/logo-placeholder.webp","MJC INDUSTRIAL ROOFING","https://www.brabys.com/za/kwazulu-natal/durban/rossburgh/industrial-roofing-contractors/mjc-industrial-roofing","Rossburgh, Durban, Kwazulu-Natal","Industrial Roofing Contractors","Phone:","031 465 1368","tel:0314651368","Email:","mail@mjcheater.co.za","mailto:mail@mjcheater.co.za","Visit
                                        Website","http://www.mjcheater.co.za/","https://www.brabys.com/za/roofing-contractors?page=16#","","","","Update Your Business Info"
"https://www.brabys.com/images/logo-placeholder.webp","MR PHINEAS CONSTRUCTION","https://www.brabys.com/za/gauteng/kempton-park/tembisa/roofing/mr-phineas-construction","Tembisa, Kempton Park, Gauteng","Roofing","Cell:","072 497 1336","tel:0724971336","Email:","083 479 6065","tel:0834796065","More
                                        Information","https://www.brabys.com/za/gauteng/kempton-park/tembisa/roofing/mr-phineas-construction","https://www.brabys.com/za/roofing-contractors?page=16#","","phineas1982@gmail.com","mailto:phineas1982@gmail.com","Update Your Business Info"
"https://www.brabys.com/images/logo-placeholder.webp","MSULENI STEELWORK TRADING","https://www.brabys.com/za/kwazulu-natal/pietermaritzburg/roofing-contractors/msuleni-steelwork-trading","Pietermaritzburg, Kwazulu-Natal","Roofing Contractors","Cell:","072 180 1281","tel:0721801281","Share Call Fax:","073 549 2259","tel:0735492259","More
                                        Information","https://www.brabys.com/za/kwazulu-natal/pietermaritzburg/roofing-contractors/msuleni-steelwork-trading","https://www.brabys.com/za/roofing-contractors?page=16#","Email:","086 247 4899","tel:0862474899","Update Your Business Info"
"https://www.brabys.com/images/logo-placeholder.webp","N J R ROOFING","https://www.brabys.com/za/kwazulu-natal/verulam/missionlands/roofing-contractors/n-j-r-roofing","Missionlands, Verulam, Kwazulu-Natal","Roofing Contractors","Phone:","032 533 1546","tel:0325331546","Email:","njr_roof@telkomsa.net","mailto:njr_roof@telkomsa.net","More
                                        Information","https://www.brabys.com/za/kwazulu-natal/verulam/missionlands/roofing-contractors/n-j-r-roofing","https://www.brabys.com/za/roofing-contractors?page=16#","","","","Update Your Business Info"
"https://www.brabys.com/images/logo-placeholder.webp","NAPIERS ROOFING CEILING SUPPLIES","https://www.brabys.com/za/western-cape/milnerton/table-view/roofing/napiers-roofing-ceiling-supplies","Table View, Milnerton, Western Cape","Roofing","Phone:","021 557 9798","tel:0215579798","Email:","n.napier@live.co.za","mailto:n.napier@live.co.za","More
                                        Information","https://www.brabys.com/za/western-cape/milnerton/table-view/roofing/napiers-roofing-ceiling-supplies","https://www.brabys.com/za/roofing-contractors?page=16#","","","","Update Your Business Info"
"https://www.brabys.com/images/logo-placeholder.webp","NURITE ROOFING & BUILDING SPECIALISTS","https://www.brabys.com/za/free-state/bloemfontein/pellissier/roofing-contractors/nurite-roofing-building-specialists","Pellissier, Bloemfontein, Free State","Roofing Contractors","Phone:","051 422 4075","tel:0514224075","Email:","nuriteroof@webmail.co.za","mailto:nuriteroof@webmail.co.za","More
                                        Information","https://www.brabys.com/za/free-state/bloemfontein/pellissier/roofing-contractors/nurite-roofing-building-specialists","https://www.brabys.com/za/roofing-contractors?page=16#","","","","Update Your Business Info"
"https://www.brabys.com/resize/logos/m/109157/89df5a04c383976e51afb8a82747ae668b86cf95.png","AWNMASTER","https://www.brabys.com/za/kwazulu-natal/pinetown/ashley/carports/awnmaster","Ashley, Pinetown, Kwazulu-Natal","Carports","Phone:","031 701 4003","tel:0317014003","Email:","info@awnmaster.co.za","mailto:info@awnmaster.co.za","Visit
                                        Website","http://www.awnmaster.co.za/","https://www.brabys.com/za/roofing-contractors?page=17#","","","",""
"https://www.brabys.com/resize/logos/m/6194583/45654488955a6bc9967f8efeceb94de1497aebcf.png","DA SILVA & SONS","https://www.brabys.com/za/kwazulu-natal/durban/glen-anil/new-houses/da-silva-sons","Glen Anil, Durban, Kwazulu-Natal","New Houses","Cell:","074 101 2328","tel:0741012328","Email:","carlosslva@telkomsa.net","mailto:carlosslva@telkomsa.net","More
                                        Information","https://www.brabys.com/za/kwazulu-natal/durban/glen-anil/new-houses/da-silva-sons","https://www.brabys.com/za/roofing-contractors?page=17#","","","",""
"https://www.brabys.com/images/logo-placeholder.webp","ON TIME TRUSSES","https://www.brabys.com/za/gauteng/heidelberg-g/central/roofing-contractors/on-time-trusses","Central, Heidelberg (G), Gauteng","Roofing Contractors","Phone:","016 349 5050","tel:0163495050","Email:","bok@ontimetrusses.co.za","mailto:bok@ontimetrusses.co.za","More
                                        Information","https://www.brabys.com/za/gauteng/heidelberg-g/central/roofing-contractors/on-time-trusses","https://www.brabys.com/za/roofing-contractors?page=17#","","","","Update Your Business Info"
"https://www.brabys.com/images/logo-placeholder.webp","OUTA AFRICA PROJECTS","https://www.brabys.com/za/kwazulu-natal/hillcrest/waterfall/roofing-contractors/outa-africa-projects","Waterfall, Hillcrest, Kwazulu-Natal","Roofing Contractors","Cell:","082 711 0321","tel:0827110321","Email:","dalan@outaafrica.co.za","mailto:dalan@outaafrica.co.za","Visit
                                        Website","http://www.outaafrica.co.za/","https://www.brabys.com/za/roofing-contractors?page=17#","","","","Update Your Business Info"
"https://www.brabys.com/images/logo-placeholder.webp","OUTENIQUA ROOFING AND PEST CONTROL","https://www.brabys.com/za/western-cape/george/eastern-extension/pest-control/outeniqua-roofing-and-pest-control","Eastern Extension, George, Western Cape","Pest Control","Phone:","044 874 3204","tel:0448743204","Cell:","083 261 5927","tel:0832615927","More
                                        Information","https://www.brabys.com/za/western-cape/george/eastern-extension/pest-control/outeniqua-roofing-and-pest-control","https://www.brabys.com/za/roofing-contractors?page=17#","","","","Update Your Business Info"
"https://www.brabys.com/images/logo-placeholder.webp","OWALSKY'S MAINTENANCE","https://www.brabys.com/za/eastern-cape/port-elizabeth/normanville/roofing-contractors/owalskys-maintenance","Normanville, Port Elizabeth, Eastern Cape","Roofing Contractors","Phone:","041 583 2498","tel:0415832498","Cell:","082 564 2344","tel:0825642344","More
                                        Information","https://www.brabys.com/za/eastern-cape/port-elizabeth/normanville/roofing-contractors/owalskys-maintenance","https://www.brabys.com/za/roofing-contractors?page=17#","","","","Update Your Business Info"
"https://www.brabys.com/images/logo-placeholder.webp","PENDULUM ROOFING & CEILING","https://www.brabys.com/za/mpumalanga/emalahleni/emalahleni-ext-8/roofing/pendulum-roofing-ceiling","Emalahleni Ext 8, Emalahleni, Mpumalanga","","Phone:","086 176 6346","tel:0861766346","Email:","sales@pcom.co.za","mailto:sales@pcom.co.za","Visit
                                        Website","http://www.pcom.co.za/","https://www.brabys.com/za/roofing-contractors?page=17#","","","","Update Your Business Info"
"https://www.brabys.com/images/logo-placeholder.webp","PERMATEX","https://www.brabys.com/za/gauteng/randburg/roofing-contractors/permatex","Randburg, Gauteng","Roofing Contractors","Phone:","011 792 7740","tel:0117927740","","","","More
                                        Information","https://www.brabys.com/za/gauteng/randburg/roofing-contractors/permatex","https://www.brabys.com/za/roofing-contractors?page=17#","","","","Update Your Business Info"
"https://www.brabys.com/images/logo-placeholder.webp","PHAMA ROOFING & INTERIORS (PTY) LTD","https://www.brabys.com/za/kwazulu-natal/pietermaritzburg/scottsville/roofing-contractors/phama-roofing-interiors-pty-ltd","Scottsville, Pietermaritzburg, Kwazulu-Natal","Roofing Contractors","Cell:","071 165 5396","tel:0711655396","","","","More
                                        Information","https://www.brabys.com/za/kwazulu-natal/pietermaritzburg/scottsville/roofing-contractors/phama-roofing-interiors-pty-ltd","https://www.brabys.com/za/roofing-contractors?page=17#","","","","Update Your Business Info"
"https://www.brabys.com/images/logo-placeholder.webp","PHILCOL ROOFING & WATERPROOFING CONSULTANTS & CONTRACTORS (PTY) LTD","https://www.brabys.com/za/kwazulu-natal/durban/umbilo/waterproofing-contractors/philcol-roofing-waterproofing-consultants-contractors-pty-ltd","Umbilo, Durban, Kwazulu-Natal","Waterproofing Contractors","Phone:","031 465 9204","tel:0314659204","Cell:","031 465 9234","tel:0314659234","More
                                        Information","https://www.brabys.com/za/kwazulu-natal/durban/umbilo/waterproofing-contractors/philcol-roofing-waterproofing-consultants-contractors-pty-ltd","https://www.brabys.com/za/roofing-contractors?page=17#","Email:","083 383 3627","tel:0833833627","Update Your Business Info"
"https://www.brabys.com/images/logo-placeholder.webp","POLY ROOFING","https://www.brabys.com/za/eastern-cape/port-elizabeth/chelsea/roofing/poly-roofing","Chelsea, Port Elizabeth, Eastern Cape","Roofing","Phone:","041 367 3755","tel:0413673755","Email:","polyroofing@telkomsa.net","mailto:polyroofing@telkomsa.net","More
                                        Information","https://www.brabys.com/za/eastern-cape/port-elizabeth/chelsea/roofing/poly-roofing","https://www.brabys.com/za/roofing-contractors?page=17#","","","","Update Your Business Info"
"https://www.brabys.com/images/logo-placeholder.webp","POLY SPRAY SA (PTY) LTD","https://www.brabys.com/za/gauteng/centurion/gateway-ind-park/roofing-contractors/poly-spray-sa-pty-ltd","Gateway Ind Park, Centurion, Gauteng","Roofing Contractors","Cell:","083 500 8210","tel:0835008210","Email:","info@polyspray.co.za","mailto:info@polyspray.co.za","Visit
                                        Website","http://www.polyspray.co.za/","https://www.brabys.com/za/roofing-contractors?page=17#","","","","Update Your Business Info"
"https://www.brabys.com/resize/logos/m/109157/89df5a04c383976e51afb8a82747ae668b86cf95.png","AWNMASTER","https://www.brabys.com/za/kwazulu-natal/pinetown/ashley/carports/awnmaster","Ashley, Pinetown, Kwazulu-Natal","Carports","Phone:","031 701 4003","tel:0317014003","Email:","info@awnmaster.co.za","mailto:info@awnmaster.co.za","Visit
                                        Website","http://www.awnmaster.co.za/","https://www.brabys.com/za/roofing-contractors?page=18#","","","",""
"https://www.brabys.com/resize/logos/m/6194583/45654488955a6bc9967f8efeceb94de1497aebcf.png","DA SILVA & SONS","https://www.brabys.com/za/kwazulu-natal/durban/glen-anil/new-houses/da-silva-sons","Glen Anil, Durban, Kwazulu-Natal","New Houses","Cell:","074 101 2328","tel:0741012328","Email:","carlosslva@telkomsa.net","mailto:carlosslva@telkomsa.net","More
                                        Information","https://www.brabys.com/za/kwazulu-natal/durban/glen-anil/new-houses/da-silva-sons","https://www.brabys.com/za/roofing-contractors?page=18#","","","",""
"https://www.brabys.com/resize/logos/m/6145803/premiumroofinglogo.jpg","PREMIUM ROOFING & PAINTING","https://www.brabys.com/za/kwazulu-natal/hillcrest/waterfall/roofing-contractors/premium-roofing-painting","Waterfall, Hillcrest, Kwazulu-Natal","Roofing Contractors","Cell:","076 393 3326","tel:0763933326","Email:","ryanfinch001@gmail.com","mailto:ryanfinch001@gmail.com","Visit
                                        Website","http://www.premiumroofing.co.za/","https://www.brabys.com/za/roofing-contractors?page=18#","","","","Update Your Business Info"
"https://www.brabys.com/images/logo-placeholder.webp","PRIZE ROOFING CC","https://www.brabys.com/za/western-cape/parow/parow-east/roofing/prize-roofing-cc","Parow East, Parow, Western Cape","","Phone:","021 939 6533","tel:0219396533","Email:","info@prizeroofing.co.za","mailto:info@prizeroofing.co.za","More
                                        Information","https://www.brabys.com/za/western-cape/parow/parow-east/roofing/prize-roofing-cc","https://www.brabys.com/za/roofing-contractors?page=18#","","","","Update Your Business Info"
"https://www.brabys.com/images/logo-placeholder.webp","PRO ROOF STEEL & TUBE (PTA) (PTY) LTD","https://www.brabys.com/za/gauteng/pretoria/klerksoord/roofing-steel-merchants/pro-roof-steel-tube-pta-pty-ltd","Klerksoord, Pretoria, Gauteng","Roofing & Steel Merchants","Phone:","012 542 7554","tel:0125427554","Email:","adminpta@proroof.co.za","mailto:adminpta@proroof.co.za","Visit
                                        Website","http://www.proroof.co.za/","https://www.brabys.com/za/roofing-contractors?page=18#","","","","Update Your Business Info"
"https://www.brabys.com/images/logo-placeholder.webp","PROACTIVE ROOFING CC","https://www.brabys.com/za/western-cape/strand/twin-palms/roofing-contractors/proactive-roofing-cc","Twin Palms, Strand, Western Cape","Roofing Contractors","Cell:","073 641 1150","tel:0736411150","Email:","proactiveroofing@outlook.com","mailto:proactiveroofing@outlook.com","Visit
                                        Website","http://www.proactiveroofing.co.za/","https://www.brabys.com/za/roofing-contractors?page=18#","","","","Update Your Business Info"
"https://www.brabys.com/images/logo-placeholder.webp","PROMINENT ROOFING","https://www.brabys.com/za/eastern-cape/port-elizabeth/perridgevale/ceilings-partitions/prominent-roofing","Perridgevale, Port Elizabeth, Eastern Cape","Ceilings & Partitions","Phone:","041 373 6060","tel:0413736060","Email:","prominentroofing@telkomsa.net","mailto:prominentroofing@telkomsa.net","More
                                        Information","https://www.brabys.com/za/eastern-cape/port-elizabeth/perridgevale/ceilings-partitions/prominent-roofing","https://www.brabys.com/za/roofing-contractors?page=18#","","","","Update Your Business Info"
"https://www.brabys.com/images/logo-placeholder.webp","PROMPT ROOFING","https://www.brabys.com/za/gauteng/benoni/nortons-home-est/roof-repairs/prompt-roofing","Norton's Home Est, Benoni, Gauteng","Repairs","Phone:","011 392 2809","tel:0113922809","Email:","sales@promptroofing.co.za","mailto:sales@promptroofing.co.za","Visit
                                        Website","http://www.promptroofing.co.za/","https://www.brabys.com/za/roofing-contractors?page=18#","","","","Update Your Business Info"
"https://www.brabys.com/images/logo-placeholder.webp","QUALIFIED ROOFERS CC","https://www.brabys.com/za/western-cape/mitchells-plain/strandfontein/waterproofing-contractors/qualified-roofers-cc","Strandfontein, Mitchell's Plain, Western Cape","Waterproofing Contractors","Cell:","083 597 7361","tel:0835977361","Email:","qualifiedroofers01@gmail.com","mailto:qualifiedroofers01@gmail.com","Visit
                                        Website","http://www.qualified-roofers.co.za/","https://www.brabys.com/za/roofing-contractors?page=18#","","","","Update Your Business Info"
"https://www.brabys.com/images/logo-placeholder.webp","QUALITY FIX ROOFING","https://www.brabys.com/za/gauteng/edenvale/modderfontein/roofing-contractors/quality-fix-roofing","Modderfontein, Edenvale, Gauteng","Roofing Contractors","Phone:","011 608 0066","tel:0116080066","Email:","info@qfr.co.za","mailto:info@qfr.co.za","Visit
                                        Website","http://www.qfr.co.za/","https://www.brabys.com/za/roofing-contractors?page=18#","","","","Update Your Business Info"
"https://www.brabys.com/resize/logos/m/5845886/rsconlogo.jpg","R & S CONTRACTING SERVICES","https://www.brabys.com/za/kwazulu-natal/new-germany/roofing-contractors/r-s-contracting-services","New Germany, Kwazulu-Natal","Roofing Contractors","Phone:","031 705 8056","tel:0317058056","Share Call Fax:","031 705 8057","tel:0317058057","Visit
                                        Website","http://www.rscon.co.za/","https://www.brabys.com/za/roofing-contractors?page=18#","Email:","086 730 3135","tel:0867303135","Update Your Business Info"
"https://www.brabys.com/images/logo-placeholder.webp","R V SMITH CC","https://www.brabys.com/za/eastern-cape/east-london/north-end/aluminium-guttering-services/r-v-smith-cc","North End, East London, Eastern Cape","Aluminium Guttering Services","Phone:","043 743 0207","tel:0437430207","Cell:","083 295 1631","tel:0832951631","Visit
                                        Website","http://www.rvsmith.co.za/","https://www.brabys.com/za/roofing-contractors?page=18#","Share Call Fax:","086 555 3700","tel:0865553700","Update Your Business Info"
"https://www.brabys.com/resize/logos/m/109157/89df5a04c383976e51afb8a82747ae668b86cf95.png","AWNMASTER","https://www.brabys.com/za/kwazulu-natal/pinetown/ashley/carports/awnmaster","Ashley, Pinetown, Kwazulu-Natal","Carports","Phone:","031 701 4003","tel:0317014003","Email:","info@awnmaster.co.za","mailto:info@awnmaster.co.za","Visit
                                        Website","http://www.awnmaster.co.za/","https://www.brabys.com/za/roofing-contractors?page=19#","","","",""
"https://www.brabys.com/resize/logos/m/6194583/45654488955a6bc9967f8efeceb94de1497aebcf.png","DA SILVA & SONS","https://www.brabys.com/za/kwazulu-natal/durban/glen-anil/new-houses/da-silva-sons","Glen Anil, Durban, Kwazulu-Natal","New Houses","Cell:","074 101 2328","tel:0741012328","Email:","carlosslva@telkomsa.net","mailto:carlosslva@telkomsa.net","More
                                        Information","https://www.brabys.com/za/kwazulu-natal/durban/glen-anil/new-houses/da-silva-sons","https://www.brabys.com/za/roofing-contractors?page=19#","","","",""
"https://www.brabys.com/images/logo-placeholder.webp","R W ROOFSPRAY & WALLCOATING","https://www.brabys.com/za/gauteng/edenvale/wall-coatings/r-w-roofspray-wallcoating","Edenvale, Gauteng","Wall Coatings","Phone:","011 452 2917","tel:0114522917","Share Call Fax:","086 545 9145","tel:0865459145","More
                                        Information","https://www.brabys.com/za/gauteng/edenvale/wall-coatings/r-w-roofspray-wallcoating","https://www.brabys.com/za/roofing-contractors?page=19#","Email:","rwroofspray@vodamail.co.za","mailto:rwroofspray@vodamail.co.za","Update Your Business Info"
"https://www.brabys.com/images/logo-placeholder.webp","RAINBOW SHEETERS & ERECTORS CC","https://www.brabys.com/za/gauteng/kempton-park/van-riebeeck-park/industrial-roofing-contractors/rainbow-sheeters-erectors-cc","Van Riebeeck Park, Kempton Park, Gauteng","Industrial Roofing Contractors","Phone:","011 976 1892","tel:0119761892","Email:","rainbowroof@mweb.co.za","mailto:rainbowroof@mweb.co.za","More
                                        Information","https://www.brabys.com/za/gauteng/kempton-park/van-riebeeck-park/industrial-roofing-contractors/rainbow-sheeters-erectors-cc","https://www.brabys.com/za/roofing-contractors?page=19#","","","","Update Your Business Info"
"https://www.brabys.com/images/logo-placeholder.webp","RAINBOW WATERPROOFING AND ROOF REPAIRS","https://www.brabys.com/za/gauteng/roodepoort/witpoortjie/roofing/rainbow-waterproofing-and-roof-repairs","Witpoortjie, Roodepoort, Gauteng","","Phone:","011 057 7007","tel:0110577007","Share Call Fax:","086 511 0541","tel:0865110541","Visit
                                        Website","http://www.rainbowwaterproofing.co.za/","https://www.brabys.com/za/roofing-contractors?page=19#","Email:","info@rainbowwaterproofing.co.za","mailto:info@rainbowwaterproofing.co.za","Update Your Business Info"
"https://www.brabys.com/images/logo-placeholder.webp","RELIABLE-SHEETMETAL FABRICATION & ROOFING","https://www.brabys.com/za/kwazulu-natal/verulam/riverview-park/steel-fabricators/reliable-sheetmetal-fabrication-roofing","Riverview Park, Verulam, Kwazulu-Natal","Steel Fabricators","Phone:","032 533 2058","tel:0325332058","Email:","reliable@reliableroofing.co.za","mailto:reliable@reliableroofing.co.za","More
                                        Information","https://www.brabys.com/za/kwazulu-natal/verulam/riverview-park/steel-fabricators/reliable-sheetmetal-fabrication-roofing","https://www.brabys.com/za/roofing-contractors?page=19#","","","","Update Your Business Info"
"https://www.brabys.com/images/logo-placeholder.webp","ROBBIE TECH TRADING","https://www.brabys.com/za/mpumalanga/mbombela/domestic-appliances/robbie-tech-trading","Mbombela, Mpumalanga","Domestic Appliances","Phone:","013 752 4873","tel:0137524873","Email:","toprob@mweb.co.za","mailto:toprob@mweb.co.za","More
                                        Information","https://www.brabys.com/za/mpumalanga/mbombela/domestic-appliances/robbie-tech-trading","https://www.brabys.com/za/roofing-contractors?page=19#","","","","Update Your Business Info"
"https://www.brabys.com/images/logo-placeholder.webp","ROBERTS ROOFING & RENOVATIONS","https://www.brabys.com/za/western-cape/cape-town/plumstead/roof-repairs/roberts-roofing-renovations","Plumstead, Cape Town, Western Cape","Repairs","Phone:","021 762 1763","tel:0217621763","Email:","office@robertsroofing.co.za","mailto:office@robertsroofing.co.za","More
                                        Information","https://www.brabys.com/za/western-cape/cape-town/plumstead/roof-repairs/roberts-roofing-renovations","https://www.brabys.com/za/roofing-contractors?page=19#","","","","Update Your Business Info"
"https://www.brabys.com/images/logo-placeholder.webp","ROME ROOFING","https://www.brabys.com/za/western-cape/cape-town/brooklyn/roofing/rome-roofing","Brooklyn, Cape Town, Western Cape","Roofing","Phone:","021 552 2780","tel:0215522780","Email:","reception@romeroofing.co.za","mailto:reception@romeroofing.co.za","Visit
                                        Website","http://www.romeroofing.co.za/","https://www.brabys.com/za/roofing-contractors?page=19#","","","","Update Your Business Info"
"https://www.brabys.com/images/logo-placeholder.webp","ROOF & ALL","https://www.brabys.com/za/gauteng/pretoria/rietfontein/roofing-contractors/roof-all","Rietfontein, Pretoria, Gauteng","Roofing Contractors","Cell:","084 304 3096","tel:0843043096","Email:","sales@roofandall.co.za","mailto:sales@roofandall.co.za","Visit
                                        Website","http://www.roofandall.co.za/","https://www.brabys.com/za/roofing-contractors?page=19#","","","","Update Your Business Info"
"https://www.brabys.com/images/logo-placeholder.webp","ROOF BOSS","https://www.brabys.com/za/kwazulu-natal/durban/broadway/waterproofing/roof-boss","Broadway, Durban, Kwazulu-Natal","Waterproofing","Cell:","076 735 8544","tel:0767358544","Email:","info@roofboss.co.za","mailto:info@roofboss.co.za","More
                                        Information","https://www.brabys.com/za/kwazulu-natal/durban/broadway/waterproofing/roof-boss","https://www.brabys.com/za/roofing-contractors?page=19#","","","","Update Your Business Info"
"https://www.brabys.com/images/logo-placeholder.webp","ROOF BUDDIES","https://www.brabys.com/za/gauteng/centurion/clubview-ext-2/roof-painting/roof-buddies","Clubview Ext 2, Centurion, Gauteng","Roof Painting","Cell:","067 927 2357","tel:0679272357","Email:","info@roofbuddies.co.za","mailto:info@roofbuddies.co.za","Visit
                                        Website","http://www.roofbuddies.co.za/","https://www.brabys.com/za/roofing-contractors?page=19#","","","","Update Your Business Info"
"https://www.brabys.com/resize/logos/m/109157/89df5a04c383976e51afb8a82747ae668b86cf95.png","AWNMASTER","https://www.brabys.com/za/kwazulu-natal/pinetown/ashley/carports/awnmaster","Ashley, Pinetown, Kwazulu-Natal","Carports","Phone:","031 701 4003","tel:0317014003","Email:","info@awnmaster.co.za","mailto:info@awnmaster.co.za","Visit
                                        Website","http://www.awnmaster.co.za/","https://www.brabys.com/za/roofing-contractors?page=20#","","","",""
"https://www.brabys.com/resize/logos/m/6194583/45654488955a6bc9967f8efeceb94de1497aebcf.png","DA SILVA & SONS","https://www.brabys.com/za/kwazulu-natal/durban/glen-anil/new-houses/da-silva-sons","Glen Anil, Durban, Kwazulu-Natal","New Houses","Cell:","074 101 2328","tel:0741012328","Email:","carlosslva@telkomsa.net","mailto:carlosslva@telkomsa.net","More
                                        Information","https://www.brabys.com/za/kwazulu-natal/durban/glen-anil/new-houses/da-silva-sons","https://www.brabys.com/za/roofing-contractors?page=20#","","","",""
"https://www.brabys.com/images/logo-placeholder.webp","ROOF INSPECTIONS","https://www.brabys.com/za/gauteng/randburg/jukskei-park/roof-maintenance/roof-inspections","Jukskei Park, Randburg, Gauteng","Maintenance","Phone:","011 658 1022","tel:0116581022","Email:","info@roofinspections.co.za","mailto:info@roofinspections.co.za","Visit
                                        Website","http://www.roofinspections.co.za/","https://www.brabys.com/za/roofing-contractors?page=20#","","","","Update Your Business Info"
"https://www.brabys.com/images/logo-placeholder.webp","ROOF INSULATION","https://www.brabys.com/za/western-cape/milnerton/killarney-gardens/roof-installation/roof-insulation","Killarney Gardens, Milnerton, Western Cape","Roof Installation","Phone:","021 837 1824","tel:0218371824","Email:","sales@roofinsulations.co.za","mailto:sales@roofinsulations.co.za","Visit
                                        Website","http://www.roofinsulations.co.za/","https://www.brabys.com/za/roofing-contractors?page=20#","","","","Update Your Business Info"
"https://www.brabys.com/images/logo-placeholder.webp","ROOF IT","https://www.brabys.com/za/gauteng/vereeniging/roofing-contractors/roof-it","Vereeniging, Gauteng","Roofing Contractors","Phone:","016 421 3748","tel:0164213748","Email:","roofit2020@mweb.co.za","mailto:roofit2020@mweb.co.za","More
                                        Information","https://www.brabys.com/za/gauteng/vereeniging/roofing-contractors/roof-it","https://www.brabys.com/za/roofing-contractors?page=20#","","","","Update Your Business Info"
"https://www.brabys.com/images/logo-placeholder.webp","ROOF LEAKING SERVICES","https://www.brabys.com/za/eastern-cape/port-elizabeth/framesby/roofing-contractors/roof-leaking-services","Framesby, Port Elizabeth, Eastern Cape","Roofing Contractors","Cell:","083 651 4321","tel:0836514321","Email:","ferdijbergh@gmail.com","mailto:ferdijbergh@gmail.com","More
                                        Information","https://www.brabys.com/za/eastern-cape/port-elizabeth/framesby/roofing-contractors/roof-leaking-services","https://www.brabys.com/za/roofing-contractors?page=20#","","","","Update Your Business Info"
"https://www.brabys.com/images/logo-placeholder.webp","ROOF MAINTENANCE SERVICES (PTY) LTD","https://www.brabys.com/za/kwazulu-natal/westville/roof-repairs/roof-maintenance-services-pty-ltd","Westville, Kwazulu-Natal","Roof Repairs","Phone:","031 266 8602","tel:0312668602","Cell:","072 615 0559","tel:0726150559","More
                                        Information","https://www.brabys.com/za/kwazulu-natal/westville/roof-repairs/roof-maintenance-services-pty-ltd","https://www.brabys.com/za/roofing-contractors?page=20#","Email:","rmsroofers@telkomsa.net","mailto:rmsroofers@telkomsa.net","Update Your Business Info"
"https://www.brabys.com/images/logo-placeholder.webp","ROOF PRO","https://www.brabys.com/za/kwazulu-natal/hillcrest/link-hills/roofing-contractors/roof-pro","Link Hills, Hillcrest, Kwazulu-Natal","Roofing Contractors","Phone:","031 762 4557","tel:0317624557","Cell:","074 190 4478","tel:0741904478","Visit
                                        Website","http://www.roofprokzn.co.za/","https://www.brabys.com/za/roofing-contractors?page=20#","Email:","wesley@roofprokzn.co.za","mailto:wesley@roofprokzn.co.za","Update Your Business Info"
"https://www.brabys.com/images/logo-placeholder.webp","ROOF PROOF RESTORATIONS","https://www.brabys.com/za/gauteng/pretoria/wonderboom-a-h/roof-repairs/roof-proof-restorations","Wonderboom A H, Pretoria, Gauteng","Roof Repairs","Cell:","074 353 9560","tel:0743539560","Email:","info@roofproofrestorations.co.za","mailto:info@roofproofrestorations.co.za","Visit
                                        Website","http://www.roofproofrestorations.co.za/","https://www.brabys.com/za/roofing-contractors?page=20#","","","","Update Your Business Info"
"https://www.brabys.com/images/logo-placeholder.webp","ROOF REPAIRS JOHANNESBURG","https://www.brabys.com/za/gauteng/bedfordview/roof-repairs/roof-repairs-johannesburg","Bedfordview, Gauteng","Roof Repairs","Cell:","073 365 4151","tel:0733654151","Email:","roofrepairsjhb@gmail.com","mailto:roofrepairsjhb@gmail.com","Visit
                                        Website","http://www.roof-repairs-johannesburg.co.za/","https://www.brabys.com/za/roofing-contractors?page=20#","","","","Update Your Business Info"
"https://www.brabys.com/images/logo-placeholder.webp","ROOF SOURCE","https://www.brabys.com/za/gauteng/centurion/amberfield/roofing-steel-merchants/roof-source","Amberfield, Centurion, Gauteng","& Steel Merchants","Cell:","074 765 2380","tel:0747652380","Email:","084 581 5787","tel:0845815787","Visit
                                        Website","http://www.roofsource.co.za/","https://www.brabys.com/za/roofing-contractors?page=20#","","quote@roofsource.co.za","mailto:quote@roofsource.co.za","Update Your Business Info"
"https://www.brabys.com/images/logo-placeholder.webp","ROOF SURGEONS","https://www.brabys.com/za/gauteng/alberton/brackenhurst/roofing-contractors/roof-surgeons","Brackenhurst, Alberton, Gauteng","Roofing Contractors","Phone:","011 868 3243","tel:0118683243","Share Call Fax:","086 730 0089","tel:0867300089","More
                                        Information","https://www.brabys.com/za/gauteng/alberton/brackenhurst/roofing-contractors/roof-surgeons","https://www.brabys.com/za/roofing-contractors?page=20#","Email:","admin@roofsurgeon.co.za","mailto:admin@roofsurgeon.co.za","Update Your Business Info"
"https://www.brabys.com/resize/logos/m/109157/89df5a04c383976e51afb8a82747ae668b86cf95.png","AWNMASTER","https://www.brabys.com/za/kwazulu-natal/pinetown/ashley/carports/awnmaster","Ashley, Pinetown, Kwazulu-Natal","Carports","Phone:","031 701 4003","tel:0317014003","Email:","info@awnmaster.co.za","mailto:info@awnmaster.co.za","Visit
                                        Website","http://www.awnmaster.co.za/","https://www.brabys.com/za/roofing-contractors?page=21#","","","",""
"https://www.brabys.com/resize/logos/m/6194583/45654488955a6bc9967f8efeceb94de1497aebcf.png","DA SILVA & SONS","https://www.brabys.com/za/kwazulu-natal/durban/glen-anil/new-houses/da-silva-sons","Glen Anil, Durban, Kwazulu-Natal","New Houses","Cell:","074 101 2328","tel:0741012328","Email:","carlosslva@telkomsa.net","mailto:carlosslva@telkomsa.net","More
                                        Information","https://www.brabys.com/za/kwazulu-natal/durban/glen-anil/new-houses/da-silva-sons","https://www.brabys.com/za/roofing-contractors?page=21#","","","",""
"https://www.brabys.com/images/logo-placeholder.webp","ROOF TOWN CC","https://www.brabys.com/za/kwazulu-natal/chatsworth/silverglen/roofing-truss-manufacturers/roof-town-cc","Silverglen, Chatsworth, Kwazulu-Natal","& Truss Manufacturers","Phone:","031 403 8632","tel:0314038632","Share Call Fax:","031 402 0740","tel:0314020740","More
                                        Information","https://www.brabys.com/za/kwazulu-natal/chatsworth/silverglen/roofing-truss-manufacturers/roof-town-cc","https://www.brabys.com/za/roofing-contractors?page=21#","Email:","086 297 6278","tel:0862976278","Update Your Business Info"
"https://www.brabys.com/images/logo-placeholder.webp","ROOF-IT ROOFING CONSULTANTS","https://www.brabys.com/za/kwazulu-natal/durban/montclair/roofing-contractors/roof-it-roofing-consultants","Montclair, Durban, Kwazulu-Natal","Roofing Contractors","Phone:","031 461 1686","tel:0314611686","Cell:","082 789 5173","tel:0827895173","More
                                        Information","https://www.brabys.com/za/kwazulu-natal/durban/montclair/roofing-contractors/roof-it-roofing-consultants","https://www.brabys.com/za/roofing-contractors?page=21#","Email:","083 359 2126","tel:0833592126","Update Your Business Info"
"https://www.brabys.com/images/logo-placeholder.webp","ROOF-RITE","https://www.brabys.com/za/kwazulu-natal/hillcrest/roof-repairs/roof-rite","Hillcrest, Kwazulu-Natal","Repairs","Cell:","082 709 3488","tel:0827093488","Email:","jfinch@roofrite.co.za","mailto:jfinch@roofrite.co.za","Visit
                                        Website","http://www.roofrite.co.za/","https://www.brabys.com/za/roofing-contractors?page=21#","","","","Update Your Business Info"
"https://www.brabys.com/images/logo-placeholder.webp","ROOF-SPEC 24/7","https://www.brabys.com/za/gauteng/johannesburg/roseacre/roof-repairs/roof-spec-247","Roseacre, Johannesburg, Gauteng","Roof Repairs","Cell:","081 450 5259","tel:0814505259","Email:","roofspec365@gmail.com","mailto:roofspec365@gmail.com","More
                                        Information","https://www.brabys.com/za/gauteng/johannesburg/roseacre/roof-repairs/roof-spec-247","https://www.brabys.com/za/roofing-contractors?page=21#","","","","Update Your Business Info"
"https://www.brabys.com/images/logo-placeholder.webp","ROOFING GUARANTEE COMPANY THE (PTY) LTD","https://www.brabys.com/za/gauteng/pretoria/klerksoord/roofing-contractors/roofing-guarantee-company-the-pty-ltd","Klerksoord, Pretoria, Gauteng","Roofing Contractors","Phone:","012 542 4839","tel:0125424839","Email:","contact@roofing-guarantee.co.za","mailto:contact@roofing-guarantee.co.za","Visit
                                        Website","http://www.roofing-gaurantee.co.za/","https://www.brabys.com/za/roofing-contractors?page=21#","","","","Update Your Business Info"
"https://www.brabys.com/images/logo-placeholder.webp","ROOFING SOLUTIONS","https://www.brabys.com/za/gauteng/pretoria/eloffsdal/roofing-contractors/roofing-solutions","Eloffsdal, Pretoria, Gauteng","Roofing Contractors","Phone:","012 335 1308","tel:0123351308","Cell:","082 502 8714","tel:0825028714","More
                                        Information","https://www.brabys.com/za/gauteng/pretoria/eloffsdal/roofing-contractors/roofing-solutions","https://www.brabys.com/za/roofing-contractors?page=21#","Email:","jvrensee@telkomsa.net","mailto:jvrensee@telkomsa.net","Update Your Business Info"
"https://www.brabys.com/images/logo-placeholder.webp","ROOFLINE","https://www.brabys.com/za/gauteng/alberton/alrode-south/roofing-contractors/roofline","Alrode South, Alberton, Gauteng","Roofing Contractors","Phone:","011 900 3250","tel:0119003250","Cell:","082 800 1835","tel:0828001835","Visit
                                        Website","http://www.roofline.co.za/","https://www.brabys.com/za/roofing-contractors?page=21#","Email:","info@roofline.co.za","mailto:info@roofline.co.za","Update Your Business Info"
"https://www.brabys.com/images/logo-placeholder.webp","ROOFMAN","https://www.brabys.com/za/eastern-cape/port-elizabeth/roof-maintenance/roofman","Port Elizabeth, Eastern Cape","Roof Maintenance","Phone:","041 583 2833","tel:0415832833","Cell:","072 523 6724","tel:0725236724","More
                                        Information","https://www.brabys.com/za/eastern-cape/port-elizabeth/roof-maintenance/roofman","https://www.brabys.com/za/roofing-contractors?page=21#","","","","Update Your Business Info"
"https://www.brabys.com/images/logo-placeholder.webp","ROOFTECH","https://www.brabys.com/za/western-cape/cape-town/wetton/roofing-contractors/rooftech","Wetton, Cape Town, Western Cape","Roofing Contractors","Phone:","021 207 3872","tel:0212073872","Email:","info@rooftech.co.za","mailto:info@rooftech.co.za","Visit
                                        Website","http://www.rooftech.co.za/","https://www.brabys.com/za/roofing-contractors?page=21#","","","","Update Your Business Info"
"https://www.brabys.com/images/logo-placeholder.webp","ROOFTITE PROJECTS","https://www.brabys.com/za/kwazulu-natal/durban/roofing-contractors/rooftite-projects","Durban, Kwazulu-Natal","Roofing Contractors","Cell:","084 640 1760","tel:0846401760","Email:","info@rooftiteprojects.co.za","mailto:info@rooftiteprojects.co.za","Visit
                                        Website","http://www.rooftiteprojects.co.za/","https://www.brabys.com/za/roofing-contractors?page=21#","","","","Update Your Business Info"
"https://www.brabys.com/resize/logos/m/109157/89df5a04c383976e51afb8a82747ae668b86cf95.png","AWNMASTER","https://www.brabys.com/za/kwazulu-natal/pinetown/ashley/carports/awnmaster","Ashley, Pinetown, Kwazulu-Natal","Carports","Phone:","031 701 4003","tel:0317014003","Email:","info@awnmaster.co.za","mailto:info@awnmaster.co.za","Visit
                                        Website","http://www.awnmaster.co.za/","https://www.brabys.com/za/roofing-contractors?page=22#","","","",""
"https://www.brabys.com/resize/logos/m/6194583/45654488955a6bc9967f8efeceb94de1497aebcf.png","DA SILVA & SONS","https://www.brabys.com/za/kwazulu-natal/durban/glen-anil/new-houses/da-silva-sons","Glen Anil, Durban, Kwazulu-Natal","New Houses","Cell:","074 101 2328","tel:0741012328","Email:","carlosslva@telkomsa.net","mailto:carlosslva@telkomsa.net","More
                                        Information","https://www.brabys.com/za/kwazulu-natal/durban/glen-anil/new-houses/da-silva-sons","https://www.brabys.com/za/roofing-contractors?page=22#","","","",""
"https://www.brabys.com/images/logo-placeholder.webp","ROOFTOP CONTRACTORS","https://www.brabys.com/za/gauteng/pretoria/wonderboom-south/roofing-contractors/rooftop-contractors","Wonderboom South, Pretoria, Gauteng","Roofing Contractors","Phone:","012 335 2784","tel:0123352784","Email:","info@rooftopcontractors.co.za","mailto:info@rooftopcontractors.co.za","Visit
                                        Website","http://www.rooftopcontractors.co.za/","https://www.brabys.com/za/roofing-contractors?page=22#","","","","Update Your Business Info"
"https://www.brabys.com/images/logo-placeholder.webp","ROPACE ROOFING","https://www.brabys.com/za/western-cape/cape-town/roofing-contractors/ropace-roofing","Cape Town, Western Cape","Roofing Contractors","Cell:","078 331 6556","tel:0783316556","Email:","jarryd@ropace.co.za","mailto:jarryd@ropace.co.za","Visit
                                        Website","http://www.ropace.co.za/","https://www.brabys.com/za/roofing-contractors?page=22#","","","","Update Your Business Info"
"https://www.brabys.com/images/logo-placeholder.webp","ROSEBANK AND SANDTON ROOFING","https://www.brabys.com/za/gauteng/johannesburg/parkhurst/roofing-contractors/rosebank-and-sandton-roofing","Parkhurst, Johannesburg, Gauteng","Roofing Contractors","Phone:","011 788 5642","tel:0117885642","Share Call Fax:","086 541 5044","tel:0865415044","More
                                        Information","https://www.brabys.com/za/gauteng/johannesburg/parkhurst/roofing-contractors/rosebank-and-sandton-roofing","https://www.brabys.com/za/roofing-contractors?page=22#","Email:","admin@rsroofing.co.za","mailto:admin@rsroofing.co.za","Update Your Business Info"
"https://www.brabys.com/images/logo-placeholder.webp","RSC EKUSASA MINING","https://www.brabys.com/za/gauteng/germiston/wadeville/mining-support/rsc-ekusasa-mining","Wadeville, Germiston, Gauteng","Mining Support","Phone:","011 824 8660","tel:0118248660","Cell:","083 643 7071","tel:0836437071","Visit
                                        Website","http://www.rscekusasa.co.za/","https://www.brabys.com/za/roofing-contractors?page=22#","Email:","rsc@ekusasa.co.za","mailto:rsc@ekusasa.co.za","Update Your Business Info"
"https://www.brabys.com/images/logo-placeholder.webp","RULA ROOFING","https://www.brabys.com/za/western-cape/cape-town/muizenberg/roofing-contractors/rula-roofing","Muizenberg, Cape Town, Western Cape","Roofing Contractors","Cell:","068 367 2859","tel:0683672859","Email:","info@rularoofing.co.za","mailto:info@rularoofing.co.za","Visit
                                        Website","http://www.rularoofing.co.za/","https://www.brabys.com/za/roofing-contractors?page=22#","","","","Update Your Business Info"
"https://www.brabys.com/images/logo-placeholder.webp","S A I S S S CONSTRUCTION","https://www.brabys.com/za/kwazulu-natal/pietermaritzburg/raisethorpe/roofing-contractors/s-a-i-s-s-s-construction","Raisethorpe, Pietermaritzburg, Kwazulu-Natal","Roofing Contractors","Phone:","033 391 4449","tel:0333914449","","","","More
                                        Information","https://www.brabys.com/za/kwazulu-natal/pietermaritzburg/raisethorpe/roofing-contractors/s-a-i-s-s-s-construction","https://www.brabys.com/za/roofing-contractors?page=22#","","","","Update Your Business Info"
"https://www.brabys.com/images/logo-placeholder.webp","S J PAINTING","https://www.brabys.com/za/gauteng/edenvale/roof-repairs/s-j-painting","Edenvale, Gauteng","Repairs","Cell:","083 665 9071","tel:0836659071","","","","More
                                        Information","https://www.brabys.com/za/gauteng/edenvale/roof-repairs/s-j-painting","https://www.brabys.com/za/roofing-contractors?page=22#","","","","Update Your Business Info"
"https://www.brabys.com/images/logo-placeholder.webp","SAFINTRA","https://www.brabys.com/za/kwazulu-natal/new-germany/roofing-contractors/safintra","New Germany, Kwazulu-Natal","Roofing Contractors","Phone:","031 713 3600","tel:0317133600","Email:","john.bricham@safalgroup.com","mailto:john.bricham@safalgroup.com","Visit
                                        Website","http://www.safintra.co.za/","https://www.brabys.com/za/roofing-contractors?page=22#","","","","Update Your Business Info"
"https://www.brabys.com/resize/logos/m/5976956/safintra.jpg.jpg","SAFINTRA HEAD OFFICE","https://www.brabys.com/za/gauteng/boksburg/hughes-ext-31/roofing-manufacturers/safintra-head-office","Hughes Ext 31, Boksburg, Gauteng","Manufacturers","Phone:","011 323 6300","tel:0113236300","Email:","info@safintra.co.za","mailto:info@safintra.co.za","Visit
                                        Website","http://www.safintra.com/","https://www.brabys.com/za/roofing-contractors?page=22#","","","","Update Your Business Info"
"https://www.brabys.com/images/logo-placeholder.webp","SALIE FOR SLATE ROOFING","https://www.brabys.com/za/western-cape/cape-town/schaapkraal/roofing-contractors/salie-for-slate-roofing","Schaapkraal, Cape Town, Western Cape","Roofing Contractors","Phone:","021 396 1881","tel:0213961881","Cell:","083 261 2302","tel:0832612302","More
                                        Information","https://www.brabys.com/za/western-cape/cape-town/schaapkraal/roofing-contractors/salie-for-slate-roofing","https://www.brabys.com/za/roofing-contractors?page=22#","Email:","salieroofing@mweb.co.za","mailto:salieroofing@mweb.co.za","Update Your Business Info"
"https://www.brabys.com/resize/logos/m/109157/89df5a04c383976e51afb8a82747ae668b86cf95.png","AWNMASTER","https://www.brabys.com/za/kwazulu-natal/pinetown/ashley/carports/awnmaster","Ashley, Pinetown, Kwazulu-Natal","Carports","Phone:","031 701 4003","tel:0317014003","Email:","info@awnmaster.co.za","mailto:info@awnmaster.co.za","Visit
                                        Website","http://www.awnmaster.co.za/","https://www.brabys.com/za/roofing-contractors?page=23#","","","",""
"https://www.brabys.com/resize/logos/m/6194583/45654488955a6bc9967f8efeceb94de1497aebcf.png","DA SILVA & SONS","https://www.brabys.com/za/kwazulu-natal/durban/glen-anil/new-houses/da-silva-sons","Glen Anil, Durban, Kwazulu-Natal","New Houses","Cell:","074 101 2328","tel:0741012328","Email:","carlosslva@telkomsa.net","mailto:carlosslva@telkomsa.net","More
                                        Information","https://www.brabys.com/za/kwazulu-natal/durban/glen-anil/new-houses/da-silva-sons","https://www.brabys.com/za/roofing-contractors?page=23#","","","",""
"https://www.brabys.com/images/logo-placeholder.webp","SALIH ROBERTS ROOFING CC","https://www.brabys.com/za/western-cape/kleinmond/roofing-contractors/salih-roberts-roofing-cc","Kleinmond, Western Cape","Roofing Contractors","Phone:","028 271 4925","tel:0282714925","Cell:","082 688 9597","tel:0826889597","More
                                        Information","https://www.brabys.com/za/western-cape/kleinmond/roofing-contractors/salih-roberts-roofing-cc","https://www.brabys.com/za/roofing-contractors?page=23#","Email:","srroofing@telkomsa.net","mailto:srroofing@telkomsa.net","Update Your Business Info"
"https://www.brabys.com/images/logo-placeholder.webp","SAMBO ROOFING","https://www.brabys.com/za/western-cape/grassy-park/lotus-river/roofing/sambo-roofing","Lotus River, Grassy Park, Western Cape","","Phone:","021 706 1233","tel:0217061233","Email:","sambo.roofing@telkomsa.net","mailto:sambo.roofing@telkomsa.net","More
                                        Information","https://www.brabys.com/za/western-cape/grassy-park/lotus-river/roofing/sambo-roofing","https://www.brabys.com/za/roofing-contractors?page=23#","","","","Update Your Business Info"
"https://www.brabys.com/images/logo-placeholder.webp","SANDOWN ROOFING CC","https://www.brabys.com/za/gauteng/sandton/pine-slopes/roofing-contractors/sandown-roofing-cc","Pine Slopes, Sandton, Gauteng","Roofing Contractors","Cell:","083 250 9766","tel:0832509766","Email:","info@sandownroofing.co.za","mailto:info@sandownroofing.co.za","Visit
                                        Website","http://www.sandwonroofing.co.za/","https://www.brabys.com/za/roofing-contractors?page=23#","","","","Update Your Business Info"
"https://www.brabys.com/images/logo-placeholder.webp","SCHELTEMA & CO (PTY) LTD","https://www.brabys.com/za/western-cape/athlone/hatton/ceilings-partitions/scheltema-co-pty-ltd","Hatton, Athlone, Western Cape","Ceilings & Partitions","Phone:","021 638 3121","tel:0216383121","Email:","stuart@scheltema.co.za","mailto:stuart@scheltema.co.za","Visit
                                        Website","http://www.scheltema.co.za/","https://www.brabys.com/za/roofing-contractors?page=23#","","","","Update Your Business Info"
"https://www.brabys.com/images/logo-placeholder.webp","SCOTTWILLIAM CONTRACTS (PTY) LTD","https://www.brabys.com/za/eastern-cape/east-london/cambridge/roofing-contractors/scottwilliam-contracts-pty-ltd","Cambridge, East London, Eastern Cape","Roofing Contractors","Phone:","043 726 5385","tel:0437265385","Email:","wmscott@webmail.co.za","mailto:wmscott@webmail.co.za","More
                                        Information","https://www.brabys.com/za/eastern-cape/east-london/cambridge/roofing-contractors/scottwilliam-contracts-pty-ltd","https://www.brabys.com/za/roofing-contractors?page=23#","","","","Update Your Business Info"
"https://www.brabys.com/images/logo-placeholder.webp","SELATI HARDWARE","https://www.brabys.com/za/limpopo/tzaneen/roofing-contractors/selati-hardware","Tzaneen, Limpopo","Roofing Contractors","Phone:","015 307 3715","tel:0153073715","Cell:","083 259 4617","tel:0832594617","Visit
                                        Website","http://www.selatigroup.co.za/","https://www.brabys.com/za/roofing-contractors?page=23#","Share Call Fax:","086 690 8551","tel:0866908551","Update Your Business Info"
"https://www.brabys.com/images/logo-placeholder.webp","SELECT PROJECTS","https://www.brabys.com/za/limpopo/polokwane/roofing-contractors/select-projects","Polokwane, Limpopo","Roofing Contractors","Phone:","015 297 0135","tel:0152970135","Email:","015 297 3793","tel:0152973793","More
                                        Information","https://www.brabys.com/za/limpopo/polokwane/roofing-contractors/select-projects","https://www.brabys.com/za/roofing-contractors?page=23#","","selectproject@mweb.co.za","mailto:selectproject@mweb.co.za","Update Your Business Info"
"https://www.brabys.com/images/logo-placeholder.webp","SIPOWERFULL CONSTRUCTION CC","https://www.brabys.com/za/kwazulu-natal/queensburgh/queensmead-ind-area/roofing/sipowerfull-construction-cc","Queensmead Ind Area, Queensburgh, Kwazulu-Natal","Roofing","Cell:","074 859 4936","tel:0748594936","","","","More
                                        Information","https://www.brabys.com/za/kwazulu-natal/queensburgh/queensmead-ind-area/roofing/sipowerfull-construction-cc","https://www.brabys.com/za/roofing-contractors?page=23#","","","","Update Your Business Info"
"https://www.brabys.com/images/logo-placeholder.webp","SMDA MAINTENANCE & INDUSTRIAL SUPPLIES (PTY) LTD","https://www.brabys.com/za/kwazulu-natal/empangeni/inyala-park/building-maintenance/smda-maintenance-industrial-supplies-pty-ltd","Inyala Park, Empangeni, Kwazulu-Natal","Building Maintenance","Phone:","035 772 1465","tel:0357721465","Email:","sumeshannaicker01@gmail.com","mailto:sumeshannaicker01@gmail.com","Visit
                                        Website","http://www.smdamaintenance.com/","https://www.brabys.com/za/roofing-contractors?page=23#","","","","Update Your Business Info"
"https://www.brabys.com/images/logo-placeholder.webp","SMITH RV CC","https://www.brabys.com/za/eastern-cape/east-london/north-end/waterproofing-contractors/smith-rv-cc","North End, East London, Eastern Cape","Waterproofing Contractors","Phone:","043 743 3407","tel:0437433407","Email:","inquiries@rvsmith.co.za","mailto:inquiries@rvsmith.co.za","More
                                        Information","https://www.brabys.com/za/eastern-cape/east-london/north-end/waterproofing-contractors/smith-rv-cc","https://www.brabys.com/za/roofing-contractors?page=23#","","","","Update Your Business Info"
"https://www.brabys.com/resize/logos/m/109157/89df5a04c383976e51afb8a82747ae668b86cf95.png","AWNMASTER","https://www.brabys.com/za/kwazulu-natal/pinetown/ashley/carports/awnmaster","Ashley, Pinetown, Kwazulu-Natal","Carports","Phone:","031 701 4003","tel:0317014003","Email:","info@awnmaster.co.za","mailto:info@awnmaster.co.za","Visit
                                        Website","http://www.awnmaster.co.za/","https://www.brabys.com/za/roofing-contractors?page=24#","","","",""
"https://www.brabys.com/resize/logos/m/6194583/45654488955a6bc9967f8efeceb94de1497aebcf.png","DA SILVA & SONS","https://www.brabys.com/za/kwazulu-natal/durban/glen-anil/new-houses/da-silva-sons","Glen Anil, Durban, Kwazulu-Natal","New Houses","Cell:","074 101 2328","tel:0741012328","Email:","carlosslva@telkomsa.net","mailto:carlosslva@telkomsa.net","More
                                        Information","https://www.brabys.com/za/kwazulu-natal/durban/glen-anil/new-houses/da-silva-sons","https://www.brabys.com/za/roofing-contractors?page=24#","","","",""
"https://www.brabys.com/images/logo-placeholder.webp","SMITH RV CC","https://www.brabys.com/za/eastern-cape/port-elizabeth/neave-industrial/waterproofing-contractors/smith-rv-cc","Neave Industrial, Port Elizabeth, Eastern Cape","Waterproofing Contractors","Phone:","041 453 2568","tel:0414532568","Email:","pe@rvsmith.co.za","mailto:pe@rvsmith.co.za","More
                                        Information","https://www.brabys.com/za/eastern-cape/port-elizabeth/neave-industrial/waterproofing-contractors/smith-rv-cc","https://www.brabys.com/za/roofing-contractors?page=24#","","","","Update Your Business Info"
"https://www.brabys.com/images/logo-placeholder.webp","SOLI PUCULA CONSTRUCTION CC","https://www.brabys.com/za/eastern-cape/port-alfred/paving-contractors/soli-pucula-construction-cc","Port Alfred, Eastern Cape","Paving Contractors","Cell:","073 822 1888","tel:0738221888","Email:","solipucula@agm.com","mailto:solipucula@agm.com","More
                                        Information","https://www.brabys.com/za/eastern-cape/port-alfred/paving-contractors/soli-pucula-construction-cc","https://www.brabys.com/za/roofing-contractors?page=24#","","","","Update Your Business Info"
"https://www.brabys.com/images/logo-placeholder.webp","SPRAY 'N PAINT","https://www.brabys.com/za/mpumalanga/emalahleni/del-judor-exts/painting-repairs-renovators/spray-n-paint","Del Judor Exts, Emalahleni, Mpumalanga","Painting Repairs & Renovators","Cell:","083 432 6819","tel:0834326819","Email:","williegif@gmail.com","mailto:williegif@gmail.com","More
                                        Information","https://www.brabys.com/za/mpumalanga/emalahleni/del-judor-exts/painting-repairs-renovators/spray-n-paint","https://www.brabys.com/za/roofing-contractors?page=24#","","","","Update Your Business Info"
"https://www.brabys.com/resize/logos/m/4419114/steelpipes.jpg.jpg","STEEL PIPES FOR AFRICA (PTY) LTD","https://www.brabys.com/za/gauteng/krugersdorp/kenmare/steel/steel-pipes-for-africa-pty-ltd","Kenmare, Krugersdorp, Gauteng","Steel","Phone:","011 955 4555","tel:0119554555","Email:","spagaut@mweb.co.za","mailto:spagaut@mweb.co.za","More
                                        Information","https://www.brabys.com/za/gauteng/krugersdorp/kenmare/steel/steel-pipes-for-africa-pty-ltd","https://www.brabys.com/za/roofing-contractors?page=24#","","","","Update Your Business Info"
"https://www.brabys.com/images/logo-placeholder.webp","STEEL ROOFING CC","https://www.brabys.com/za/gauteng/pretoria/silverton/roofing-contractors/steel-roofing-cc","Silverton, Pretoria, Gauteng","Roofing Contractors","Phone:","012 804 9402","tel:0128049402","","012 804 9401","tel:0128049401","More
                                        Information","https://www.brabys.com/za/gauteng/pretoria/silverton/roofing-contractors/steel-roofing-cc","https://www.brabys.com/za/roofing-contractors?page=24#","","","","Update Your Business Info"
"https://www.brabys.com/images/logo-placeholder.webp","STEPHEN JONES ROOFING","https://www.brabys.com/za/western-cape/cape-town/claremont/roofing-contractors/stephen-jones-roofing","Claremont, Cape Town, Western Cape","Roofing Contractors","Phone:","021 761 2617","tel:0217612617","Email:","stejones@cybertrade.co.za","mailto:stejones@cybertrade.co.za","Visit
                                        Website","http://www.stephenjones.co.za/","https://www.brabys.com/za/roofing-contractors?page=24#","","","","Update Your Business Info"
"https://www.brabys.com/images/logo-placeholder.webp","STOMPIE FRANCIS & SON ROOFING","https://www.brabys.com/za/eastern-cape/east-london/vincent/roofing-contractors/stompie-francis-son-roofing","Vincent, East London, Eastern Cape","Roofing Contractors","Phone:","043 726 6005","tel:0437266005","Share Call Fax:","043 781 1077","tel:0437811077","More
                                        Information","https://www.brabys.com/za/eastern-cape/east-london/vincent/roofing-contractors/stompie-francis-son-roofing","https://www.brabys.com/za/roofing-contractors?page=24#","","086 620 4229","tel:0866204229","Update Your Business Info"
"https://www.brabys.com/images/logo-placeholder.webp","SUBURBAN ROOFING CONSULTANTS (KZN) (PTY) LTD","https://www.brabys.com/za/kwazulu-natal/durban/stamford-hill/radar-systems/suburban-roofing-consultants-kzn-pty-ltd","Stamford Hill, Durban, Kwazulu-Natal","Radar Systems","Phone:","031 312 9257","tel:0313129257","Cell:","083 255 6026","tel:0832556026","Visit
                                        Website","http://www.suburbanroofing.co.za/","https://www.brabys.com/za/roofing-contractors?page=24#","Email:","suburbanroofing@telkomsa.net","mailto:suburbanroofing@telkomsa.net","Update Your Business Info"
"https://www.brabys.com/images/logo-placeholder.webp","SUNRAY WATERPROOFING & ROOFING","https://www.brabys.com/za/kwazulu-natal/durban/durban-north/roofing-contractors/sunray-waterproofing-roofing","Durban North, Durban, Kwazulu-Natal","Roofing Contractors","Phone:","031 564 7691","tel:0315647691","Email:","sunray@xis.co.za","mailto:sunray@xis.co.za","More
                                        Information","https://www.brabys.com/za/kwazulu-natal/durban/durban-north/roofing-contractors/sunray-waterproofing-roofing","https://www.brabys.com/za/roofing-contractors?page=24#","","","","Update Your Business Info"
"https://www.brabys.com/images/logo-placeholder.webp","SWAN CORP WATERPROOFING AND MAINTENANCE (PTY) LTD","https://www.brabys.com/za/gauteng/kempton-park/terenure/roofing-contractors/swan-corp-waterproofing-and-maintenance-pty-ltd","Terenure, Kempton Park, Gauteng","Roofing Contractors","Cell:","081 317 6601","tel:0813176601","Email:","info@swancorp.co.za","mailto:info@swancorp.co.za","Visit
                                        Website","http://www.swancorp.co.za/","https://www.brabys.com/za/roofing-contractors?page=24#","","","","Update Your Business Info"
"https://www.brabys.com/resize/logos/m/109157/89df5a04c383976e51afb8a82747ae668b86cf95.png","AWNMASTER","https://www.brabys.com/za/kwazulu-natal/pinetown/ashley/carports/awnmaster","Ashley, Pinetown, Kwazulu-Natal","Carports","Phone:","031 701 4003","tel:0317014003","Email:","info@awnmaster.co.za","mailto:info@awnmaster.co.za","Visit
                                        Website","http://www.awnmaster.co.za/","https://www.brabys.com/za/roofing-contractors?page=25#","","","",""
"https://www.brabys.com/resize/logos/m/6194583/45654488955a6bc9967f8efeceb94de1497aebcf.png","DA SILVA & SONS","https://www.brabys.com/za/kwazulu-natal/durban/glen-anil/new-houses/da-silva-sons","Glen Anil, Durban, Kwazulu-Natal","New Houses","Cell:","074 101 2328","tel:0741012328","Email:","carlosslva@telkomsa.net","mailto:carlosslva@telkomsa.net","More
                                        Information","https://www.brabys.com/za/kwazulu-natal/durban/glen-anil/new-houses/da-silva-sons","https://www.brabys.com/za/roofing-contractors?page=25#","","","",""
"https://www.brabys.com/images/logo-placeholder.webp","THE FORBES MAINTENANCE","https://www.brabys.com/za/western-cape/cape-town/wetton/waterproofing-consultants/the-forbes-maintenance","Wetton, Cape Town, Western Cape","Waterproofing Consultants","Phone:","021 761 5273","tel:0217615273","Cell:","083 255 7706","tel:0832557706","More
                                        Information","https://www.brabys.com/za/western-cape/cape-town/wetton/waterproofing-consultants/the-forbes-maintenance","https://www.brabys.com/za/roofing-contractors?page=25#","Email:","083 602 5349","tel:0836025349","Update Your Business Info"
"https://www.brabys.com/images/logo-placeholder.webp","THE ROOF MAN","https://www.brabys.com/za/kwazulu-natal/durban/roofing-contractors/the-roof-man","Durban, Kwazulu-Natal","Roofing Contractors","Cell:","082 496 5529","tel:0824965529","Email:","theroofmandurban@gmail.com","mailto:theroofmandurban@gmail.com","More
                                        Information","https://www.brabys.com/za/kwazulu-natal/durban/roofing-contractors/the-roof-man","https://www.brabys.com/za/roofing-contractors?page=25#","","","","Update Your Business Info"
"https://www.brabys.com/images/logo-placeholder.webp","THEKWENI ROOFING & WATERPROOFING","https://www.brabys.com/za/kwazulu-natal/queensburgh/queensmead-ind/waterproofing-contractors/thekweni-roofing-waterproofing","Queensmead Ind, Queensburgh, Kwazulu-Natal","Waterproofing Contractors","Phone:","031 464 1653","tel:0314641653","Cell:","031 464 1654","tel:0314641654","More
                                        Information","https://www.brabys.com/za/kwazulu-natal/queensburgh/queensmead-ind/waterproofing-contractors/thekweni-roofing-waterproofing","https://www.brabys.com/za/roofing-contractors?page=25#","Email:","083 654 9628","tel:0836549628","Update Your Business Info"
"https://www.brabys.com/images/logo-placeholder.webp","TIM TIN'S SHEETMETAL WORKS","https://www.brabys.com/za/eastern-cape/beacon-bay/roofing-contractors/tim-tins-sheetmetal-works","Beacon Bay, Eastern Cape","Roofing Contractors","Phone:","043 743 6526","tel:0437436526","Cell:","083 629 4121","tel:0836294121","More
                                        Information","https://www.brabys.com/za/eastern-cape/beacon-bay/roofing-contractors/tim-tins-sheetmetal-works","https://www.brabys.com/za/roofing-contractors?page=25#","Email:","tim@timtins.co.za","mailto:tim@timtins.co.za","Update Your Business Info"
"https://www.brabys.com/images/logo-placeholder.webp","TREMCO TRADING","https://www.brabys.com/za/gauteng/pretoria/pretoria-gardens/roofing-contractors/tremco-trading","Pretoria Gardens, Pretoria, Gauteng","Roofing Contractors","Phone:","012 379 1442","tel:0123791442","Cell:","073 270 8270","tel:0732708270","Visit
                                        Website","http://www.admin@tremco.co.za/","https://www.brabys.com/za/roofing-contractors?page=25#","Email:","admin@tremco.co.za","mailto:admin@tremco.co.za","Update Your Business Info"
"https://www.brabys.com/resize/logos/m/6126523/tremniclogo.jpg","TREMNIC ROOFING","https://www.brabys.com/za/gauteng/pretoria/wonderboom/roofing-contractors/tremnic-roofing","Wonderboom, Pretoria, Gauteng","Roofing Contractors","Cell:","084 817 2720","tel:0848172720","Email:","064 423 4276","tel:0644234276","More
                                        Information","https://www.brabys.com/za/gauteng/pretoria/wonderboom/roofing-contractors/tremnic-roofing","https://www.brabys.com/za/roofing-contractors?page=25#","","nicoprinsloo@gmail.com","mailto:nicoprinsloo@gmail.com","Update Your Business Info"
"https://www.brabys.com/images/logo-placeholder.webp","TRUSS CONCEPTS CC","https://www.brabys.com/za/kwazulu-natal/pinetown/westmead/roofing/truss-concepts-cc","Westmead, Pinetown, Kwazulu-Natal","","Cell:","078 514 2303","tel:0785142303","Email:","meverick@trussconcepts.co.za","mailto:meverick@trussconcepts.co.za","Visit
                                        Website","http://www.trussconcepts.co.za/","https://www.brabys.com/za/roofing-contractors?page=25#","","","","Update Your Business Info"
"https://www.brabys.com/images/logo-placeholder.webp","TRUSS VISION","https://www.brabys.com/za/western-cape/simons-town/roofing/truss-vision","Simon's Town, Western Cape","Roofing","Cell:","072 179 7033","tel:0721797033","Email:","tinusdejager1@gmail.com","mailto:tinusdejager1@gmail.com","Visit
                                        Website","http://www.trussvision.co.za/","https://www.brabys.com/za/roofing-contractors?page=25#","","","","Update Your Business Info"
"https://www.brabys.com/images/logo-placeholder.webp","TZANEEN ROOF SHEETING","https://www.brabys.com/za/limpopo/tzaneen/roofing-contractors/tzaneen-roof-sheeting","Tzaneen, Limpopo","Roofing Contractors","Cell:","074 107 4029","tel:0741074029","Email:","trs@ttrusses.co.za","mailto:trs@ttrusses.co.za","Visit
                                        Website","http://www.tzaneenroofsheeting.co.za/","https://www.brabys.com/za/roofing-contractors?page=25#","","","","Update Your Business Info"
"https://www.brabys.com/images/logo-placeholder.webp","UMBRELLA ROOFING","https://www.brabys.com/za/kwazulu-natal/durban/berea/roofing-contractors/umbrella-roofing","Berea, Durban, Kwazulu-Natal","Roofing Contractors","Phone:","031 207 7977","tel:0312077977","Cell:","083 627 7690","tel:0836277690","More
                                        Information","https://www.brabys.com/za/kwazulu-natal/durban/berea/roofing-contractors/umbrella-roofing","https://www.brabys.com/za/roofing-contractors?page=25#","Email:","umbrellaroofing@telkomsa.net","mailto:umbrellaroofing@telkomsa.net","Update Your Business Info"
"https://www.brabys.com/resize/logos/m/109157/89df5a04c383976e51afb8a82747ae668b86cf95.png","AWNMASTER","https://www.brabys.com/za/kwazulu-natal/pinetown/ashley/carports/awnmaster","Ashley, Pinetown, Kwazulu-Natal","Carports","Phone:","031 701 4003","tel:0317014003","Email:","info@awnmaster.co.za","mailto:info@awnmaster.co.za","Visit
                                        Website","http://www.awnmaster.co.za/","https://www.brabys.com/za/roofing-contractors?page=26#","","","",""
"https://www.brabys.com/resize/logos/m/6194583/45654488955a6bc9967f8efeceb94de1497aebcf.png","DA SILVA & SONS","https://www.brabys.com/za/kwazulu-natal/durban/glen-anil/new-houses/da-silva-sons","Glen Anil, Durban, Kwazulu-Natal","New Houses","Cell:","074 101 2328","tel:0741012328","Email:","carlosslva@telkomsa.net","mailto:carlosslva@telkomsa.net","More
                                        Information","https://www.brabys.com/za/kwazulu-natal/durban/glen-anil/new-houses/da-silva-sons","https://www.brabys.com/za/roofing-contractors?page=26#","","","",""
"https://www.brabys.com/images/logo-placeholder.webp","UNIVERSAL ROOFING","https://www.brabys.com/za/gauteng/centurion/hennops-park/roof-repairs/universal-roofing","Hennops Park, Centurion, Gauteng","Repairs","Phone:","012 653 7227","tel:0126537227","Email:","pretoria@universalroofing.co.za","mailto:pretoria@universalroofing.co.za","Visit
                                        Website","http://www.universalroofing.co.za/","https://www.brabys.com/za/roofing-contractors?page=26#","","","","Update Your Business Info"
"https://www.brabys.com/images/logo-placeholder.webp","UNIVERSAL ROOFING","https://www.brabys.com/za/gauteng/randburg/amalgam/roofing-contractors/universal-roofing","Amalgam, Randburg, Gauteng","Roofing Contractors","Phone:","011 708 7474","tel:0117087474","Cell:","082 600 1278","tel:0826001278","Visit
                                        Website","http://www.universalroofing.co.za/","https://www.brabys.com/za/roofing-contractors?page=26#","Email:","receptionjhb@universalroofing.co.za","mailto:receptionjhb@universalroofing.co.za","Update Your Business Info"
"https://www.brabys.com/images/logo-placeholder.webp","UNIVERSAL ROOFING","https://www.brabys.com/za/gauteng/randburg/kya-sand/roofing-contractors-consultants/universal-roofing","Kya Sand, Randburg, Gauteng","Roofing Contractors & Consultants","Phone:","011 708 4024","tel:0117084024","Cell:","082 600 1278","tel:0826001278","Visit
                                        Website","http://www.universalroofing.co.za/","https://www.brabys.com/za/roofing-contractors?page=26#","Email:","enquiry@universalroofing.co.za","mailto:enquiry@universalroofing.co.za","Update Your Business Info"
"https://www.brabys.com/images/logo-placeholder.webp","UNIVERSE ROOFING","https://www.brabys.com/za/kwazulu-natal/durban/briardene/roof-repairs/universe-roofing","Briardene, Durban, Kwazulu-Natal","Roof Repairs","Phone:","031 569 5771","tel:0315695771","Cell:","083 600 0383","tel:0836000383","More
                                        Information","https://www.brabys.com/za/kwazulu-natal/durban/briardene/roof-repairs/universe-roofing","https://www.brabys.com/za/roofing-contractors?page=26#","Share Call Fax:","086 228 3013","tel:0862283013","Update Your Business Info"
"https://www.brabys.com/images/logo-placeholder.webp","VALUE BUILD","https://www.brabys.com/za/north-west/rustenburg/painting-contractors/value-build","Rustenburg, North West","Painting Contractors","Phone:","014 592 6333","tel:0145926333","Email:","admin@valubuild.biz","mailto:admin@valubuild.biz","More
                                        Information","https://www.brabys.com/za/north-west/rustenburg/painting-contractors/value-build","https://www.brabys.com/za/roofing-contractors?page=26#","","","","Update Your Business Info"
"https://www.brabys.com/images/logo-placeholder.webp","W P ROOFING","https://www.brabys.com/za/western-cape/somerset-west/haumannshof/roofing-contractors/w-p-roofing","Haumannshof, Somerset West, Western Cape","Roofing Contractors","Phone:","021 569 3663","tel:0215693663","Cell:","071 523 3271","tel:0715233271","Visit
                                        Website","http://www.wproofing.co.za/","https://www.brabys.com/za/roofing-contractors?page=26#","Email:","wproofing@live.co.za","mailto:wproofing@live.co.za","Update Your Business Info"
"https://www.brabys.com/images/logo-placeholder.webp","W P STEEL CONSTRUCTION CC","https://www.brabys.com/za/western-cape/kraaifontein/kraaifontein-ind/steel-distributors/w-p-steel-construction-cc","Kraaifontein Ind, Kraaifontein, Western Cape","Steel Distributors","Phone:","021 987 1025","tel:0219871025","Email:","021 987 1026","tel:0219871026","More
                                        Information","https://www.brabys.com/za/western-cape/kraaifontein/kraaifontein-ind/steel-distributors/w-p-steel-construction-cc","https://www.brabys.com/za/roofing-contractors?page=26#","","info@wpsteel.co.za","mailto:info@wpsteel.co.za","Update Your Business Info"
"https://www.brabys.com/images/logo-placeholder.webp","WEST UNION ROOFING CONTRACTORS","https://www.brabys.com/za/north-west/klerksdorp/jouberton/roofing-contractors/west-union-roofing-contractors","Jouberton, Klerksdorp, North West","Roofing Contractors","Phone:","018 468 3323","tel:0184683323","","","","More
                                        Information","https://www.brabys.com/za/north-west/klerksdorp/jouberton/roofing-contractors/west-union-roofing-contractors","https://www.brabys.com/za/roofing-contractors?page=26#","","","","Update Your Business Info"
"https://www.brabys.com/images/logo-placeholder.webp","WETLOCK ROOFING","https://www.brabys.com/za/gauteng/roodepoort/delarey/roofing-contractors/wetlock-roofing","Delarey, Roodepoort, Gauteng","Roofing Contractors","Phone:","011 672 5735","tel:0116725735","Cell:","082 972 2734","tel:0829722734","Visit
                                        Website","http://www.wetlockroofing.co.za/","https://www.brabys.com/za/roofing-contractors?page=26#","Email:","sales@wetlockroofing.co.za","mailto:sales@wetlockroofing.co.za","Update Your Business Info"
"https://www.brabys.com/images/logo-placeholder.webp","WILCOTE","https://www.brabys.com/za/kwazulu-natal/queensburgh/northdene/waterproofing-consultants/wilcote","Northdene, Queensburgh, Kwazulu-Natal","Waterproofing Consultants","Phone:","031 708 4959","tel:0317084959","Cell:","083 601 9448","tel:0836019448","More
                                        Information","https://www.brabys.com/za/kwazulu-natal/queensburgh/northdene/waterproofing-consultants/wilcote","https://www.brabys.com/za/roofing-contractors?page=26#","Share Call Fax:","086 669 0527","tel:0866690527","Update Your Business Info"
"https://www.brabys.com/resize/logos/m/109157/89df5a04c383976e51afb8a82747ae668b86cf95.png","AWNMASTER","https://www.brabys.com/za/kwazulu-natal/pinetown/ashley/carports/awnmaster","Ashley, Pinetown, Kwazulu-Natal","Carports","Phone:","031 701 4003","tel:0317014003","Email:","info@awnmaster.co.za","mailto:info@awnmaster.co.za","Visit
                                        Website","http://www.awnmaster.co.za/","https://www.brabys.com/za/roofing-contractors?page=27#","","","",""
"https://www.brabys.com/resize/logos/m/6194583/45654488955a6bc9967f8efeceb94de1497aebcf.png","DA SILVA & SONS","https://www.brabys.com/za/kwazulu-natal/durban/glen-anil/new-houses/da-silva-sons","Glen Anil, Durban, Kwazulu-Natal","New Houses","Cell:","074 101 2328","tel:0741012328","Email:","carlosslva@telkomsa.net","mailto:carlosslva@telkomsa.net","More
                                        Information","https://www.brabys.com/za/kwazulu-natal/durban/glen-anil/new-houses/da-silva-sons","https://www.brabys.com/za/roofing-contractors?page=27#","","","",""
"https://www.brabys.com/images/logo-placeholder.webp","WILCOTE","https://www.brabys.com/za/kwazulu-natal/umhlali/painting-waterproofing/wilcote","Umhlali, Kwazulu-Natal","Painting & Waterproofing","Phone:","032 942 2022","tel:0329422022","Email:","wilcote@mweb.co.za","mailto:wilcote@mweb.co.za","Visit
                                        Website","http://www.wilcote.co.za/","https://www.brabys.com/za/roofing-contractors?page=27#","","","","Update Your Business Info"
"https://www.brabys.com/images/logo-placeholder.webp","WILLIAM'S BUILDING","https://www.brabys.com/za/gauteng/benoni/building-contractors/williams-building","Benoni, Gauteng","Building Contractors","Cell:","083 579 9181","tel:0835799181","Email:","info@williamsbuilding.co.za","mailto:info@williamsbuilding.co.za","More
                                        Information","https://www.brabys.com/za/gauteng/benoni/building-contractors/williams-building","https://www.brabys.com/za/roofing-contractors?page=27#","","","","Update Your Business Info"
"https://www.brabys.com/images/logo-placeholder.webp","WOOLF CONTRACTING","https://www.brabys.com/za/kwazulu-natal/durban/stamford-hill/property-maintenance/woolf-contracting","Stamford Hill, Durban, Kwazulu-Natal","Property Maintenance","Phone:","031 312 1786","tel:0313121786","Email:","woolfi@icom.co.za","mailto:woolfi@icom.co.za","More
                                        Information","https://www.brabys.com/za/kwazulu-natal/durban/stamford-hill/property-maintenance/woolf-contracting","https://www.brabys.com/za/roofing-contractors?page=27#","","","","Update Your Business Info"
"https://www.brabys.com/resize/logos/m/6147133/janelogo.jpg","XPRESS ROOFING & CEILINGS (PTY) LTD","https://www.brabys.com/za/western-cape/brackenfell/arauna/roofing/xpress-roofing-ceilings-pty-ltd","Arauna, Brackenfell, Western Cape","","Cell:","062 121 1833","tel:0621211833","Email:","piet@express-roofing.co.za","mailto:piet@express-roofing.co.za","More
                                        Information","https://www.brabys.com/za/western-cape/brackenfell/arauna/roofing/xpress-roofing-ceilings-pty-ltd","https://www.brabys.com/za/roofing-contractors?page=27#","","","","Update Your Business Info"
"https://www.brabys.com/images/logo-placeholder.webp","Z Z ENGINEERING & ROOFING SOLUTIONS","https://www.brabys.com/za/kwazulu-natal/richards-bay/alton/roofing-contractors/z-z-engineering-roofing-solutions","Alton, Richards Bay, Kwazulu-Natal","Roofing Contractors","Phone:","035 797 3021","tel:0357973021","Email:","zzengineering.roofing@gmail.com","mailto:zzengineering.roofing@gmail.com","Visit
                                        Website","http://www.zzengineeringandroofing.co.za/","https://www.brabys.com/za/roofing-contractors?page=27#","","","","Update Your Business Info"
"https://www.brabys.com/resize/logos/m/5966961/zululand.jpg.jpg","ZULULAND GUTTERS","https://www.brabys.com/za/kwazulu-natal/empangeni/gutters/zululand-gutters","Empangeni, Kwazulu-Natal","Gutters","Phone:","035 772 1702","tel:0357721702","Cell:","083 560 1651","tel:0835601651","More
                                        Information","https://www.brabys.com/za/kwazulu-natal/empangeni/gutters/zululand-gutters","https://www.brabys.com/za/roofing-contractors?page=27#","Share Call Fax:","086 524 3716","tel:0865243716","Update Your Business Info"