business_name,brabys_url,location,industry,phone,email,website,website_status
PSG HERMANUS PORTFOLIO MANAGEMENT AND STOCKBROKING,https://www.brabys.com/za/western-cape/hermanus/financial-services/psg-hermanus-portfolio-management-and-stockbroking,Hermanus, Western Cape,•,Phone:,Email:,null,confirmed_no_website
PSG KONSULT,https://www.brabys.com/za/eastern-cape/jeffreys-bay/eedenglen/financial-consultants/psg-konsult,Eedenglen, Jeffreys Bay, Eastern Cape,•,Phone:,Cell:,null,confirmed_no_website
PSG WEALTH,https://www.brabys.com/za/kwazulu-natal/umhlanga/umhlanga-ridge/financial-services/psg-wealth,Umhlanga Ridge, Umhlanga, Kwazulu-Natal,•,Phone:,null,null,confirmed_no_website
PSG WEALTH,https://www.brabys.com/za/gauteng/sandton/bryanston/stock-broking-firms/psg-wealth,Bryanston, Sandton, Gauteng,•,Phone:,Email:,http://www.psg.co.za/,has_website
PTYNOW,https://www.brabys.com/za/gauteng/pretoria/faerie-glen/business-registration/ptynow,Faerie Glen, Pretoria, Gauteng,•,Cell:,Email:,http://www.ptynow.co.za/,has_website
PURPLE CAPITAL LTD,https://www.brabys.com/za/gauteng/sandton/financial-services/purple-capital-ltd,Sandton, Gauteng,•,Phone:,Email:,http://www.purplecapital.com/,has_website
PURPLELAKE MANAGEMENT & CORPORATE CC,https://www.brabys.com/za/kwazulu-natal/chatsworth/umhlatuzana-township/finance-companies/purplelake-management-corporate-cc,Umhlatuzana Township, Chatsworth, Kwazulu-Natal,•,Phone:,Cell:,null,confirmed_no_website
PWM FINANCIAL MANAGEMENT,https://www.brabys.com/za/eastern-cape/port-elizabeth/central/accountants-auditors/pwm-financial-management,Central, Port Elizabeth, Eastern Cape,•,Phone:,null,http://www.pwmfb.co.za/,has_website
PWM FINANCIAL MANAGEMENT CC,https://www.brabys.com/za/eastern-cape/port-elizabeth/central/financial-services/pwm-financial-management-cc,Central, Port Elizabeth, Eastern Cape,•,Phone:,Email:,null,confirmed_no_website
Q C AGENCIES,https://www.brabys.com/za/eastern-cape/port-elizabeth/finance-companies/q-c-agencies,Port Elizabeth, Eastern Cape,•,Phone:,Email:,null,confirmed_no_website
Q L B INVESTMENT BROKERS CC,https://www.brabys.com/za/kwazulu-natal/amanzimtoti/insurance/q-l-b-investment-brokers-cc,Amanzimtoti, Kwazulu-Natal,•,Phone:,Share Call Fax:,http://www.qlb.co.za/,has_website
QUADFIN FINANCIAL INVESTMENTS,https://www.brabys.com/za/eastern-cape/port-elizabeth/newton-park/financial-consultants/quadfin-financial-investments,Newton Park, Port Elizabeth, Eastern Cape,•,Phone:,Share Call Fax:,null,confirmed_no_website
QUICKFIN NATIONWIDE,https://www.brabys.com/za/western-cape/plettenberg-bay/finance-companies/quickfin-nationwide,Plettenberg Bay, Western Cape,•,Phone:,Email:,null,confirmed_no_website
QUINTESSENTIALS MATERIALS DEVELOPMENT,https://www.brabys.com/za/eastern-cape/port-elizabeth/walmer/communications/quintessentials-materials-development,Walmer, Port Elizabeth, Eastern Cape,•,Phone:,Email:,http://www.quintessentials.co.za/,has_website
QUOTIENT FINANCIAL SOLUTIONS,https://www.brabys.com/za/western-cape/cape-town/tokai/financial-services/quotient-financial-solutions,Tokai, Cape Town, Western Cape,•,Phone:,null,null,confirmed_no_website
R 3 SOLUTIONS,https://www.brabys.com/za/northern-cape/kimberley/financial-services/r-3-solutions,Kimberley, Northern Cape,•,Phone:,Cell:,null,confirmed_no_website
R B FINANCIAL ADVISORY SERVICES,https://www.brabys.com/za/eastern-cape/port-elizabeth/newton-park/financial-consultants/r-b-financial-advisory-services,Newton Park, Port Elizabeth, Eastern Cape,•,Phone:,Share Call Fax:,null,confirmed_no_website
R C S GROUP,https://www.brabys.com/za/western-cape/goodwood/financial-services/r-c-s-group,Goodwood, Western Cape,•,Phone:,Email:,http://www.rcs.co.za/,has_website
R D A FINANCIAL SERVICES,https://www.brabys.com/za/western-cape/cape-town/tokai/financial-services/r-d-a-financial-services,Tokai, Cape Town, Western Cape,•,Phone:,Email:,http://www.rdafs.co.za/,has_website
R J FINANCIAL SERVICES,https://www.brabys.com/za/gauteng/vanderbijlpark/town-centre/finance-companies/r-j-financial-services,Town Centre, Vanderbijlpark, Gauteng,•,Phone:,Share Call Fax:,null,confirmed_no_website
R MAETISA AND ASSOCIATES (PTY) LTD,https://www.brabys.com/za/gauteng/sandton/rivonia/financial-consultants/r-maetisa-and-associates-pty-ltd,Rivonia, Sandton, Gauteng,•,Phone:,Email:,null,confirmed_no_website
R S A AGRI BROKERS,https://www.brabys.com/za/western-cape/tulbagh/financial-services/r-s-a-agri-brokers,Tulbagh, Western Cape,•,Phone:,Email:,null,confirmed_no_website
RAINBOW CASH LOANS,https://www.brabys.com/za/north-west/bloemhof/finance-companies/rainbow-cash-loans,Bloemhof, North West,•,Phone:,null,null,confirmed_no_website
RALPH GRIFFIN & ASSOCIATES,https://www.brabys.com/za/gauteng/edenvale/finance-companies/ralph-griffin-associates,Edenvale, Gauteng,•,Phone:,Cell:,null,confirmed_no_website
RAM NAIDOO & ASSOCIATES,https://www.brabys.com/za/gauteng/lenasia/lenasia-south/financial-consultants/ram-naidoo-associates,Lenasia South, Lenasia, Gauteng,•,Phone:,Email:,http://www.ramna.co.za/,has_website
RAMRUP D TAXI SERVICE,https://www.brabys.com/za/kwazulu-natal/kwadukuza/stanger-manor/taxi-services/ramrup-d-taxi-service,Stanger Manor, KwaDukuza, Kwazulu-Natal,•,Cell:,Email:,null,confirmed_no_website
RAND MANAGEMENT SERVICES,https://www.brabys.com/za/gauteng/johannesburg/northcliff/income-tax-consultants/rand-management-services,Northcliff, Johannesburg, Gauteng,•,Phone:,Email:,null,confirmed_no_website
RAND TRUST,https://www.brabys.com/za/gauteng/sandton/rivonia/finance-companies/rand-trust,Rivonia, Sandton, Gauteng,•,Phone:,Email:,http://www.randtrust.co.za/,has_website
RAND TRUST FINANCIERS,https://www.brabys.com/za/gauteng/sandton/rivonia/financial-services/rand-trust-financiers,Rivonia, Sandton, Gauteng,•,Phone:,Email:,http://www.randtrust.co.za/,has_website
RAND-ASIA HOLDCO (PTY) LTD,https://www.brabys.com/za/gauteng/randburg/ferndale/financial-services/rand-asia-holdco-pty-ltd,Ferndale, Randburg, Gauteng,•,Phone:,Email:,http://www.randasia.co.za/,has_website
RAND-ASIA TRADE FINANCE SA (PTY) LTD,https://www.brabys.com/za/gauteng/randburg/ferndale/finance-companies/rand-asia-trade-finance-sa-pty-ltd,Ferndale, Randburg, Gauteng,•,Phone:,Share Call Fax:,http://www.randasia.co.za/,has_website
RANDBURG FINANCIAL CONSULTANCY,https://www.brabys.com/za/gauteng/kempton-park/bredell/financial-consultants/randburg-financial-consultancy,Bredell, Kempton Park, Gauteng,•,Phone:,Email:,null,confirmed_no_website
RANDFONTEIN FINANCIAL ADVISORS,https://www.brabys.com/za/gauteng/randfontein/hectorton/financial-consultants/randfontein-financial-advisors,Hectorton, Randfontein, Gauteng,•,Phone:,Share Call Fax:,null,confirmed_no_website
RANDMETRO FINANCIAL ADVISORY SERVICES CC,https://www.brabys.com/za/gauteng/randburg/risidale/financial-consultants/randmetro-financial-advisory-services-cc,Risidale, Randburg, Gauteng,•,Phone:,Cell:,http://www.randmetro.com/,has_website
RANDRIDGE FINANCIAL SERVICES,https://www.brabys.com/za/gauteng/randburg/randpark-ridge/finance-companies/randridge-financial-services,Randpark Ridge, Randburg, Gauteng,•,Phone:,Email:,null,confirmed_no_website
RAPSURE FINANCIAL & PROPERTY BROKERS,https://www.brabys.com/za/northern-cape/kimberley/kimberley-north/financial-consultants/rapsure-financial-property-brokers,Kimberley North, Kimberley, Northern Cape,•,Phone:,Cell:,null,confirmed_no_website
RAVENSBERG GROUP (PTY) LTD,https://www.brabys.com/za/western-cape/cape-town/constantia/business-management-consultants/ravensberg-group-pty-ltd,Constantia, Cape Town, Western Cape,•,Cell:,VOIP:,http://www.ravensberg.co.za/,has_website
RAVI NAIDOO FINANCIAL SOLUTIONS CC,https://www.brabys.com/za/kwazulu-natal/chatsworth/silverglen/finance-companies/ravi-naidoo-financial-solutions-cc,Silverglen, Chatsworth, Kwazulu-Natal,•,Phone:,Cell:,null,confirmed_no_website
RAY GOVINDSAMY FINANCIAL ADVISORS,https://www.brabys.com/za/eastern-cape/port-elizabeth/newton-park/financial-advisors/ray-govindsamy-financial-advisors,Newton Park, Port Elizabeth, Eastern Cape,•,Phone:,Share Call Fax:,null,confirmed_no_website
RCP ADVISORY SERVICES,https://www.brabys.com/za/kwazulu-natal/durban/morningside/financial-consultants/rcp-advisory-services,Morningside, Durban, Kwazulu-Natal,•,Phone:,null,null,confirmed_no_website
REACH OUT FINANCIAL SERVICES (PTY) LTD,https://www.brabys.com/za/gauteng/pretoria/alphen-park/financial-services/reach-out-financial-services-pty-ltd,Alphen Park, Pretoria, Gauteng,•,Phone:,Email:,http://www.reachout.co.za/,has_website
REACHMORE FINANCIAL SERVICES,https://www.brabys.com/za/western-cape/milnerton/bothasig/financial-services/reachmore-financial-services,Bothasig, Milnerton, Western Cape,•,Phone:,Email:,null,confirmed_no_website
REAL PAY,https://www.brabys.com/za/gauteng/pretoria/waterkloof-glen/finance-companies/real-pay,Waterkloof Glen, Pretoria, Gauteng,•,Phone:,Email:,http://www.realpay.co.za/,has_website
REAL PEOPLE,https://www.brabys.com/za/eastern-cape/east-london/quigney/finance-companies/real-people,Quigney, East London, Eastern Cape,•,Phone:,Email:,http://www.realpeople.co.za/,has_website
REAL PEOPLE,https://www.brabys.com/za/northern-cape/upington/finance-companies/real-people,Upington, Northern Cape,•,Phone:,Share Call Fax:,http://www.realpeople.co.za/,has_website
REAL PEOPLE,https://www.brabys.com/za/northern-cape/postmasburg/finance-companies/real-people,Postmasburg, Northern Cape,•,Phone:,Share Call Fax:,http://www.realpeople.co.za/,has_website
REAL PEOPLE FINANCE,https://www.brabys.com/za/eastern-cape/east-london/east-london-city-ctr/finance-companies/real-people-finance,East London City Ctr, East London, Eastern Cape,•,Phone:,Share Call Fax:,http://www.realpeople.co.za/,has_website
REALTY COVER PLUS CC,https://www.brabys.com/za/gauteng/sandton/fairmount/financial-advisors-consultants/realty-cover-plus-cc,Fairmount, Sandton, Gauteng,•,Phone:,Cell:,http://www.realtycover.co.za/,has_website
REATHUSA AFRICAN FINANCE,https://www.brabys.com/za/free-state/bethlehem/finance-companies/reathusa-african-finance,Bethlehem, Free State,•,Phone:,Email:,null,confirmed_no_website
REATHUSA AFRICAN FINANCE,https://www.brabys.com/za/free-state/bethlehem/financial-services/reathusa-african-finance,Bethlehem, Free State,•,Phone:,null,null,confirmed_no_website
RECRO BUSINESS SERVICES,https://www.brabys.com/za/western-cape/parow/panorama/financial-consultants/recro-business-services,Panorama, Parow, Western Cape,•,Phone:,Cell:,http://www.recro.co.za/,has_website
REDWOOD UNLIMITED,https://www.brabys.com/za/kwazulu-natal/durban/morningside/employee-benefit-schemes/redwood-unlimited,Morningside, Durban, Kwazulu-Natal,•,Phone:,Email:,http://www.redwoodunlimited.co.za/,has_website
REED AND STANLEY,https://www.brabys.com/za/kwazulu-natal/durban/central/financial-consultants/reed-and-stanley,Central, Durban, Kwazulu-Natal,•,Phone:,Cell:,null,confirmed_no_website
REGGIES TAXI,https://www.brabys.com/za/kwazulu-natal/durban/south-beach/metered-taxis/reggies-taxi,South Beach, Durban, Kwazulu-Natal,•,Cell:,null,null,confirmed_no_website
REGIMENTS CAPITAL (PTY) LTD,https://www.brabys.com/za/gauteng/sandton/illovo/finance-companies/regiments-capital-pty-ltd,Illovo, Sandton, Gauteng,•,Phone:,Email:,null,confirmed_no_website
REICHTEC FINANCIAL,https://www.brabys.com/za/kwazulu-natal/westville/berea-west/financial-consultants/reichtec-financial,Berea West, Westville, Kwazulu-Natal,•,Phone:,Email:,http://www.reichtec.co.za/,has_website
REMINGTON HOUSE,https://www.brabys.com/za/western-cape/cape-town/wynberg/financial-advisors/remington-house,Wynberg, Cape Town, Western Cape,•,Phone:,Email:,null,confirmed_no_website
RENTWORKS (PTY) LTD,https://www.brabys.com/za/gauteng/sandton/bryanston/finance-companies/rentworks-pty-ltd,Bryanston, Sandton, Gauteng,•,Phone:,null,http://www.rentworks.co.za/,has_website
RESERVE BANK,https://www.brabys.com/za/gauteng/pretoria/financial-services/reserve-bank,Pretoria, Gauteng,•,Phone:,null,null,confirmed_no_website
RESOLUTE FINANCE,https://www.brabys.com/za/gauteng/pretoria/financial-services/resolute-finance,Pretoria, Gauteng,•,Phone:,Email:,http://www.resolutefinance.co.za/,has_website
RETIRE RIGHT,https://www.brabys.com/za/gauteng/centurion/lyttelton-a-h/financial-services/retire-right,Lyttelton A H, Centurion, Gauteng,•,Cell:,Email:,http://www.retireright.co.za/,has_website
RETSOL (PTY) LTD,https://www.brabys.com/za/western-cape/milnerton/project-financing/retsol-pty-ltd,Milnerton, Western Cape,•,Phone:,Email:,http://www.retsol.co.za/,has_website
REYNARD ASSOCIATES (PTY) LTD,https://www.brabys.com/za/gauteng/sandton/hurlingham/financial-consultants/reynard-associates-pty-ltd,Hurlingham, Sandton, Gauteng,•,Phone:,Email:,null,confirmed_no_website
REZCO COLLECTIVE INVESTMENTS LTD,https://www.brabys.com/za/eastern-cape/port-elizabeth/mill-park/asset-management/rezco-collective-investments-ltd,Mill Park, Port Elizabeth, Eastern Cape,•,Phone:,Email:,http://www.rezco.co.za/,has_website
RF ADVICE,https://www.brabys.com/za/western-cape/cape-town/finance-companies/rf-advice,Cape Town, Western Cape,•,Phone:,null,null,confirmed_no_website
RIAAN EKSTEEN ACCOUNTANTS,https://www.brabys.com/za/gauteng/pretoria/montanapark/accountants/riaan-eksteen-accountants,Montanapark, Pretoria, Gauteng,•,Phone:,Email:,null,confirmed_no_website
RIAAN ODENDAAL FINANCIAL ADVISOR,https://www.brabys.com/za/kwazulu-natal/amanzimtoti/financial-advisors/riaan-odendaal-financial-advisor,Amanzimtoti, Kwazulu-Natal,•,Phone:,Share Call Fax:,null,confirmed_no_website
RICHMARK HOLDINGS,https://www.brabys.com/za/gauteng/sandton/financial-services/richmark-holdings,Sandton, Gauteng,•,Phone:,Email:,http://www.richmark.co.za/,has_website
RIDGETOP INVESTMENTS MANAGERS,https://www.brabys.com/za/kwazulu-natal/hillcrest/hilldene/financial-services/ridgetop-investments-managers,Hilldene, Hillcrest, Kwazulu-Natal,•,Phone:,null,null,confirmed_no_website
RIKKIS TAXIS,https://www.brabys.com/za/northern-cape/kimberley/beaconsfield/taxi-services/rikkis-taxis,Beaconsfield, Kimberley, Northern Cape,•,Phone:,Share Call Fax:,http://www.rikkistaxis.co.za/,has_website
RILEY FINANCIAL SERVICES,https://www.brabys.com/za/gauteng/edenvale/dowerglen/financial-services/riley-financial-services,Dowerglen, Edenvale, Gauteng,•,Phone:,null,http://www.rileyfinancial.co.za/,has_website
RISK ASSESSMENT SERVICES,https://www.brabys.com/za/free-state/bloemfontein/dan-pienaar/financial-services/risk-assessment-services,Dan Pienaar, Bloemfontein, Free State,•,Phone:,Share Call Fax:,http://www.raservices.co.za/,has_website
RISK PLANNING SERVICES CC,https://www.brabys.com/za/western-cape/hermanus/financial-consultants/risk-planning-services-cc,Hermanus, Western Cape,•,Phone:,Cell:,null,confirmed_no_website
RISK TRANS INSURANCE BROKERS,https://www.brabys.com/za/kwazulu-natal/durban/morningside/finance-companies/risk-trans-insurance-brokers,Morningside, Durban, Kwazulu-Natal,•,Phone:,Cell:,http://www.risktrans.co.za/,has_website
RITZFIN FINANCIAL SERVICES,https://www.brabys.com/za/western-cape/cape-town/constantia/financial-services/ritzfin-financial-services,Constantia, Cape Town, Western Cape,•,Cell:,Email:,http://www.ritzfin.co.za/,has_website
RIXI TAXI,https://www.brabys.com/za/gauteng/pretoria/brooklyn/taxi-services/rixi-taxi,Brooklyn, Pretoria, Gauteng,•,Phone:,Share Call Fax:,http://www.rixitaxi.co.za/,has_website
RJ RJ CONSULTING,https://www.brabys.com/za/gauteng/vereeniging/duncanville/typing-services/rj-rj-consulting,Duncanville, Vereeniging, Gauteng,•,Cell:,Email:,http://www.rjrjconsulting.co.za/,has_website
ROBERT BAICHAN FINANCIAL SERVICES CC,https://www.brabys.com/za/kwazulu-natal/umhlanga/umhlanga-ridge/financial-services/robert-baichan-financial-services-cc,Umhlanga Ridge, Umhlanga, Kwazulu-Natal,•,Phone:,null,null,confirmed_no_website
ROBERT GROUP THE,https://www.brabys.com/za/kwazulu-natal/umhlanga/la-lucia-ridge/wealth-management/robert-group-the,La Lucia Ridge, Umhlanga, Kwazulu-Natal,•,Phone:,Share Call Fax:,http://www.robertgroup.co.za/,has_website
ROBERT GROUP THE,https://www.brabys.com/za/kwazulu-natal/umhlali/salt-rock/financial-consultants/robert-group-the,Salt Rock, Umhlali, Kwazulu-Natal,•,Phone:,Cell:,null,confirmed_no_website
RODEL FINANCIAL,https://www.brabys.com/za/kwazulu-natal/durban/morningside/finance-companies/rodel-financial,Morningside, Durban, Kwazulu-Natal,•,Phone:,Share Call Fax:,http://www.rodel.co.za/,has_website
RODL & PARTNER INC,https://www.brabys.com/za/gauteng/bedfordview/accountants/rodl-partner-inc,Bedfordview, Gauteng,•,Phone:,null,null,confirmed_no_website
RODNEY STEIN FINANCIAL SERVICES,https://www.brabys.com/za/western-cape/milnerton/century-city/financial-services/rodney-stein-financial-services,Century City, Milnerton, Western Cape,•,Phone:,null,null,confirmed_no_website
ROMKOR FINANCIAL SOLUTIONS (PTY) LTD,https://www.brabys.com/za/free-state/bloemfontein/universitas/financial-management-services/romkor-financial-solutions-pty-ltd,Universitas, Bloemfontein, Free State,•,Phone:,Share Call Fax:,null,confirmed_no_website
RONBEL FINANCIAL SERVICES,https://www.brabys.com/za/eastern-cape/port-elizabeth/walmer/finance-companies/ronbel-financial-services,Walmer, Port Elizabeth, Eastern Cape,•,Phone:,Share Call Fax:,null,confirmed_no_website
RONEL JACOBS FINANCIAL SERVICES,https://www.brabys.com/za/northern-cape/kimberley/newpark/finance-companies/ronel-jacobs-financial-services,Newpark, Kimberley, Northern Cape,•,Phone:,Share Call Fax:,null,confirmed_no_website
ROOS BROKER TRUST,https://www.brabys.com/za/eastern-cape/port-elizabeth/newton-park/financial-planning/roos-broker-trust,Newton Park, Port Elizabeth, Eastern Cape,•,Phone:,Cell:,http://www.roosbrokers.co.za/,has_website
ROUTE QUEST,https://www.brabys.com/za/western-cape/bellville/sacks-circle/finance-companies/route-quest,Sacks Circle, Bellville, Western Cape,•,Phone:,null,null,confirmed_no_website
ROUTE QUEST,https://www.brabys.com/za/gauteng/germiston/wadeville/finance-companies/route-quest,Wadeville, Germiston, Gauteng,•,Phone:,null,null,confirmed_no_website
ROWCO COASTAL REGION,https://www.brabys.com/za/eastern-cape/port-elizabeth/newton-park/financial-services/rowco-coastal-region,Newton Park, Port Elizabeth, Eastern Cape,•,Phone:,Email:,http://www.rowco.co.za/,has_website
ROWEN GOPAUL,https://www.brabys.com/za/kwazulu-natal/umhlanga/prestondale/financial-services/rowen-gopaul,Prestondale, Umhlanga, Kwazulu-Natal,•,Phone:,Email:,http://www.libertyholdings.co.za/,has_website
ROYAL FIELDS FINANCE,https://www.brabys.com/za/gauteng/johannesburg/illovo/financial-services/royal-fields-finance,Illovo, Johannesburg, Gauteng,•,Phone:,Email:,http://www.royalfields.co.za/,has_website
ROYAL FINANCE,https://www.brabys.com/za/free-state/bloemfontein/city-centre/financial-services/royal-finance,City Centre, Bloemfontein, Free State,•,Phone:,Email:,null,confirmed_no_website
ROYAL UNION FINANCIAL,https://www.brabys.com/za/kwazulu-natal/kloof/medical-aid/royal-union-financial,Kloof, Kwazulu-Natal,•,Phone:,Email:,http://www.rufs.co.za/,has_website
RUBIN H & ASSOCIATES INC,https://www.brabys.com/za/gauteng/sandton/woodmead/accounting/rubin-h-associates-inc,Woodmead, Sandton, Gauteng,•,Phone:,null,null,confirmed_no_website
RUDI MULLER FINANCIAL ADVISOR,https://www.brabys.com/za/north-west/klerksdorp/flamwood/financial-consultants/rudi-muller-financial-advisor,Flamwood, Klerksdorp, North West,•,Phone:,Email:,null,confirmed_no_website
RUDOLPH EIENDOM & VERSEKERINGSMAKELAARS,https://www.brabys.com/za/north-west/klerksdorp/new-town/financial-consultants/rudolph-eiendom-versekeringsmakelaars,New Town, Klerksdorp, North West,•,Phone:,null,null,confirmed_no_website
RUSSEL WOLPE FINANCIAL CONSULTANTS,https://www.brabys.com/za/gauteng/sandton/houghton/financial-consultants/russel-wolpe-financial-consultants,Houghton, Sandton, Gauteng,•,Phone:,Email:,null,confirmed_no_website
RUSSELL WALLETT FINANCIAL SERVICES CC,https://www.brabys.com/za/gauteng/johannesburg/mulbarton/financial-services/russell-wallett-financial-services-cc,Mulbarton, Johannesburg, Gauteng,•,Phone:,Email:,null,confirmed_no_website
RUSTIC LIVING TRADING,https://www.brabys.com/za/northern-cape/victoria-west/finance/rustic-living-trading,Victoria West, Northern Cape,•,Phone:,null,null,confirmed_no_website
S & H CRONJE FINANCIAL SERVICES,https://www.brabys.com/za/eastern-cape/uitenhage/financial-services/s-h-cronje-financial-services,Uitenhage, Eastern Cape,•,Phone:,Share Call Fax:,null,confirmed_no_website
S A CONSULTANT GROUP CC,https://www.brabys.com/za/gauteng/centurion/eldoraigne/magazines-periodicals/s-a-consultant-group-cc,Eldoraigne, Centurion, Gauteng,•,Phone:,Email:,null,confirmed_no_website
S A FINANCE CORPORATION,https://www.brabys.com/za/western-cape/parow/plattekloof/finance-companies/s-a-finance-corporation,Plattekloof, Parow, Western Cape,•,Phone:,Share Call Fax:,http://www.safincorp.co.za/,has_website
S A FINANCIAL ENTERPRISES,https://www.brabys.com/za/kwazulu-natal/umhlanga/ridgeside/accountants-tax-consultants/s-a-financial-enterprises,Ridgeside, Umhlanga, Kwazulu-Natal,•,Phone:,Share Call Fax:,null,confirmed_no_website
S A S B O-THE FINANCE UNION,https://www.brabys.com/za/western-cape/cape-town/central/financial-services/s-a-s-b-o-the-finance-union,Central, Cape Town, Western Cape,•,Phone:,Email:,null,confirmed_no_website
S A SHARES,https://www.brabys.com/za/gauteng/sandton/sandton-city/financial-services/s-a-shares,Sandton City, Sandton, Gauteng,•,Phone:,Email:,http://www.sashares.co.za/,has_website
S A TAXI,https://www.brabys.com/za/kwazulu-natal/durban/morningside/finance-companies/s-a-taxi,Morningside, Durban, Kwazulu-Natal,•,Phone:,null,http://www.sataxi.co.za/,has_website
S A TAXI,https://www.brabys.com/za/north-west/rustenburg/finance-companies/s-a-taxi,Rustenburg, North West,•,Phone:,Cell:,null,confirmed_no_website
S A TAXI,https://www.brabys.com/za/eastern-cape/east-london/east-london-city-ctr/finance-companies/s-a-taxi,East London City Ctr, East London, Eastern Cape,•,Phone:,Email:,http://www.sataxi.co.za/,has_website
S A TAXI,https://www.brabys.com/za/gauteng/midrand/randjiespark/finance-companies/s-a-taxi,Randjiespark, Midrand, Gauteng,•,Phone:,null,http://www.sataxi.co.za/,has_website
S A TAXI,https://www.brabys.com/za/limpopo/polokwane/finance-companies/s-a-taxi,Polokwane, Limpopo,•,Phone:,Cell:,http://www.sataxi.co.za/,has_website
S B A / STEMELE BOSCH AFRICA,https://www.brabys.com/za/eastern-cape/port-elizabeth/newton-park/black-economic-empowerment/s-b-a-stemele-bosch-africa,Newton Park, Port Elizabeth, Eastern Cape,•,Phone:,Email:,http://www.bagroup.co.za/,has_website
S D A BUSINESS AND FINANCIAL CONSULTANTS,https://www.brabys.com/za/kwazulu-natal/pietermaritzburg/financial-consultants/s-d-a-business-and-financial-consultants,Pietermaritzburg, Kwazulu-Natal,•,Phone:,Cell:,http://www.sdaconsultants.co.za/,has_website
S D M AGENCIES (PTY) LTD,https://www.brabys.com/za/gauteng/centurion/hennopspark-ext-7/financial-services/s-d-m-agencies-pty-ltd,Hennopspark Ext 7, Centurion, Gauteng,•,Phone:,Email:,null,confirmed_no_website
S E D A MPUMALANGA,https://www.brabys.com/za/mpumalanga/mbombela/job-creation/s-e-d-a-mpumalanga,Mbombela, Mpumalanga,•,Phone:,null,http://www.seda.org.za/,has_website
S H B FINANCIAL SERVICES,https://www.brabys.com/za/gauteng/sandton/financial-services/s-h-b-financial-services,Sandton, Gauteng,•,Cell:,Email:,http://www.shbfs.co.za/,has_website
S M ACCOUNTING & TAX CONSULTANTS,https://www.brabys.com/za/kwazulu-natal/richards-bay/cbd/tax-clearance/s-m-accounting-tax-consultants,CBD, Richards Bay, Kwazulu-Natal,•,Phone:,Cell:,http://www.sm-accounting.co.za/,has_website
S O S FINANCE CC,https://www.brabys.com/za/gauteng/alberton/finance-companies/s-o-s-finance-cc,Alberton, Gauteng,•,Phone:,Email:,null,confirmed_no_website
S R B FINANCIAL SERVICES CC,https://www.brabys.com/za/northern-cape/kimberley/hillcrest/financial-services/s-r-b-financial-services-cc,Hillcrest, Kimberley, Northern Cape,•,Phone:,null,null,confirmed_no_website
S R M FINANCIAL BROKERS,https://www.brabys.com/za/gauteng/roodepoort/finance-companies/s-r-m-financial-brokers,Roodepoort, Gauteng,•,Phone:,Email:,null,confirmed_no_website
S W KELBER FINANCIAL SERVICES,https://www.brabys.com/za/limpopo/mokopane/financial-services/s-w-kelber-financial-services,Mokopane, Limpopo,•,Phone:,null,null,confirmed_no_website
S W U CREDIT SOLUTIONS,https://www.brabys.com/za/free-state/bloemfontein/heidedal/financial-services/s-w-u-credit-solutions,Heidedal, Bloemfontein, Free State,•,Phone:,Email:,null,confirmed_no_website
S W U CREDIT SOLUTIONS,https://www.brabys.com/za/western-cape/vredenburg/financial-services/s-w-u-credit-solutions,Vredenburg, Western Cape,•,Phone:,Email:,null,confirmed_no_website
SA HOME LOANS (GEORGE),https://www.brabys.com/za/western-cape/george/george-central/home-finance/sa-home-loans-george,George Central, George, Western Cape,•,Phone:,Cell:,null,confirmed_no_website
SAB & T BEE,https://www.brabys.com/za/kwazulu-natal/durban/sherwood/bee-events-training/sab-t-bee,Sherwood, Durban, Kwazulu-Natal,•,Share Call Fax:,Email:,http://www.sabtbee.co.za/,has_website
SABA CONSULTING,https://www.brabys.com/za/gauteng/sandton/highlands-north/financial-consultants/saba-consulting,Highlands North, Sandton, Gauteng,•,Phone:,Cell:,null,confirmed_no_website
SABLE INTERNATIONAL,https://www.brabys.com/za/western-cape/cape-town/kenilworth/wealth-management/sable-international,Kenilworth, Cape Town, Western Cape,•,Phone:,Email:,http://www.sableinternational.com/,has_website
SABRINA MAKELAARS BK,https://www.brabys.com/za/gauteng/pretoria/val-de-grace/insurance-brokers/sabrina-makelaars-bk,Val-De-Grace, Pretoria, Gauteng,•,Phone:,Email:,http://www.sabrina.co.za/,has_website
SAI TAXIS,https://www.brabys.com/za/kwazulu-natal/durban/snell-parade/metered-taxis/sai-taxis,Snell Parade, Durban, Kwazulu-Natal,•,Cell:,null,null,confirmed_no_website
SAKHINDIMA CONSULTANTS,https://www.brabys.com/za/gauteng/sandton/bezuidenhout-valley/financial-services/sakhindima-consultants,Bezuidenhout Valley, Sandton, Gauteng,•,Phone:,Cell:,null,confirmed_no_website
SALDANHA GROUP OF COMPANIES,https://www.brabys.com/za/western-cape/cape-town/v-a-waterfront/wealth-management/saldanha-group-of-companies,V & A Waterfront, Cape Town, Western Cape,•,Phone:,Email:,http://www.saldanha.co.za/,has_website
SALLY'S FINANCE CC,https://www.brabys.com/za/kwazulu-natal/pietermaritzburg/raisethorpe/financial-consultants/sallys-finance-cc,Raisethorpe, Pietermaritzburg, Kwazulu-Natal,•,Phone:,Email:,null,confirmed_no_website
SALVO CAPITAL,https://www.brabys.com/za/free-state/bloemfontein/brandwag/insurance-brokers/salvo-capital,Brandwag, Bloemfontein, Free State,•,Phone:,Email:,http://www.salvocapital.com/,has_website
SAMBA (CO-OP) LTD,https://www.brabys.com/za/free-state/bloemfontein/city-centre/financial-institutions/samba-co-op-ltd,City Centre, Bloemfontein, Free State,•,Phone:,Email:,http://www.sambacoop.com/,has_website
SANDRA BESWICK & ASSOCIATES (PTY) LTD,https://www.brabys.com/za/gauteng/sandton/rivonia/financial-management-services/sandra-beswick-associates-pty-ltd,Rivonia, Sandton, Gauteng,•,Cell:,null,http://www.sbassociates.co.za/,has_website
SANDTON TAXI CABS (PTY) LTD,https://www.brabys.com/za/gauteng/sandton/rivonia/taxi-services/sandton-taxi-cabs-pty-ltd,Rivonia, Sandton, Gauteng,•,Phone:,Share Call Fax:,http://www.sandtontaxicabs.co.za/,has_website
SANFEN FINANCIAL SERVICES,https://www.brabys.com/za/eastern-cape/uitenhage/cannon-hill/financial-services/sanfen-financial-services,Cannon Hill, Uitenhage, Eastern Cape,•,Phone:,null,null,confirmed_no_website
SANLAM,https://www.brabys.com/za/mpumalanga/volksrust/financial-services/sanlam,Volksrust, Mpumalanga,•,Phone:,Share Call Fax:,null,confirmed_no_website
SANLAM,https://www.brabys.com/za/kwazulu-natal/durban/central/financial-services/sanlam,Central, Durban, Kwazulu-Natal,•,Phone:,null,http://www.sanlam.co.za/,has_website
SANLAM,https://www.brabys.com/za/north-west/wolmaransstad/financial-consultants/sanlam,Wolmaransstad, North West,•,Phone:,Email:,null,confirmed_no_website
SANLAM - GEORGE,https://www.brabys.com/za/western-cape/george/george-central/financial-consultants/sanlam-george,George Central, George, Western Cape,•,Phone:,null,null,confirmed_no_website
SANLAM 4U,https://www.brabys.com/za/western-cape/hermanus/financial-services/sanlam-4u,Hermanus, Western Cape,•,Phone:,Email:,null,confirmed_no_website
SANLAM CAPITAL MARKETS,https://www.brabys.com/za/gauteng/sandton/risk-management-services/sanlam-capital-markets,Sandton, Gauteng,•,Phone:,Email:,http://www.scm.sanlam.co.za/,has_website
SANLAM COBALT,https://www.brabys.com/za/western-cape/bellville/financial-services/sanlam-cobalt,Bellville, Western Cape,•,Phone:,Email:,http://www.sanlam-cobalt.co.za/,has_website
SANLAM FINANCIAL PLANNING,https://www.brabys.com/za/mpumalanga/emalahleni/fransville/financial-services/sanlam-financial-planning,Fransville, Emalahleni, Mpumalanga,•,Phone:,null,null,confirmed_no_website
SANLAM FINANCIAL SERVICES,https://www.brabys.com/za/mpumalanga/lydenburg/financial-services/sanlam-financial-services,Lydenburg, Mpumalanga,•,Phone:,Share Call Fax:,null,confirmed_no_website
SANLAM INVESTMENT MANAGEMENT,https://www.brabys.com/za/western-cape/bellville/tygervalley/financial-services/sanlam-investment-management,Tygervalley, Bellville, Western Cape,•,Phone:,null,http://www.sanlam.co.za/,has_website
SANLAM SOUTHCOAST FINANCIAL SERVICES,https://www.brabys.com/za/kwazulu-natal/port-shepstone/retirement-planning/sanlam-southcoast-financial-services,Port Shepstone, Kwazulu-Natal,•,Phone:,Share Call Fax:,null,confirmed_no_website
SANPLEX BLOUSTER SANLAM,https://www.brabys.com/za/free-state/harrismith/financial-tax-consultants/sanplex-blouster-sanlam,Harrismith, Free State,•,Phone:,Email:,null,confirmed_no_website
SANTAM WESTRAND DRIVE IN CENTRE,https://www.brabys.com/za/gauteng/randburg/klipfontein-no-4/financial-services/santam-westrand-drive-in-centre,Klipfontein No 4, Randburg, Gauteng,•,Cell:,Email:,null,confirmed_no_website
SAPIENTIS FINANCIAL CONSULTANTS,https://www.brabys.com/za/gauteng/sandton/bryanston/financial-consultants/sapientis-financial-consultants,Bryanston, Sandton, Gauteng,•,Cell:,Email:,http://www.sapientis.co.za/,has_website
SAPOR GROUP,https://www.brabys.com/za/gauteng/johannesburg/bassonia/financial-services/sapor-group,Bassonia, Johannesburg, Gauteng,•,Phone:,null,null,confirmed_no_website
SASBO,https://www.brabys.com/za/gauteng/centurion/zwartkop-ext-7/financial-services/sasbo,Zwartkop Ext 7, Centurion, Gauteng,•,Phone:,Email:,http://www.sasbo.org.za/,has_website
SASFIN,https://www.brabys.com/za/kwazulu-natal/westville/financial-services/sasfin,Westville, Kwazulu-Natal,•,Phone:,null,null,confirmed_no_website
SASFIN FINANCIAL ADVISORY SERVICES (PTY) LTD,https://www.brabys.com/za/gauteng/sandton/belgravia/financial-services/sasfin-financial-advisory-services-pty-ltd,Belgravia, Sandton, Gauteng,•,Phone:,null,http://www.sasfin.com/,has_website
SASFIN FRANKEL POLLAK SECURITIES (PTY) LTD,https://www.brabys.com/za/eastern-cape/port-elizabeth/perridgevale/finance-companies/sasfin-frankel-pollak-securities-pty-ltd,Perridgevale, Port Elizabeth, Eastern Cape,•,Phone:,Email:,null,confirmed_no_website
SASFIN SECURITIES (PTY) LIMTED,https://www.brabys.com/za/gauteng/pretoria/menlo-park/stock-share-brokers/sasfin-securities-pty-limted,Menlo Park, Pretoria, Gauteng,•,Phone:,Email:,null,confirmed_no_website
SASOLBURG BLUESTAR FINANCIAL ADVISORY SERVICES,https://www.brabys.com/za/free-state/sasolburg/financial-services/sasolburg-bluestar-financial-advisory-services,Sasolburg, Free State,•,Phone:,Email:,null,confirmed_no_website
SCANCOR FINANCIAL SERVICES,https://www.brabys.com/za/mpumalanga/secunda/financial-services/scancor-financial-services,Secunda, Mpumalanga,•,Phone:,Email:,null,confirmed_no_website
SCANCOR FINANCIAL SERVICES (PTY) LTD,https://www.brabys.com/za/kwazulu-natal/kokstad/finance-companies/scancor-financial-services-pty-ltd,Kokstad, Kwazulu-Natal,•,Phone:,Email:,null,confirmed_no_website
SCANCOR FIVE (PTY) LTD,https://www.brabys.com/za/eastern-cape/east-london/east-london-city-ctr/finance-companies/scancor-five-pty-ltd,East London City Ctr, East London, Eastern Cape,•,Phone:,null,null,confirmed_no_website
SCHABBIES FINANCIAL SERVICES,https://www.brabys.com/za/north-west/potchefstroom/financial-services/schabbies-financial-services,Potchefstroom, North West,•,Phone:,Email:,null,confirmed_no_website
SECFIN,https://www.brabys.com/za/kwazulu-natal/pinetown/financial-consultants/secfin,Pinetown, Kwazulu-Natal,•,Phone:,null,null,confirmed_no_website
SECUNDA FINANCIAL ADVICE SERVICES,https://www.brabys.com/za/mpumalanga/secunda/financial-services/secunda-financial-advice-services,Secunda, Mpumalanga,•,Phone:,Share Call Fax:,null,confirmed_no_website
SECURE INSURANCE & FINANCIAL SERVICES CC,https://www.brabys.com/za/western-cape/cape-town/rondebosch/financial-services/secure-insurance-financial-services-cc,Rondebosch, Cape Town, Western Cape,•,Phone:,Cell:,null,confirmed_no_website
SEDA,https://www.brabys.com/za/mpumalanga/emalahleni/advisory-services/seda,Emalahleni, Mpumalanga,•,Phone:,null,http://www.seda.org.za/,has_website
SEDA,https://www.brabys.com/za/north-west/rustenburg/financial-consultants/seda,Rustenburg, North West,•,Phone:,Email:,http://www.seda.org.za/,has_website
SEDA CACADU DM SATELLITE OFF CAMDEBOO,https://www.brabys.com/za/eastern-cape/graaff-reinet/financial-consultants/seda-cacadu-dm-satellite-off-camdeboo,Graaff-Reinet, Eastern Cape,•,Phone:,Share Call Fax:,http://www.seda.co.za/,has_website
SEDA-UPINGTON,https://www.brabys.com/za/northern-cape/upington/financial-consultants/seda-upington,Upington, Northern Cape,•,Phone:,Email:,http://www.seda.co.za/,has_website
SEECAST CONSULTING,https://www.brabys.com/za/gauteng/johannesburg/fairland/financial-tax-consultants/seecast-consulting,Fairland, Johannesburg, Gauteng,•,Phone:,Email:,null,confirmed_no_website
SEED BENEFIT CONSULTING CC,https://www.brabys.com/za/western-cape/bellville/loevenstein/financial-consultants/seed-benefit-consulting-cc,Loevenstein, Bellville, Western Cape,•,Phone:,Email:,null,confirmed_no_website
SEENI PATHER FINANCIAL CONSULTANTS,https://www.brabys.com/za/kwazulu-natal/queensburgh/escombe/financial-consultants/seeni-pather-financial-consultants,Escombe, Queensburgh, Kwazulu-Natal,•,Phone:,Email:,null,confirmed_no_website
SELECT AFRICA,https://www.brabys.com/za/gauteng/johannesburg/illovo/financial-services/select-africa,Illovo, Johannesburg, Gauteng,•,Phone:,Email:,http://www.selectafrica.net/,has_website
SELEKANE CONSULTANTS,https://www.brabys.com/za/gauteng/sandton/bryanston/asset-management/selekane-consultants,Bryanston, Sandton, Gauteng,•,Phone:,Email:,http://www.selekane.co.za/,has_website
SENSFIN (PTY) LTD,https://www.brabys.com/za/gauteng/pretoria/menlo-park/financial-services/sensfin-pty-ltd,Menlo Park, Pretoria, Gauteng,•,Phone:,Email:,http://www.sensfin.com/,has_website
SENTINEL RETIREMENT FUND,https://www.brabys.com/za/mpumalanga/emalahleni/del-judor-exts/finance-companies/sentinel-retirement-fund,Del Judor Exts, Emalahleni, Mpumalanga,•,Phone:,null,http://www.sentinel.co.za/,has_website
SENTRUM FINANCIAL SERVICES,https://www.brabys.com/za/kwazulu-natal/queensburgh/malvern/financial-services/sentrum-financial-services,Malvern, Queensburgh, Kwazulu-Natal,•,Phone:,Share Call Fax:,null,confirmed_no_website
SEQUESTRATION WAREHOUSE,https://www.brabys.com/za/gauteng/pretoria/villieria/financial-planning/sequestration-warehouse,Villieria, Pretoria, Gauteng,•,VOIP:,Email:,http://www.sequestrationwarehouse.co.za/,has_website
SETZKORN HARVEY DODDS & ASSOCIATES CC,https://www.brabys.com/za/kwazulu-natal/kloof/financial-consultants/setzkorn-harvey-dodds-associates-cc,Kloof, Kwazulu-Natal,•,Phone:,Cell:,null,confirmed_no_website
SHACKLETON RISK MANAGEMENT,https://www.brabys.com/za/gauteng/sandton/strathavon/financial-services/shackleton-risk-management,Strathavon, Sandton, Gauteng,•,Phone:,Share Call Fax:,http://www.shackletonrisk.co.za/,has_website
SHAKTI FINANCE,https://www.brabys.com/za/kwazulu-natal/phoenix/westham/finance-companies/shakti-finance,Westham, Phoenix, Kwazulu-Natal,•,Phone:,Email:,null,confirmed_no_website
SHARE DIRECT,https://www.brabys.com/za/gauteng/centurion/lyttelton-a-h/financial-services/share-direct,Lyttelton A H, Centurion, Gauteng,•,Phone:,Email:,http://www.sharedirect.co.za/,has_website
SHARENET,https://www.brabys.com/za/western-cape/bellville/tyger-waterfront/stock-share-brokers/sharenet,Tyger Waterfront, Bellville, Western Cape,•,Phone:,Email:,http://www.sharenet.co.za/,has_website
SHAUN'S TAXIS,https://www.brabys.com/za/kwazulu-natal/durban/mount-vernon/metered-taxis/shauns-taxis,Mount Vernon, Durban, Kwazulu-Natal,•,Phone:,Email:,null,confirmed_no_website
SHAVIYELA TAXI TOURS,https://www.brabys.com/za/mpumalanga/mbombela/taxi-services/shaviyela-taxi-tours,Mbombela, Mpumalanga,•,Cell:,null,null,confirmed_no_website
SHAWN SMIT - FINANCIAL ADVISOR,https://www.brabys.com/za/kwazulu-natal/umhlanga/financial-services/shawn-smit-financial-advisor,Umhlanga, Kwazulu-Natal,•,Cell:,Email:,null,confirmed_no_website
SHER BARKHAN & SCHAUDER,https://www.brabys.com/za/gauteng/sandton/woodmead/financial-consultants/sher-barkhan-schauder,Woodmead, Sandton, Gauteng,•,Phone:,null,null,confirmed_no_website
SHERINA BELEGGINGS BK,https://www.brabys.com/za/gauteng/midrand/halfway-house/finance-companies/sherina-beleggings-bk,Halfway House, Midrand, Gauteng,•,Phone:,Email:,null,confirmed_no_website
SIBUSISO CONSULTING (PTY) LTD,https://www.brabys.com/za/gauteng/kempton-park/birch-acres/financial-services/sibusiso-consulting-pty-ltd,Birch Acres, Kempton Park, Gauteng,•,Cell:,Email:,http://www.sibusisoconsulting.co.za/,has_website
SIGMA BLUESTAR,https://www.brabys.com/za/mpumalanga/mbombela/financial-advisors/sigma-bluestar,Mbombela, Mpumalanga,•,Phone:,Email:,http://www.sigmabluestar.com/,has_website
SILKE FINANCIAL SERVICES,https://www.brabys.com/za/western-cape/cape-town/pinelands/finance-companies/silke-financial-services,Pinelands, Cape Town, Western Cape,•,Phone:,Email:,http://www.silke.co.za/,has_website
SILVER OAK INVESTMENTS,https://www.brabys.com/za/western-cape/cape-town/meadowridge/investment-consultants/silver-oak-investments,Meadowridge, Cape Town, Western Cape,•,Phone:,Cell:,null,confirmed_no_website
SILVERTREE RISK & WEALTH MANAGEMENT CC,https://www.brabys.com/za/western-cape/cape-town/tokai/financial-services/silvertree-risk-wealth-management-cc,Tokai, Cape Town, Western Cape,•,Phone:,Email:,http://www.silvertree.co.za/,has_website
SIMEKA CONSULTANTS & ACTUARIES,https://www.brabys.com/za/western-cape/bellville/tygervalley/financial-consultants/simeka-consultants-actuaries,Tygervalley, Bellville, Western Cape,•,Phone:,Email:,http://www.simekaconsult.co.za/,has_website
SINBOND MUTUAL BANK,https://www.brabys.com/za/limpopo/polokwane/finance-companies/sinbond-mutual-bank,Polokwane, Limpopo,•,Phone:,Email:,http://www.sinbond.co.za/,has_website
SIRIUS FINANCIAL NAVIGATIONS,https://www.brabys.com/za/kwazulu-natal/kloof/finance-companies/sirius-financial-navigations,Kloof, Kwazulu-Natal,•,Phone:,Share Call Fax:,http://www.siriusgroup.org/,has_website
SIRIUS FINANCIAL SERVICES,https://www.brabys.com/za/gauteng/johannesburg/kensington/financial-services/sirius-financial-services,Kensington, Johannesburg, Gauteng,•,Phone:,null,null,confirmed_no_website
SIRIUS FUND MANAGEMENT,https://www.brabys.com/za/western-cape/cape-town/constantia/financial-management-services/sirius-fund-management,Constantia, Cape Town, Western Cape,•,Phone:,null,null,confirmed_no_website
SIYABONGA PERSONAL SERVICE,https://www.brabys.com/za/kwazulu-natal/pietermaritzburg/finance-companies/siyabonga-personal-service,Pietermaritzburg, Kwazulu-Natal,•,Phone:,Share Call Fax:,null,confirmed_no_website
SIYENZA TEXTILES (PTY) LTD,https://www.brabys.com/za/eastern-cape/port-elizabeth/struandale/black-economic-empowerment/siyenza-textiles-pty-ltd,Struandale, Port Elizabeth, Eastern Cape,•,Phone:,Cell:,null,confirmed_no_website
SIZEKA FINANCIAL SOLUTIONS,https://www.brabys.com/za/kwazulu-natal/pietermaritzburg/financial-services/sizeka-financial-solutions,Pietermaritzburg, Kwazulu-Natal,•,Phone:,Email:,null,confirmed_no_website
SKYBOUND CAPITAL (PTY) LTD,https://www.brabys.com/za/western-cape/cape-town/newlands/financial-services/skybound-capital-pty-ltd,Newlands, Cape Town, Western Cape,•,Phone:,null,null,confirmed_no_website
SKYE FINANCIAL CONSULTANTS,https://www.brabys.com/za/kwazulu-natal/umhlanga/umhlanga-rocks/financial-consultants/skye-financial-consultants,Umhlanga Rocks, Umhlanga, Kwazulu-Natal,•,Phone:,Email:,null,confirmed_no_website
SMALL ENTERPRISE FINANCE AGENTS,https://www.brabys.com/za/eastern-cape/port-elizabeth/newton-park/financial-analysis-planning-management/small-enterprise-finance-agents,Newton Park, Port Elizabeth, Eastern Cape,•,Phone:,Email:,http://www.khula.org.za/,has_website
SOFTY COMP,https://www.brabys.com/za/gauteng/centurion/eldoraigne/financial-services/softy-comp,Eldoraigne, Centurion, Gauteng,•,Phone:,null,http://www.softycomp.co.za/,has_website
SOROUR FAMILY OFFICE,https://www.brabys.com/za/western-cape/cape-town/tamboerskloof/financial-advisors/sorour-family-office,Tamboerskloof, Cape Town, Western Cape,•,Phone:,Email:,null,confirmed_no_website
SOTOBE FINANCIAL,https://www.brabys.com/za/kwazulu-natal/empangeni/cbd/financial-consultants/sotobe-financial,CBD, Empangeni, Kwazulu-Natal,•,Phone:,null,null,confirmed_no_website
SOUTH AFRICAN BANK OF ATHENS,https://www.brabys.com/za/gauteng/pretoria/new-muckleneuk/financial-services/south-african-bank-of-athens,New Muckleneuk, Pretoria, Gauteng,•,Phone:,Email:,http://www.bankofathens.co.za/,has_website
SOUTH AFRICAN BLACK ECONOMIC RATING AGENCY (S.A.B.E.R.A.),https://www.brabys.com/za/kwazulu-natal/tongaat/bee-ratings/south-african-black-economic-rating-agency-sabera,Tongaat, Kwazulu-Natal,•,Phone:,Cell:,http://www.sabera.co.za/,has_website
SOUTH AFRICAN BLACK ECONOMIC RATING AGENCY (SABERA),https://www.brabys.com/za/kwazulu-natal/tongaat/mithanagar/bee-verification/south-african-black-economic-rating-agency-sabera,Mithanagar, Tongaat, Kwazulu-Natal,•,Phone:,Cell:,http://www.sabera.co.za/,has_website
SOUTH AFRICAN INSTITUTE OF BLACK PROPERTY PRACTITIONERS,https://www.brabys.com/za/gauteng/sandton/houghton/bee-strategy-consulting/south-african-institute-of-black-property-practitioners,Houghton, Sandton, Gauteng,•,Phone:,Email:,http://www.saibpp.co.za/,has_website
SOUTH AFRICAN SOFTWARE SOLUTION ARCHITECTS,https://www.brabys.com/za/gauteng/pretoria/claremont/business-solution/south-african-software-solution-architects,Claremont, Pretoria, Gauteng,•,Phone:,Cell:,http://www.sassaonline.co.za/,has_website
SOUTH CITY FINANCIAL PLANNERS,https://www.brabys.com/za/eastern-cape/port-elizabeth/walmer/financial-planning/south-city-financial-planners,Walmer, Port Elizabeth, Eastern Cape,•,Phone:,Email:,null,confirmed_no_website
SOUTHERN AFRICAN ASSET MANAGEMENT ASSOCIATION,https://www.brabys.com/za/gauteng/centurion/highveld-technopark/asset-management/southern-african-asset-management-association,Highveld Technopark, Centurion, Gauteng,•,Phone:,Share Call Fax:,http://www.saama.org.za/,has_website
SOUTHERN CHARTER,https://www.brabys.com/za/western-cape/cape-town/tokai/financial-services/southern-charter,Tokai, Cape Town, Western Cape,•,Phone:,Email:,null,confirmed_no_website
SOUTHERN CHARTER,https://www.brabys.com/za/western-cape/cape-town/rondebosch/financial-services/southern-charter,Rondebosch, Cape Town, Western Cape,•,Phone:,Email:,http://www.southerncharter.co.za/,has_website
SOUTHERN CHARTER,https://www.brabys.com/za/gauteng/sandton/bryanston/financial-services/southern-charter,Bryanston, Sandton, Gauteng,•,Phone:,Email:,http://www.southerncharter.co.za/,has_website
SP VAN HUYSSTEEN,https://www.brabys.com/za/western-cape/villiersdorp/financial-consultants/sp-van-huyssteen,Villiersdorp, Western Cape,•,Phone:,null,null,confirmed_no_website
SPANOUDIS BASIL FINANCIAL CONSULTANTS,https://www.brabys.com/za/western-cape/cape-town/kenilworth/financial-consultants/spanoudis-basil-financial-consultants,Kenilworth, Cape Town, Western Cape,•,Phone:,Email:,null,confirmed_no_website
SPECTRUM FINANCIAL CONSULTANTS,https://www.brabys.com/za/gauteng/randburg/kensington-b/insurance-medical-aid-brokers/spectrum-financial-consultants,Kensington B, Randburg, Gauteng,•,Phone:,Email:,null,confirmed_no_website
SPEEDACC,https://www.brabys.com/za/kwazulu-natal/umhlanga/umhlanga-ridge/financial-consultants/speedacc,Umhlanga Ridge, Umhlanga, Kwazulu-Natal,•,Phone:,Email:,null,confirmed_no_website
SPEEDY FINANCIAL SEVICES,https://www.brabys.com/za/kwazulu-natal/durban/rossburgh/finance-companies/speedy-financial-sevices,Rossburgh, Durban, Kwazulu-Natal,•,Phone:,Email:,null,confirmed_no_website
SPEKTRUM LOANS,https://www.brabys.com/za/mpumalanga/standerton/loans/spektrum-loans,Standerton, Mpumalanga,•,Phone:,Email:,http://www.spekfin.com/,has_website
SPES BONA FINANCIAL ADMINISTRATORS (PTY) LTD,https://www.brabys.com/za/gauteng/pretoria/persequor/financial-services/spes-bona-financial-administrators-pty-ltd,Persequor, Pretoria, Gauteng,•,Phone:,Email:,null,confirmed_no_website
ST JAMES GLOBAL,https://www.brabys.com/za/western-cape/knysna/paradise/financial-consultants/st-james-global,Paradise, Knysna, Western Cape,•,Phone:,null,null,confirmed_no_website
ST&T COMPLIANCE,https://www.brabys.com/za/western-cape/durbanville/financial-services/stt-compliance,Durbanville, Western Cape,•,Cell:,Email:,http://www.stellentrust.co.za/,has_website
STANDARD BANK FINANCIAL SERVICES (PTY) LTD,https://www.brabys.com/za/northern-cape/de-aar/finance-companies/standard-bank-financial-services-pty-ltd,De Aar, Northern Cape,•,Email:,null,http://www.standardbank.co.za/,has_website
STANDARD BANK FINANCIAL SERVICES (PTY) LTD,https://www.brabys.com/za/western-cape/worcester/central/finance-companies/standard-bank-financial-services-pty-ltd,Central, Worcester, Western Cape,•,Share Call Fax:,null,http://www.standardbank.co.za/,has_website
STANDARD BANK VEHICLE & ASSET FINANCE,https://www.brabys.com/za/kwazulu-natal/durban/greyville/vehicle-financing/standard-bank-vehicle-asset-finance,Greyville, Durban, Kwazulu-Natal,•,null,null,http://www.standardbank.co.za/,has_website
STANDARD MERCHANT,https://www.brabys.com/za/gauteng/sandton/sandown/asset-finance/standard-merchant,Sandown, Sandton, Gauteng,•,Phone:,Email:,http://www.standardmerchant.co.za/,has_website
STANDARD PRIVATE BANK EQUITY ADVISORY SERVICES,https://www.brabys.com/za/western-cape/cape-town/claremont/banks/standard-private-bank-equity-advisory-services,Claremont, Cape Town, Western Cape,•,Phone:,null,null,confirmed_no_website
STANLIB ASSET MANAGEMENT,https://www.brabys.com/za/gauteng/johannesburg/melrose-arch/asset-management/stanlib-asset-management,Melrose Arch, Johannesburg, Gauteng,•,Phone:,Email:,http://www.stanlib.com/,has_website
STAR CABS,https://www.brabys.com/za/eastern-cape/uitenhage/college-hill/taxi-services/star-cabs,College Hill, Uitenhage, Eastern Cape,•,Phone:,null,null,confirmed_no_website
STAR FINANCE,https://www.brabys.com/za/western-cape/kuils-river/kuils-river-ind/financial-services/star-finance,Kuils River Ind, Kuils River, Western Cape,•,Phone:,null,null,confirmed_no_website
STARLITES CABS,https://www.brabys.com/za/kwazulu-natal/umhlanga/umhlanga-ridge/metered-taxis/starlites-cabs,Umhlanga Ridge, Umhlanga, Kwazulu-Natal,•,Cell:,Email:,null,confirmed_no_website
STATEWIDE (PTY) LTD,https://www.brabys.com/za/kwazulu-natal/durban/morningside/training-skills-development/statewide-pty-ltd,Morningside, Durban, Kwazulu-Natal,•,Phone:,Email:,null,confirmed_no_website
STATUS CAPITAL (PTY) LTD,https://www.brabys.com/za/gauteng/sandton/morningside-manor/finance-companies/status-capital-pty-ltd,Morningside Manor, Sandton, Gauteng,•,Cell:,Share Call Fax:,http://www.statuscapital.co.za/,has_website
STEADFAST,https://www.brabys.com/za/gauteng/pretoria/faerie-glen/finance/steadfast,Faerie Glen, Pretoria, Gauteng,•,Phone:,Email:,http://www.steadfast.co.za/,has_website
STEADWEALTH MANAGEMENT,https://www.brabys.com/za/gauteng/pretoria/die-wilgers/financial-consultants/steadwealth-management,Die Wilgers, Pretoria, Gauteng,•,Phone:,Email:,null,confirmed_no_website
STEENKAMP JM AND PARTNERS,https://www.brabys.com/za/kwazulu-natal/vryheid/accountants-auditors/steenkamp-jm-and-partners,Vryheid, Kwazulu-Natal,•,Phone:,Email:,null,confirmed_no_website
STEENKAMP WEALTH BLUE STAR,https://www.brabys.com/za/western-cape/bredasdorp/financial-services/steenkamp-wealth-blue-star,Bredasdorp, Western Cape,•,Phone:,Email:,null,confirmed_no_website
STEVE CARSTENS FINANCIAL SERVICES,https://www.brabys.com/za/kwazulu-natal/pietermaritzburg/montrose/financial-services/steve-carstens-financial-services,Montrose, Pietermaritzburg, Kwazulu-Natal,•,Phone:,null,null,confirmed_no_website
STICITT,https://www.brabys.com/za/gauteng/pretoria/persequor-park/financial-services/sticitt,Persequor Park, Pretoria, Gauteng,•,Phone:,null,http://www.sticitt.co.za/,has_website
STIRLING ACCOUNTING & TAX SERVICES,https://www.brabys.com/za/western-cape/paarl/suider-paarl/taxation-services/stirling-accounting-tax-services,Suider Paarl, Paarl, Western Cape,•,Phone:,Email:,null,confirmed_no_website
STONE WEALTH MANAGEMENT (PTY) LTD,https://www.brabys.com/za/kwazulu-natal/kloof/financial-advisors/stone-wealth-management-pty-ltd,Kloof, Kwazulu-Natal,•,Phone:,null,null,confirmed_no_website
STRATCORP LTD,https://www.brabys.com/za/gauteng/centurion/verwoerdburgstad/marketing-company/stratcorp-ltd,Verwoerdburgstad, Centurion, Gauteng,•,Phone:,Email:,http://www.stratcorp.co.za/,has_website
STRATEGIC FINANCIAL MANAGEMENT GROUP (SFM GROUP),https://www.brabys.com/za/kwazulu-natal/durban/morningside/insurance-brokers/strategic-financial-management-group-sfm-group,Morningside, Durban, Kwazulu-Natal,•,Phone:,Email:,null,confirmed_no_website
STRATFIN SOLUTIONS,https://www.brabys.com/za/gauteng/sandton/kew/taxation-services/stratfin-solutions,Kew, Sandton, Gauteng,•,Phone:,Email:,http://www.stratfin.co.za/,has_website
STRATMOORE FINANCE & ASSET MANAGEMENT (PTY) LTD,https://www.brabys.com/za/kwazulu-natal/durban/overport/asset-management/stratmoore-finance-asset-management-pty-ltd,Overport, Durban, Kwazulu-Natal,•,Phone:,null,null,confirmed_no_website
STRUCTURED WEALTH MANAGEMENT,https://www.brabys.com/za/kwazulu-natal/durban/morningside/asset-management/structured-wealth-management,Morningside, Durban, Kwazulu-Natal,•,Phone:,Email:,http://www.swm.org.za/,has_website
STUKA FINANCIAL CONSULTANTS,https://www.brabys.com/za/eastern-cape/port-elizabeth/neave-industrial/financial-consultants/stuka-financial-consultants,Neave Industrial, Port Elizabeth, Eastern Cape,•,Phone:,Email:,null,confirmed_no_website
SUBLINE FINANCIAL SERVICES,https://www.brabys.com/za/kwazulu-natal/umhlanga/umhlanga-ridge/financial-services/subline-financial-services,Umhlanga Ridge, Umhlanga, Kwazulu-Natal,•,Phone:,Email:,null,confirmed_no_website
SUCCESSION FINANCIAL PLANNING,https://www.brabys.com/za/western-cape/bellville/tygervalley/financial-planning/succession-financial-planning,Tygervalley, Bellville, Western Cape,•,Phone:,Email:,http://www.sfpadvice.co.za/,has_website
SUNDY AND ASSOCIATES,https://www.brabys.com/za/kwazulu-natal/gillitts/financial-services/sundy-and-associates,Gillitts, Kwazulu-Natal,•,Phone:,null,null,confirmed_no_website
SUPER LOANS,https://www.brabys.com/za/western-cape/athlone/sand-industria/financial-services/super-loans,Sand Industria, Athlone, Western Cape,•,Phone:,Email:,null,confirmed_no_website
SUPERBUS,https://www.brabys.com/za/western-cape/cape-town/wynberg/taxi-services/superbus,Wynberg, Cape Town, Western Cape,•,Phone:,Email:,null,confirmed_no_website
SUPREME FINANCE,https://www.brabys.com/za/free-state/welkom/city-centre/finance-companies/supreme-finance,City Centre, Welkom, Free State,•,Phone:,Email:,null,confirmed_no_website
SUPREME FINANCE,https://www.brabys.com/za/western-cape/swellendam/financial-services/supreme-finance,Swellendam, Western Cape,•,Phone:,Email:,null,confirmed_no_website
SUPREME FINANCE,https://www.brabys.com/za/gauteng/hammanskraal/financial-services/supreme-finance,Hammanskraal, Gauteng,•,Phone:,null,null,confirmed_no_website
SUPREME FINANCE,https://www.brabys.com/za/western-cape/cape-town/philippi/financial-services/supreme-finance,Philippi, Cape Town, Western Cape,•,Phone:,null,null,confirmed_no_website
SUPREME FINANCE,https://www.brabys.com/za/free-state/virginia/virginia-central/financial-services/supreme-finance,Virginia Central, Virginia, Free State,•,Phone:,null,null,confirmed_no_website
SUPREME FINANCE,https://www.brabys.com/za/kwazulu-natal/durban/musgrave/financial-services/supreme-finance,Musgrave, Durban, Kwazulu-Natal,•,Phone:,Email:,http://www.supremefinance.co.za/,has_website
SUREFIN,https://www.brabys.com/za/northern-cape/kimberley/finance-companies/surefin,Kimberley, Northern Cape,•,Phone:,null,null,confirmed_no_website
SURELINK WEALTH,https://www.brabys.com/za/kwazulu-natal/pietermaritzburg/clarendon/finance-companies/surelink-wealth,Clarendon, Pietermaritzburg, Kwazulu-Natal,•,Phone:,Email:,null,confirmed_no_website
SURESTART FINANCIAL SERVICES,https://www.brabys.com/za/western-cape/cape-town/central/financial-services/surestart-financial-services,Central, Cape Town, Western Cape,•,Phone:,Email:,http://www.surestart.co.za/,has_website
SWARTLAND FINANCIAL SERVICES,https://www.brabys.com/za/western-cape/malmesbury/financial-services/swartland-financial-services,Malmesbury, Western Cape,•,Phone:,Email:,http://www.sfd.co.za/,has_website
SWISS FINANCIAL CONSULTING,https://www.brabys.com/za/western-cape/milnerton/century-city/financial-consultants/swiss-financial-consulting,Century City, Milnerton, Western Cape,•,Phone:,Email:,http://www.swissfin.co.za/,has_website
SYGNIA ASSET MANAGEMENT,https://www.brabys.com/za/western-cape/cape-town/central/financial-services/sygnia-asset-management,Central, Cape Town, Western Cape,•,Phone:,Email:,http://www.sygnia.co.za/,has_website
SYGNIA ASSET MANAGEMENT,https://www.brabys.com/za/gauteng/sandton/asset-management/sygnia-asset-management,Sandton, Gauteng,•,Phone:,Share Call Fax:,http://www.synia.com/,has_website
SYMPHONY FINANCIAL SOLUTIONS,https://www.brabys.com/za/eastern-cape/port-elizabeth/summerstrand/financial-consultants/symphony-financial-solutions,Summerstrand, Port Elizabeth, Eastern Cape,•,Phone:,Email:,null,confirmed_no_website
SYNERGY TAXATION SERVICES,https://www.brabys.com/za/eastern-cape/east-london/berea/taxation-services/synergy-taxation-services,Berea, East London, Eastern Cape,•,Phone:,Cell:,null,confirmed_no_website
SYTFIN ADMINISTRATORS (PTY) LTD,https://www.brabys.com/za/gauteng/johannesburg/houghton/financial-services/sytfin-administrators-pty-ltd,Houghton, Johannesburg, Gauteng,•,Phone:,null,null,confirmed_no_website
T C 4U FINANCIAL SERVICES,https://www.brabys.com/za/western-cape/cape-town/central/financial-services/t-c-4u-financial-services,Central, Cape Town, Western Cape,•,Phone:,Email:,null,confirmed_no_website
T M A HOLDINGS (PTY) LTD,https://www.brabys.com/za/gauteng/sandton/atholl-ext-12/financial-analysis-planning-management/t-m-a-holdings-pty-ltd,Atholl Ext 12, Sandton, Gauteng,•,Phone:,Email:,null,confirmed_no_website
T M FINANCIAL SERVICES,https://www.brabys.com/za/gauteng/boksburg/finance-companies/t-m-financial-services,Boksburg, Gauteng,•,Phone:,Cell:,null,confirmed_no_website
T R CASH LOAN ENTERPRISES,https://www.brabys.com/za/limpopo/thohoyandou/cash-loans/t-r-cash-loan-enterprises,Thohoyandou, Limpopo,•,Phone:,null,null,confirmed_no_website
T T T FINANCE (PTY) LTD,https://www.brabys.com/za/kwazulu-natal/durban/central/financial-services/t-t-t-finance-pty-ltd,Central, Durban, Kwazulu-Natal,•,Phone:,null,null,confirmed_no_website
TANGULIZA SERVICES (PTY) LTD,https://www.brabys.com/za/gauteng/edenvale/asset-management-services/tanguliza-services-pty-ltd,Edenvale, Gauteng,•,Phone:,Email:,http://www.tanguliza.co.za/,has_website
TAU PRIDE PROJECTS (PTY) LTD,https://www.brabys.com/za/northern-cape/kimberley/monument-heights/project-financing/tau-pride-projects-pty-ltd,Monument Heights, Kimberley, Northern Cape,•,Phone:,null,http://www.taupride.com/,has_website
TAX REFUND,https://www.brabys.com/za/gauteng/kempton-park/financial-services/tax-refund,Kempton Park, Gauteng,•,Phone:,null,null,confirmed_no_website
TAX SHOP THE,https://www.brabys.com/za/north-west/rustenburg/bee-certification/tax-shop-the,Rustenburg, North West,•,Phone:,Share Call Fax:,http://www.taxshop.co.za/,has_website
TAX TIPS CC,https://www.brabys.com/za/gauteng/boksburg/financial-consultants/tax-tips-cc,Boksburg, Gauteng,•,Phone:,Email:,http://www.taxtips.co.za/,has_website
TAXI CLUB,https://www.brabys.com/za/gauteng/johannesburg/braamfontein/taxi-services/taxi-club,Braamfontein, Johannesburg, Gauteng,•,Phone:,Cell:,http://www.taxiclub.co.za/,has_website
TAXI ON CALL,https://www.brabys.com/za/gauteng/alberton/taxi-services/taxi-on-call,Alberton, Gauteng,•,Phone:,Cell:,null,confirmed_no_website
TAXI SERVICE - JOHANNESBURG,https://www.brabys.com/za/gauteng/johannesburg/taxi-services/taxi-service-johannesburg,Johannesburg, Gauteng,•,Cell:,Email:,http://www.taxiservicejohannesburg.co.za/,has_website
TAXICONER,https://www.brabys.com/za/gauteng/johannesburg/taxi-services/taxiconer,Johannesburg, Gauteng,•,Phone:,Email:,http://www.taxiconer.co.za/,has_website
TAXISCRAPPING ADMINISTRATORS (PTY) LTD,https://www.brabys.com/za/limpopo/seshego/taxi-services/taxiscrapping-administrators-pty-ltd,Seshego, Limpopo,•,Phone:,null,null,confirmed_no_website
TAXPERT TRUST (CLIVE COOPER),https://www.brabys.com/za/eastern-cape/east-london/east-london-city-ctr/financial-management-services/taxpert-trust-clive-cooper,East London City Ctr, East London, Eastern Cape,•,Phone:,Email:,null,confirmed_no_website
TAYLOR MADE FINANCIAL SERVICES,https://www.brabys.com/za/western-cape/somerset-west/paardevlei/financial-services/taylor-made-financial-services,Paardevlei, Somerset West, Western Cape,•,Phone:,null,http://www.taylormadefinancial.co.za/,has_website
TEAM FINANCIAL SERVICES,https://www.brabys.com/za/kwazulu-natal/empangeni/cbd/financial-services/team-financial-services,CBD, Empangeni, Kwazulu-Natal,•,Phone:,Email:,null,confirmed_no_website
TEAM TAX & ACCOUNTING,https://www.brabys.com/za/kwazulu-natal/durban/asherville/accounting-taxation/team-tax-accounting,Asherville, Durban, Kwazulu-Natal,•,Phone:,Cell:,http://www.teamtaxandaccounting.co.za/,has_website
TEBA,https://www.brabys.com/za/mpumalanga/malelane/financial-services/teba,Malelane, Mpumalanga,•,Phone:,Email:,null,confirmed_no_website
TEBA LIMITED,https://www.brabys.com/za/free-state/botshabelo/financial-services/teba-limited,Botshabelo, Free State,•,Phone:,null,http://www.teba.co.za/,has_website
TECHNOFIN,https://www.brabys.com/za/gauteng/pretoria/ashlea-park/finance-companies/technofin,Ashlea Park, Pretoria, Gauteng,•,Phone:,Email:,http://www.technofin.co.za/,has_website
TECHNOFIN,https://www.brabys.com/za/eastern-cape/east-london/vincent-heights/financial-services/technofin,Vincent Heights, East London, Eastern Cape,•,Phone:,Share Call Fax:,null,confirmed_no_website
TELLEMAN FINANCIAL SERVICES,https://www.brabys.com/za/western-cape/milnerton/financial-services/telleman-financial-services,Milnerton, Western Cape,•,Phone:,Email:,null,confirmed_no_website
TENACITY FINANCIAL SERVICES,https://www.brabys.com/za/western-cape/cape-town/paarden-eiland/financial-services/tenacity-financial-services,Paarden Eiland, Cape Town, Western Cape,•,Phone:,null,null,confirmed_no_website
TENRISK UNDERWRITING MANAGERS (PTY) LTD,https://www.brabys.com/za/north-west/potchefstroom/insurance-companies/tenrisk-underwriting-managers-pty-ltd,Potchefstroom, North West,•,Phone:,Share Call Fax:,http://www.tenrisk.com/,has_website
TERNARY FINANCIAL SERVICES,https://www.brabys.com/za/western-cape/bellville/tygervalley/financial-services/ternary-financial-services,Tygervalley, Bellville, Western Cape,•,Phone:,Email:,http://www.ternary.co.za/,has_website
TERWEY & ASSOCIATES,https://www.brabys.com/za/gauteng/randburg/fontainebleau/financial-consultants/terwey-associates,Fontainebleau, Randburg, Gauteng,•,Phone:,Cell:,null,confirmed_no_website
TESCON FINANCIAL ADVISORS,https://www.brabys.com/za/kwazulu-natal/durban/bulwer/income-tax-consultants/tescon-financial-advisors,Bulwer, Durban, Kwazulu-Natal,•,Phone:,Cell:,null,confirmed_no_website
TEWARI S TAXIS,https://www.brabys.com/za/kwazulu-natal/durban/central/metered-taxis/tewari-s-taxis,Central, Durban, Kwazulu-Natal,•,Cell:,null,null,confirmed_no_website
THANDABANTU FINANCE CC,https://www.brabys.com/za/gauteng/vereeniging/finance-companies/thandabantu-finance-cc,Vereeniging, Gauteng,•,Phone:,null,null,confirmed_no_website
THE BANK OF NEW YORK,https://www.brabys.com/za/gauteng/sandton/morningside/financial-services/the-bank-of-new-york,Morningside, Sandton, Gauteng,•,Phone:,null,null,confirmed_no_website
THE CAPITAL PARTNER (PTY) LTD,https://www.brabys.com/za/gauteng/pretoria/waterkloof/finance/the-capital-partner-pty-ltd,Waterkloof, Pretoria, Gauteng,•,VOIP:,null,http://www.thecapitalpartner.co.za/,has_website
THE FINANCIAL ALLIANCE,https://www.brabys.com/za/gauteng/sandton/craighall-park/wealth-management/the-financial-alliance,Craighall Park, Sandton, Gauteng,•,Phone:,Email:,http://www.financialalliance.co.za/,has_website
THE FINANCIAL OFFICE,https://www.brabys.com/za/gauteng/pretoria/heatherdale-a-h/financial-services/the-financial-office,Heatherdale A H, Pretoria, Gauteng,•,Phone:,Email:,null,confirmed_no_website
THE HEREFORD GROUP,https://www.brabys.com/za/western-cape/cape-town/century-city/finance-companies/the-hereford-group,Century City, Cape Town, Western Cape,•,Phone:,Email:,null,confirmed_no_website
THE JM LAWTON FAMILY TRUST,https://www.brabys.com/za/gauteng/kempton-park/pomona-ext-2/finance-companies/the-jm-lawton-family-trust,Pomona Ext 2, Kempton Park, Gauteng,•,Phone:,Email:,http://www.jmlinvestments.co.za/,has_website
THE NATIONAL EMPOWERMENT RATING AGENCY (NERA),https://www.brabys.com/za/gauteng/sandton/bryanston/bee-certification/the-national-empowerment-rating-agency-nera,Bryanston, Sandton, Gauteng,•,Phone:,Share Call Fax:,http://www.nerasa.co.za/,has_website
THE OFFICE,https://www.brabys.com/za/western-cape/stellenbosch/financial-services/the-office,Stellenbosch, Western Cape,•,Phone:,Email:,http://www.theoffices.co.za/,has_website
THE ONE FINANCIAL SOLUTIONS,https://www.brabys.com/za/western-cape/george/camfers-drift/financial-consultants/the-one-financial-solutions,Camfers Drift, George, Western Cape,•,Phone:,Cell:,http://www.theonefs.co.za/,has_website
THE POWER OF 2 CC,https://www.brabys.com/za/western-cape/durbanville/financial-services/the-power-of-2-cc,Durbanville, Western Cape,•,Phone:,Email:,http://www.po2.co.za/,has_website
THE RENTAL COMPANY,https://www.brabys.com/za/western-cape/paarl/financial-services/the-rental-company,Paarl, Western Cape,•,Phone:,Email:,http://www.rental.co.za/,has_website
THE SA TAX COMPANY,https://www.brabys.com/za/western-cape/milnerton/tax-services/the-sa-tax-company,Milnerton, Western Cape,•,Phone:,Email:,http://www.sataxcompany.co.za/,has_website
THE TAXATION COMPANY,https://www.brabys.com/za/gauteng/edenvale/taxation-services/the-taxation-company,Edenvale, Gauteng,•,Cell:,Email:,http://www.thetaxationco.com/,has_website
THE UNLIMITED WORLD,https://www.brabys.com/za/kwazulu-natal/hillcrest/hilldene/call-centres/the-unlimited-world,Hilldene, Hillcrest, Kwazulu-Natal,•,Phone:,Share Call Fax:,http://www.theunlimited.co.za/,has_website
THE WHITE HOUSE,https://www.brabys.com/za/mpumalanga/white-river/financial-services/the-white-house,White River, Mpumalanga,•,Phone:,Share Call Fax:,http://www.the-white-house.co.za/,has_website
THERON LE ROUX ACCOUNTANTS,https://www.brabys.com/za/western-cape/riversdale/accountants-auditors/theron-le-roux-accountants,Riversdale, Western Cape,•,Phone:,Email:,null,confirmed_no_website
THERON RENTAL TRUST,https://www.brabys.com/za/gauteng/pretoria/lukasrand/financial-planning/theron-rental-trust,Lukasrand, Pretoria, Gauteng,•,Phone:,Email:,null,confirmed_no_website
THEZA CAPITAL,https://www.brabys.com/za/gauteng/sandton/sandown/financial-services/theza-capital,Sandown, Sandton, Gauteng,•,Phone:,Email:,http://www.thezacapital.co.za/,has_website
THINUS MARAIS FINANCIAL SERVICES,https://www.brabys.com/za/mpumalanga/bethal/financial-consultants/thinus-marais-financial-services,Bethal, Mpumalanga,•,Phone:,Email:,null,confirmed_no_website
THOLI THUBA FINANCIAL SERVICE,https://www.brabys.com/za/kwazulu-natal/durban/central/financial-services/tholi-thuba-financial-service,Central, Durban, Kwazulu-Natal,•,Phone:,Email:,null,confirmed_no_website
THULANI TAXIS,https://www.brabys.com/za/kwazulu-natal/durban/central/metered-taxis/thulani-taxis,Central, Durban, Kwazulu-Natal,•,Cell:,null,null,confirmed_no_website
THULISILE FINANCIAL SERVICES,https://www.brabys.com/za/gauteng/soweto/diepkloof/financial-services/thulisile-financial-services,Diepkloof, Soweto, Gauteng,•,Phone:,null,http://www.thulisilefs.co.za/,has_website
THUSANO FIANCIAL MANAGEMENT (PTY) LTD,https://www.brabys.com/za/eastern-cape/venterstad/financial-services/thusano-fiancial-management-pty-ltd,Venterstad, Eastern Cape,•,Phone:,Email:,null,confirmed_no_website
THUSEGA FINANCIAL & BUSINESS CONSULTING CC,https://www.brabys.com/za/gauteng/vanderbijlpark/town-centre/financial-consultants/thusega-financial-business-consulting-cc,Town Centre, Vanderbijlpark, Gauteng,•,Phone:,Email:,null,confirmed_no_website
THUTHUKANI FINANCE,https://www.brabys.com/za/eastern-cape/port-elizabeth/central/finance-companies/thuthukani-finance,Central, Port Elizabeth, Eastern Cape,•,Phone:,null,null,confirmed_no_website
THUTHUKANI FINANCE,https://www.brabys.com/za/mpumalanga/ermelo/financial-services/thuthukani-finance,Ermelo, Mpumalanga,•,Phone:,null,null,confirmed_no_website
THUTHUKANI FINANCIAL SERVICE,https://www.brabys.com/za/free-state/bethlehem/financial-services/thuthukani-financial-service,Bethlehem, Free State,•,Phone:,Email:,null,confirmed_no_website
THUTHUKANI FINANCIAL SERVICE,https://www.brabys.com/za/eastern-cape/port-elizabeth/schauderville/financial-services/thuthukani-financial-service,Schauderville, Port Elizabeth, Eastern Cape,•,Phone:,Email:,null,confirmed_no_website
THUTHUKANI FINANCIAL SERVICES,https://www.brabys.com/za/limpopo/tzaneen/avispark/finance-companies/thuthukani-financial-services,Avispark, Tzaneen, Limpopo,•,Phone:,null,null,confirmed_no_website
THUTHUKANI FINANCIAL SERVICES,https://www.brabys.com/za/kwazulu-natal/port-shepstone/finance-companies/thuthukani-financial-services,Port Shepstone, Kwazulu-Natal,•,Phone:,Email:,null,confirmed_no_website
THUTHUKANI FINANCIAL SERVICES,https://www.brabys.com/za/eastern-cape/port-elizabeth/deal-party/finance-companies/thuthukani-financial-services,Deal Party, Port Elizabeth, Eastern Cape,•,Phone:,null,null,confirmed_no_website
THUTHUKANI FINANCIAL SERVICES,https://www.brabys.com/za/gauteng/springs/finance-companies/thuthukani-financial-services,Springs, Gauteng,•,Phone:,Email:,http://www.thuthukani.com/,has_website
THUTHUKANI FINANCIAL SERVICES,https://www.brabys.com/za/kwazulu-natal/margate/financial-services/thuthukani-financial-services,Margate, Kwazulu-Natal,•,Phone:,Email:,null,confirmed_no_website
THUTHUKANI FINANCIAL SERVICES,https://www.brabys.com/za/eastern-cape/humansdorp/financial-services/thuthukani-financial-services,Humansdorp, Eastern Cape,•,Phone:,null,null,confirmed_no_website
THUTHUKANI FINANCIAL SERVICES,https://www.brabys.com/za/mpumalanga/emalahleni/financial-services/thuthukani-financial-services,Emalahleni, Mpumalanga,•,Phone:,Email:,null,confirmed_no_website
THUTHUKANI FINANCIAL SERVICES,https://www.brabys.com/za/gauteng/sandton/highlands-north/financial-services/thuthukani-financial-services,Highlands North, Sandton, Gauteng,•,Phone:,Email:,null,confirmed_no_website
THUTHUKANI FINANCIAL SERVICES,https://www.brabys.com/za/free-state/kroonstad/central/financial-services/thuthukani-financial-services,Central, Kroonstad, Free State,•,Phone:,null,null,confirmed_no_website
THUTHUKANI FINANCIAL SERVICES,https://www.brabys.com/za/eastern-cape/queenstown/financial-services/thuthukani-financial-services,Queenstown, Eastern Cape,•,Phone:,Share Call Fax:,null,confirmed_no_website
THUTHUKANI FINANCIAL SERVICES,https://www.brabys.com/za/eastern-cape/king-williams-town/financial-services/thuthukani-financial-services,King William's Town, Eastern Cape,•,Phone:,Cell:,null,confirmed_no_website
THUTHUKANI FINANCIAL SERVICES (PTY) LTD,https://www.brabys.com/za/eastern-cape/port-elizabeth/sidwell/finance-companies/thuthukani-financial-services-pty-ltd,Sidwell, Port Elizabeth, Eastern Cape,•,Phone:,Email:,null,confirmed_no_website
THUTHUKANI FINANCIAL SERVICES (PTY) LTD,https://www.brabys.com/za/eastern-cape/port-elizabeth/korsten/finance-companies/thuthukani-financial-services-pty-ltd,Korsten, Port Elizabeth, Eastern Cape,•,Phone:,Email:,null,confirmed_no_website
THUTHUKANI FINANCIAL SERVICES (PTY) LTD,https://www.brabys.com/za/gauteng/pretoria/meyers-park/financial-services/thuthukani-financial-services-pty-ltd,Meyers Park, Pretoria, Gauteng,•,Phone:,Email:,http://www.thuthukani.co.za/,has_website
THUTHUKANI FINANCIAL SERVICES (PTY) LTD,https://www.brabys.com/za/eastern-cape/graaff-reinet/financial-services/thuthukani-financial-services-pty-ltd,Graaff-Reinet, Eastern Cape,•,Phone:,Email:,null,confirmed_no_website
THUTHUKANI FINANCIAL SERVICES (PTY) LTD,https://www.brabys.com/za/gauteng/pretoria/financial-services/thuthukani-financial-services-pty-ltd,Pretoria, Gauteng,•,Phone:,Email:,http://www.thuthukani.co.za/,has_website
THUTHUKANI FINANSIELE DIENSTE (PTY) LTD,https://www.brabys.com/za/western-cape/george/george-central/financial-services/thuthukani-finansiele-dienste-pty-ltd,George Central, George, Western Cape,•,Phone:,Email:,null,confirmed_no_website
THWANE FINANCIAL SERVICES,https://www.brabys.com/za/northern-cape/hotazel/finance-companies/thwane-financial-services,Hotazel, Northern Cape,•,Phone:,null,null,confirmed_no_website
TINKIE JOUBERT FINANCIAL SERVICES,https://www.brabys.com/za/mpumalanga/emalahleni/die-heuwel/financial-services/tinkie-joubert-financial-services,Die Heuwel, Emalahleni, Mpumalanga,•,Phone:,Cell:,null,confirmed_no_website
TIP TOP FINANCE,https://www.brabys.com/za/north-west/brits/finance-companies/tip-top-finance,Brits, North West,•,Phone:,null,null,confirmed_no_website
TIRISANO RISK ADMINISTRATORS CC,https://www.brabys.com/za/gauteng/springs/selcourt/management-services/tirisano-risk-administrators-cc,Selcourt, Springs, Gauteng,•,Phone:,Share Call Fax:,http://www.tirisanorisk.co.za/,has_website
TITAN DEVELOPMENT CONSULTANTS,https://www.brabys.com/za/western-cape/bellville/tygerfalls/financial-services/titan-development-consultants,Tygerfalls, Bellville, Western Cape,•,Phone:,Email:,http://www.titandc.co.za/,has_website
TITAN FINANCE,https://www.brabys.com/za/kwazulu-natal/pietermaritzburg/cash-loans/titan-finance,Pietermaritzburg, Kwazulu-Natal,•,Phone:,Email:,null,confirmed_no_website
TITAN INTERNATIONAL,https://www.brabys.com/za/gauteng/roodepoort/technikon/property-management/titan-international,Technikon, Roodepoort, Gauteng,•,Phone:,Email:,http://www.titaninternational.co.za/,has_website
TITANIUM CONSULTING SERVICES,https://www.brabys.com/za/kwazulu-natal/durban/asherville/financial-consultants/titanium-consulting-services,Asherville, Durban, Kwazulu-Natal,•,Phone:,Share Call Fax:,null,confirmed_no_website
TIV INSURANCE BROKERS,https://www.brabys.com/za/western-cape/cape-town/tokai/insurance-companies-agencies/tiv-insurance-brokers,Tokai, Cape Town, Western Cape,•,Phone:,Email:,null,confirmed_no_website
TKM SECRETARIES AND TAX CONSULTANTS (PTY) LTD,https://www.brabys.com/za/gauteng/johannesburg/bramley/financial-services/tkm-secretaries-and-tax-consultants-pty-ltd,Bramley, Johannesburg, Gauteng,•,Cell:,Email:,null,confirmed_no_website
TLHOLO VICTORY FINANCIAL SERVICES,https://www.brabys.com/za/free-state/bloemfontein/financial-services/tlholo-victory-financial-services,Bloemfontein, Free State,•,Phone:,null,null,confirmed_no_website
TLHOLO VICTORY FINANCIAL SERVICES,https://www.brabys.com/za/free-state/phuthaditjhaba/financial-services/tlholo-victory-financial-services,Phuthaditjhaba, Free State,•,Phone:,Email:,null,confirmed_no_website
TONI VAN ZYL FINANCIAL SERVICES,https://www.brabys.com/za/western-cape/gordons-bay/south-end/financial-consultants/toni-van-zyl-financial-services,South End, Gordon's Bay, Western Cape,•,Phone:,Email:,null,confirmed_no_website
TOP HOUSE CONSULTING,https://www.brabys.com/za/northern-cape/upington/finance-companies/top-house-consulting,Upington, Northern Cape,•,Phone:,Email:,null,confirmed_no_website
TORBIOUSE SOLUTIONS,https://www.brabys.com/za/gauteng/pretoria/silvertondale/financial-planning/torbiouse-solutions,Silvertondale, Pretoria, Gauteng,•,Phone:,Share Call Fax:,null,confirmed_no_website
TORCH LIGHT FINANCING CC,https://www.brabys.com/za/north-west/rustenburg/financial-services/torch-light-financing-cc,Rustenburg, North West,•,Phone:,Share Call Fax:,null,confirmed_no_website
TORTOSA TRADING ENTERPRISES (PTY) LTD,https://www.brabys.com/za/gauteng/meyerton/financial-services/tortosa-trading-enterprises-pty-ltd,Meyerton, Gauteng,•,Phone:,Email:,null,confirmed_no_website
TOTI TAXI'S,https://www.brabys.com/za/kwazulu-natal/amanzimtoti/metered-taxis/toti-taxis,Amanzimtoti, Kwazulu-Natal,•,Cell:,null,null,confirmed_no_website
TOWER FOREIGN EXCHANGE,https://www.brabys.com/za/north-west/rustenburg/cashan/financial-services/tower-foreign-exchange,Cashan, Rustenburg, North West,•,Phone:,null,null,confirmed_no_website
TOWER INVESTMENTS,https://www.brabys.com/za/kwazulu-natal/umhlanga/la-lucia/financial-services/tower-investments,La Lucia, Umhlanga, Kwazulu-Natal,•,Phone:,null,null,confirmed_no_website
TRACER INVESTMENTS,https://www.brabys.com/za/eastern-cape/port-elizabeth/sherwood/financial-management-services/tracer-investments,Sherwood, Port Elizabeth, Eastern Cape,•,Phone:,null,null,confirmed_no_website
TRACEY DEVONPORT FINANCIAL CC,https://www.brabys.com/za/gauteng/sandton/linksfield/financial-services/tracey-devonport-financial-cc,Linksfield, Sandton, Gauteng,•,Phone:,Email:,http://www.devonport.co.za/,has_website
TRACTEC,https://www.brabys.com/za/eastern-cape/port-elizabeth/mill-park/asset-management/tractec,Mill Park, Port Elizabeth, Eastern Cape,•,Phone:,Email:,null,confirmed_no_website
TRADE KNOWLEDGE,https://www.brabys.com/za/gauteng/sandton/finance/trade-knowledge,Sandton, Gauteng,•,Phone:,Email:,http://www.tradeknowledge.co.za/,has_website
TRADESURE,https://www.brabys.com/za/gauteng/sandton/petervale/financial-services/tradesure,Petervale, Sandton, Gauteng,•,Share Call Fax:,VOIP:,null,confirmed_no_website
TRADING & FINANCIAL SERVICES (PTY) LTD,https://www.brabys.com/za/gauteng/midrand/beaulieu/financial-services/trading-financial-services-pty-ltd,Beaulieu, Midrand, Gauteng,•,Phone:,null,null,confirmed_no_website
TRAFALGAR PRETORIA,https://www.brabys.com/za/gauteng/pretoria/arcadia/financial-services/trafalgar-pretoria,Arcadia, Pretoria, Gauteng,•,Phone:,Share Call Fax:,http://www.trafalgar.co.za/,has_website
TRAFALGAR PROPERTY AND FINANCIAL SERVICE,https://www.brabys.com/za/gauteng/sandton/birdhaven/property-management/trafalgar-property-and-financial-service,Birdhaven, Sandton, Gauteng,•,Phone:,Email:,null,confirmed_no_website
TRANSACTION CAPITAL (PTY) LTD,https://www.brabys.com/za/gauteng/sandton/sandown/financial-services/transaction-capital-pty-ltd,Sandown, Sandton, Gauteng,•,Phone:,null,http://www.transactioncapital.co.za/,has_website
TRANSCEND CAPITAL,https://www.brabys.com/za/gauteng/johannesburg/melrose-arch/bee-strategy-consulting/transcend-capital,Melrose Arch, Johannesburg, Gauteng,•,Phone:,Cell:,http://www.transcendcapital.co.za/,has_website
TRANSPORT MAINTENANCE SERVICE,https://www.brabys.com/za/northern-cape/kimberley/squarehill-park/vehicle-repairs-services/transport-maintenance-service,Squarehill Park, Kimberley, Northern Cape,•,Phone:,Cell:,null,confirmed_no_website
TRANSVAAL VC,https://www.brabys.com/za/gauteng/johannesburg/melville/financial-services/transvaal-vc,Melville, Johannesburg, Gauteng,•,Cell:,Email:,http://www.transvaal.vc/,has_website
TREASURY HOUSE FINANCE,https://www.brabys.com/za/kwazulu-natal/pietermaritzburg/financial-advisors/treasury-house-finance,Pietermaritzburg, Kwazulu-Natal,•,Phone:,Email:,null,confirmed_no_website
TREVETHAN FINANCIAL SERVICES,https://www.brabys.com/za/kwazulu-natal/kloof/financial-services/trevethan-financial-services,Kloof, Kwazulu-Natal,•,Phone:,null,http://www.trevethanfinancialservices.co.za/,has_website
TRI HEAD FINANCIAL SERVICES,https://www.brabys.com/za/gauteng/johannesburg/northcliff/financial-services/tri-head-financial-services,Northcliff, Johannesburg, Gauteng,•,Phone:,null,http://www.trihead.co.za/,has_website
TRIDENT DIGITAL ENTERPRISES,https://www.brabys.com/za/gauteng/pretoria/lynnwood-ridge/finance/trident-digital-enterprises,Lynnwood Ridge, Pretoria, Gauteng,•,Cell:,Email:,http://www.tridentdigitalenterprises.com/,has_website
TRIFIN FINANCIAL SERVICES,https://www.brabys.com/za/kwazulu-natal/kloof/finance-companies/trifin-financial-services,Kloof, Kwazulu-Natal,•,Phone:,Email:,null,confirmed_no_website
TRINITAS FINANCIAL SERVICE,https://www.brabys.com/za/kwazulu-natal/hillcrest/crestview/financial-planning/trinitas-financial-service,Crestview, Hillcrest, Kwazulu-Natal,•,Phone:,Cell:,null,confirmed_no_website
TRIX LOOCK FINANCIAL SERVICE,https://www.brabys.com/za/gauteng/pretoria/wonderboom-south/financial-services/trix-loock-financial-service,Wonderboom South, Pretoria, Gauteng,•,Phone:,null,null,confirmed_no_website
TRUFFLE ASSET MANAGEMENT,https://www.brabys.com/za/gauteng/sandton/hyde-park/asset-management/truffle-asset-management,Hyde Park, Sandton, Gauteng,•,Phone:,Email:,http://www.truffle.co.za/,has_website
TRULOGIC PROFESSIONAL FINANCIAL SERVICES,https://www.brabys.com/za/western-cape/somerset-west/erinvale-golf-estate/finance-companies/trulogic-professional-financial-services,Erinvale Golf Estate, Somerset West, Western Cape,•,Phone:,Share Call Fax:,http://www.trulogic.co.za/,has_website
TRUSTCO FINANCIAL SERVICES (PTY) LTD,https://www.brabys.com/za/gauteng/johannesburg/houghton-estate/financial-services/trustco-financial-services-pty-ltd,Houghton Estate, Johannesburg, Gauteng,•,Phone:,Email:,http://www.trustcofs.com/,has_website
TSELETE FINANCE,https://www.brabys.com/za/mpumalanga/middelburg-m/middelburg/finance-companies/tselete-finance,Middelburg, Middelburg (M), Mpumalanga,•,Phone:,null,null,confirmed_no_website
TSHELETE THUSO,https://www.brabys.com/za/gauteng/hammanskraal/financial-services/tshelete-thuso,Hammanskraal, Gauteng,•,Phone:,Email:,null,confirmed_no_website
TUBA FINANCIAL SERVICES,https://www.brabys.com/za/north-west/klerksdorp/new-town/finance-companies/tuba-financial-services,New Town, Klerksdorp, North West,•,Phone:,Cell:,null,confirmed_no_website
TUGELA FINANCIAL SERVICES,https://www.brabys.com/za/gauteng/pretoria/silver-lakes/financial-services/tugela-financial-services,Silver Lakes, Pretoria, Gauteng,•,Phone:,Email:,http://www.tugelafin.co.za/,has_website
TUHF (PTY) LTD,https://www.brabys.com/za/kwazulu-natal/durban/central/property-finance/tuhf-pty-ltd,Central, Durban, Kwazulu-Natal,•,Phone:,Email:,http://www.tuhf.co.za/,has_website
TULLIS & ASSOCIATES,https://www.brabys.com/za/mpumalanga/emalahleni/benfleur/financial-consultants/tullis-associates,Benfleur, Emalahleni, Mpumalanga,•,Phone:,Email:,http://www.tullisassociates.co.za/,has_website
TURBO FINANCE,https://www.brabys.com/za/kwazulu-natal/matatiele/finance-companies/turbo-finance,Matatiele, Kwazulu-Natal,•,Phone:,null,null,confirmed_no_website
TWIN OAKS INVESTMENT MANAGEMENTS,https://www.brabys.com/za/western-cape/cape-town/kenilworth/financial-advisors-consultants/twin-oaks-investment-managements,Kenilworth, Cape Town, Western Cape,•,Phone:,Email:,null,confirmed_no_website
TWO MOUNTAINS,https://www.brabys.com/za/limpopo/giyani/financial-services/two-mountains,Giyani, Limpopo,•,Phone:,Email:,http://www.twomountains.co.za/,has_website
TWO MOUNTAINS,https://www.brabys.com/za/limpopo/thulamahashe/funeral-services/two-mountains,Thulamahashe, Limpopo,•,Phone:,Email:,http://www.twomountains.co.za/,has_website
TWO MOUNTAINS,https://www.brabys.com/za/limpopo/tzaneen/medipark/funeral-services/two-mountains,Medipark, Tzaneen, Limpopo,•,Phone:,Cell:,null,confirmed_no_website
TYPHON NATIONAL FINANCE CC,https://www.brabys.com/za/kwazulu-natal/durban/central/financial-services/typhon-national-finance-cc,Central, Durban, Kwazulu-Natal,•,Phone:,Share Call Fax:,null,confirmed_no_website
U CABS,https://www.brabys.com/za/kwazulu-natal/umhlanga/taxi-services/u-cabs,Umhlanga, Kwazulu-Natal,•,Cell:,Email:,null,confirmed_no_website
U S A FINANCE,https://www.brabys.com/za/mpumalanga/standerton/finance-companies/u-s-a-finance,Standerton, Mpumalanga,•,Phone:,null,null,confirmed_no_website
UBUSHA TECHNOLOGIES,https://www.brabys.com/za/gauteng/randburg/randpark-ridge/asset-management/ubusha-technologies,Randpark Ridge, Randburg, Gauteng,•,Phone:,Email:,http://www.ubusha.co.za/,has_website
UDIPA HOLDINGS (PTY) LTD,https://www.brabys.com/za/eastern-cape/uitenhage/uitenhage-central/managed-health-care/udipa-holdings-pty-ltd,Uitenhage Central, Uitenhage, Eastern Cape,•,Phone:,Email:,http://www.udipa.co.za/,has_website
ULTIMA FINANCIAL PLANNERS (PTY) LTD,https://www.brabys.com/za/gauteng/pretoria/lynnwood-glen/financial-consultants/ultima-financial-planners-pty-ltd,Lynnwood Glen, Pretoria, Gauteng,•,Phone:,Email:,http://www.ultimafp.co.za/,has_website
ULTRA TAX,https://www.brabys.com/za/gauteng/bedfordview/finance-companies/ultra-tax,Bedfordview, Gauteng,•,Phone:,Email:,null,confirmed_no_website
UMHLANGA COASTAL CABS,https://www.brabys.com/za/kwazulu-natal/umhlanga/umhlanga-ridge/taxi-services/umhlanga-coastal-cabs,Umhlanga Ridge, Umhlanga, Kwazulu-Natal,•,Cell:,Email:,http://www.umhlangacoastalcabs.com/,has_website
UMHLANGA EXPRESS TAXIS,https://www.brabys.com/za/kwazulu-natal/umhlanga/umhlanga-rocks/metered-taxis/umhlanga-express-taxis,Umhlanga Rocks, Umhlanga, Kwazulu-Natal,•,Cell:,null,null,confirmed_no_website
UMHLANGA TOURS & TAXIS CC,https://www.brabys.com/za/kwazulu-natal/umhlanga/westridge/taxi-services/umhlanga-tours-taxis-cc,Westridge, Umhlanga, Kwazulu-Natal,•,Cell:,null,http://www.umhlangatourstaxis.co.za/,has_website
UMSIZI FINANCIAL SERVICES,https://www.brabys.com/za/gauteng/kempton-park/financial-services/umsizi-financial-services,Kempton Park, Gauteng,•,Phone:,null,null,confirmed_no_website
UNCED SERVICE TAXI ASSOCIATION,https://www.brabys.com/za/eastern-cape/uitenhage/cannon-hill/taxi-services/unced-service-taxi-association,Cannon Hill, Uitenhage, Eastern Cape,•,Phone:,null,null,confirmed_no_website
UNCEDO 2 CASH LOANS,https://www.brabys.com/za/eastern-cape/uitenhage/cannon-hill/finance-companies/uncedo-2-cash-loans,Cannon Hill, Uitenhage, Eastern Cape,•,Phone:,Email:,null,confirmed_no_website
UNCEDO SERVICE TAXI ASSOCIATION,https://www.brabys.com/za/eastern-cape/port-alfred/nemato/taxi-services/uncedo-service-taxi-association,Nemato, Port Alfred, Eastern Cape,•,Phone:,null,null,confirmed_no_website
UNCEDO SERVICE TAXI ASSOCIATION,https://www.brabys.com/za/eastern-cape/makhanda/fingo-village/taxi-services/uncedo-service-taxi-association,Fingo Village, Makhanda, Eastern Cape,•,Phone:,null,null,confirmed_no_website
UNCLE CHARLIE'S TAXI,https://www.brabys.com/za/eastern-cape/uitenhage/mountain-view/taxi-services/uncle-charlies-taxi,Mountain View, Uitenhage, Eastern Cape,•,Phone:,null,null,confirmed_no_website
UNI-FIN,https://www.brabys.com/za/kwazulu-natal/port-shepstone/financial-consultants/uni-fin,Port Shepstone, Kwazulu-Natal,•,Phone:,Share Call Fax:,null,confirmed_no_website
UNIBRO (PTY) LTD,https://www.brabys.com/za/north-west/klerksdorp/adamayview/financial-services/unibro-pty-ltd,Adamayview, Klerksdorp, North West,•,Phone:,Email:,http://www.unibro.co.za/,has_website
UNIFIN FINANCE,https://www.brabys.com/za/kwazulu-natal/margate/financial-services/unifin-finance,Margate, Kwazulu-Natal,•,Phone:,Cell:,http://www.unifin.co.za/,has_website
UNIFIN FINANCE,https://www.brabys.com/za/kwazulu-natal/hillcrest/hillcrest-park/financial-services/unifin-finance,Hillcrest Park, Hillcrest, Kwazulu-Natal,•,Phone:,Share Call Fax:,null,confirmed_no_website
UNITED DISTANCE TAXI SERVICES,https://www.brabys.com/za/mpumalanga/emalahleni/taxi-services/united-distance-taxi-services,Emalahleni, Mpumalanga,•,Phone:,Email:,null,confirmed_no_website
URBAN-ECON,https://www.brabys.com/za/gauteng/pretoria/hatfield/economic-consultants/urban-econ,Hatfield, Pretoria, Gauteng,•,Phone:,Email:,null,confirmed_no_website
UVIMBA FINANCE LIMITED (ECRFC),https://www.brabys.com/za/eastern-cape/king-williams-town/finance-companies/uvimba-finance-limited-ecrfc,King William's Town, Eastern Cape,•,Phone:,Email:,http://www.uvimba.co.za/,has_website
UVIMBA FINANCE VULITHUBA DEVELOPMENT,https://www.brabys.com/za/eastern-cape/makhanda/oatlands/finance-companies/uvimba-finance-vulithuba-development,Oatlands, Makhanda, Eastern Cape,•,Phone:,null,null,confirmed_no_website
UVIMBA FINANCE VULITHUBA DEVELOPMENT,https://www.brabys.com/za/eastern-cape/engcobo/finance-companies/uvimba-finance-vulithuba-development,Engcobo, Eastern Cape,•,Phone:,null,null,confirmed_no_website
V C M BROKERS,https://www.brabys.com/za/kwazulu-natal/durban/overport/financial-planning/v-c-m-brokers,Overport, Durban, Kwazulu-Natal,•,Phone:,null,null,confirmed_no_website
V D J FINANCIAL SERVICES,https://www.brabys.com/za/mpumalanga/emalahleni/financial-planning/v-d-j-financial-services,Emalahleni, Mpumalanga,•,Phone:,Email:,null,confirmed_no_website
V I P FINANCE,https://www.brabys.com/za/gauteng/pretoria/arcadia/finance-companies/v-i-p-finance,Arcadia, Pretoria, Gauteng,•,Phone:,Share Call Fax:,http://www.vipcashloan.co.za/,has_website
V I P FINANCIAL SERVICES,https://www.brabys.com/za/western-cape/knysna/knysna-cbd/financial-services/v-i-p-financial-services,Knysna CBD, Knysna, Western Cape,•,Phone:,Email:,null,confirmed_no_website
V MASH INSURANCE BROKERS (PTY) LTD,https://www.brabys.com/za/eastern-cape/port-elizabeth/morningside/financial-services/v-mash-insurance-brokers-pty-ltd,Morningside, Port Elizabeth, Eastern Cape,•,Cell:,Email:,null,confirmed_no_website
V P CORP FINANCE (PTY) LTD,https://www.brabys.com/za/kwazulu-natal/pinetown/financial-services/v-p-corp-finance-pty-ltd,Pinetown, Kwazulu-Natal,•,Phone:,Email:,null,confirmed_no_website
V R FINANSIELE DIENSTE BK,https://www.brabys.com/za/free-state/bothaville/financial-services/v-r-finansiele-dienste-bk,Bothaville, Free State,•,Phone:,Cell:,null,confirmed_no_website
VAHED YAS ACCOUNTING,https://www.brabys.com/za/kwazulu-natal/durban/bluff/taxation-services/vahed-yas-accounting,Bluff, Durban, Kwazulu-Natal,•,Phone:,Email:,null,confirmed_no_website
VALIDATION CLEARING BUREAU,https://www.brabys.com/za/kwazulu-natal/umhlanga/ridge-side/financial-services/validation-clearing-bureau,Ridge Side, Umhlanga, Kwazulu-Natal,•,Phone:,Email:,null,confirmed_no_website
VALMAC COLOUR PRINTERS (PTY) LTD,https://www.brabys.com/za/eastern-cape/port-elizabeth/kensington/black-economic-empowerment/valmac-colour-printers-pty-ltd,Kensington, Port Elizabeth, Eastern Cape,•,Phone:,Email:,http://www.valmac.co.za/,has_website
VALUE PORTFOLIO MANAGERS (PTY) LTD,https://www.brabys.com/za/gauteng/bedfordview/morning-hill/asset-management/value-portfolio-managers-pty-ltd,Morning Hill, Bedfordview, Gauteng,•,Phone:,Email:,http://www.valueportfolio.co.za/,has_website
VAN BREDA ANGELA FINANCIAL SOLUTIONS CC,https://www.brabys.com/za/western-cape/cape-town/claremont/financial-services/van-breda-angela-financial-solutions-cc,Claremont, Cape Town, Western Cape,•,Phone:,Share Call Fax:,http://www.avb.co.za/,has_website
VAN DE STADT & ASSOCIATES,https://www.brabys.com/za/gauteng/sandton/parktown-north/accounting/van-de-stadt-associates,Parktown North, Sandton, Gauteng,•,Phone:,null,null,confirmed_no_website
VAN DER BYL BERGH FINANCIAL SERVICES,https://www.brabys.com/za/western-cape/stellenbosch/financial-services/van-der-byl-bergh-financial-services,Stellenbosch, Western Cape,•,Phone:,Email:,null,confirmed_no_website
VAN DYK SMIT FINANCIAL SERVICES,https://www.brabys.com/za/gauteng/pretoria/montanapark-exts/financial-services/van-dyk-smit-financial-services,Montanapark Exts, Pretoria, Gauteng,•,Phone:,Email:,http://www.vandyksmit.co.za/,has_website
VAN HEERDEN YVONNE FINANCIAL ADVISORS & BROKERS,https://www.brabys.com/za/gauteng/pretoria/brooklyn/insurance-brokers/van-heerden-yvonne-financial-advisors-brokers,Brooklyn, Pretoria, Gauteng,•,Phone:,Email:,null,confirmed_no_website
VAN SCHOOR W & ASSOCIATES,https://www.brabys.com/za/kwazulu-natal/durban/musgrave/finance-companies/van-schoor-w-associates,Musgrave, Durban, Kwazulu-Natal,•,Phone:,Email:,null,confirmed_no_website
VAN WYK & CO,https://www.brabys.com/za/gauteng/vereeniging/financial-services/van-wyk-co,Vereeniging, Gauteng,•,Phone:,Email:,null,confirmed_no_website
VAN ZYL & CRAFFORD,https://www.brabys.com/za/north-west/potchefstroom/financial-consultants/van-zyl-crafford,Potchefstroom, North West,•,Phone:,Cell:,null,confirmed_no_website
VANCO,https://www.brabys.com/za/gauteng/alberton/new-redruth/finance-companies/vanco,New Redruth, Alberton, Gauteng,•,Phone:,null,null,confirmed_no_website
VANCO FINANCIAL SERVICES CC,https://www.brabys.com/za/mpumalanga/balfour-m/balfour/financial-services/vanco-financial-services-cc,Balfour, Balfour (M), Mpumalanga,•,Phone:,null,null,confirmed_no_website
VANCO LOANS,https://www.brabys.com/za/gauteng/vanderbijlpark/town-centre/cash-loans/vanco-loans,Town Centre, Vanderbijlpark, Gauteng,•,Phone:,Share Call Fax:,null,confirmed_no_website
VANGUARD CONSULTING GROUP,https://www.brabys.com/za/gauteng/sandton/epsom-downs/financial-consultants/vanguard-consulting-group,Epsom Downs, Sandton, Gauteng,•,Phone:,Email:,null,confirmed_no_website
VANGUARD INDUSTRIES (PTY) LTD,https://www.brabys.com/za/kwazulu-natal/hillcrest/shongweni/bee-certification/vanguard-industries-pty-ltd,Shongweni, Hillcrest, Kwazulu-Natal,•,Cell:,Share Call Fax:,http://www.vanguardindustries.co.za/,has_website
VANTAGE CAPITAL,https://www.brabys.com/za/western-cape/cape-town/central/financial-services/vantage-capital,Central, Cape Town, Western Cape,•,Phone:,null,http://www.vantagemezzanine.com/,has_website
VANTAGE CAPITAL,https://www.brabys.com/za/gauteng/johannesburg/melrose-arch/financial-services/vantage-capital,Melrose Arch, Johannesburg, Gauteng,•,Phone:,Share Call Fax:,http://www.vantagemezzanine.com/,has_website
VAUGHN STERLING & ASSOCIATES,https://www.brabys.com/za/gauteng/pretoria/waterkloof/finance-companies/vaughn-sterling-associates,Waterkloof, Pretoria, Gauteng,•,Phone:,Email:,null,confirmed_no_website
VCORE FINANCIAL SERVICES,https://www.brabys.com/za/gauteng/pretoria/faerie-glen/financial-consultants/vcore-financial-services,Faerie Glen, Pretoria, Gauteng,•,Phone:,Email:,null,confirmed_no_website
VEGA CAPITAL,https://www.brabys.com/za/gauteng/pretoria/lynnwood-ridge/asset-management/vega-capital,Lynnwood Ridge, Pretoria, Gauteng,•,Phone:,Email:,null,confirmed_no_website
VEGAS FINANCE,https://www.brabys.com/za/gauteng/pretoria/pretoria-north/financial-services/vegas-finance,Pretoria North, Pretoria, Gauteng,•,Phone:,null,null,confirmed_no_website
VELLOZA ES & ASSOCIATES CC,https://www.brabys.com/za/gauteng/randburg/bordeaux/financial-consultants/velloza-es-associates-cc,Bordeaux, Randburg, Gauteng,•,Phone:,null,null,confirmed_no_website
VELOCITY TRADE FINANCIAL SERVICES (PTY) LTD,https://www.brabys.com/za/western-cape/cape-town/claremont/financial-services/velocity-trade-financial-services-pty-ltd,Claremont, Cape Town, Western Cape,•,Phone:,Email:,http://www.velocitytrade.com/,has_website
VENGADESAN & ASSOCIATES CC,https://www.brabys.com/za/kwazulu-natal/durban/financial-management-services/vengadesan-associates-cc,Durban, Kwazulu-Natal,•,Phone:,Email:,null,confirmed_no_website
VENTER JES FINANCIAL SERVICES,https://www.brabys.com/za/mpumalanga/standerton/financial-services/venter-jes-financial-services,Standerton, Mpumalanga,•,Phone:,Email:,null,confirmed_no_website
VENTUREFIN FINANCIAL SERVICES (PTY) LTD,https://www.brabys.com/za/gauteng/pretoria/faerie-glen/financial-services/venturefin-financial-services-pty-ltd,Faerie Glen, Pretoria, Gauteng,•,Phone:,null,null,confirmed_no_website
VERANCE (PTY) LTD,https://www.brabys.com/za/gauteng/pretoria/garsfontein/financial-services/verance-pty-ltd,Garsfontein, Pretoria, Gauteng,•,Cell:,Email:,http://www.verance.co.za/,has_website
VERI-COM,https://www.brabys.com/za/gauteng/johannesburg/milner-park/bee-verification/veri-com,Milner Park, Johannesburg, Gauteng,•,Phone:,Email:,http://www.vericom.co.za/,has_website
VERIFIN BLUE STAR,https://www.brabys.com/za/western-cape/worcester/financial-planning/verifin-blue-star,Worcester, Western Cape,•,Phone:,Email:,null,confirmed_no_website
VERITAS,https://www.brabys.com/za/gauteng/centurion/pierre-van-ryneveld/financial-consultants/veritas,Pierre Van Ryneveld, Centurion, Gauteng,•,Phone:,Email:,http://www.veritasboe.co.za/,has_website
VEROS BLUESTAR,https://www.brabys.com/za/kwazulu-natal/newcastle/newcastle-central/financial-planning/veros-bluestar,Newcastle Central, Newcastle, Kwazulu-Natal,•,Phone:,Share Call Fax:,null,confirmed_no_website
VERSO FINANCIAL SERVICES (PTY) LTD,https://www.brabys.com/za/western-cape/bellville/financial-services/verso-financial-services-pty-ltd,Bellville, Western Cape,•,Phone:,Email:,http://www.verso.co.za/,has_website
VESTASURE FINANCIAL PLANNING SERVICES CC,https://www.brabys.com/za/western-cape/cape-town/hout-bay/finance-companies/vestasure-financial-planning-services-cc,Hout Bay, Cape Town, Western Cape,•,Phone:,Email:,null,confirmed_no_website
VESTPRO WEALTH BLUESTAR,https://www.brabys.com/za/western-cape/bellville/financial-services/vestpro-wealth-bluestar,Bellville, Western Cape,•,Phone:,null,http://www.vestprobluestar.co.za/,has_website
VIA CAPITAL FINANCIAL SERVICES (PTY) LTD,https://www.brabys.com/za/gauteng/sandton/hurlingham/finance-companies/via-capital-financial-services-pty-ltd,Hurlingham, Sandton, Gauteng,•,Phone:,null,http://www.viacapital.co.za/,has_website
VICTORIA EAST TAXI ASSOCIATION,https://www.brabys.com/za/eastern-cape/alice/taxi-services/victoria-east-taxi-association,Alice, Eastern Cape,•,Phone:,null,null,confirmed_no_website
VICTORIA FINANCIAL SERVICES,https://www.brabys.com/za/gauteng/johannesburg/melrose-north/finance-companies/victoria-financial-services,Melrose North, Johannesburg, Gauteng,•,Phone:,Email:,null,confirmed_no_website
VICTUS GROUP (PTY) LTD,https://www.brabys.com/za/western-cape/durbanville/eversdal/financial-consultants/victus-group-pty-ltd,Eversdal, Durbanville, Western Cape,•,Phone:,Email:,http://www.victusgroup.co.za/,has_website
VIJAY DESAI FINANCIAL SERVICES CC,https://www.brabys.com/za/kwazulu-natal/durban/musgrave/finance-companies/vijay-desai-financial-services-cc,Musgrave, Durban, Kwazulu-Natal,•,Phone:,Share Call Fax:,null,confirmed_no_website
VIKOR FINANCIAL ADVISORS,https://www.brabys.com/za/gauteng/pretoria/lynnwood-manor/financial-advisors/vikor-financial-advisors,Lynnwood Manor, Pretoria, Gauteng,•,Phone:,null,null,confirmed_no_website
VIRTUALLY PA,https://www.brabys.com/za/gauteng/randburg/north-riding/assistance-services/virtually-pa,North Riding, Randburg, Gauteng,•,Cell:,Email:,http://www.virtuallypa.co.za/,has_website
VISH RAJKOOMAR BROKERS CC,https://www.brabys.com/za/kwazulu-natal/isipingo/isipingo-rail/financial-planners/vish-rajkoomar-brokers-cc,Isipingo Rail, Isipingo, Kwazulu-Natal,•,Phone:,Email:,http://www.vrbrokers.co.za/,has_website
VISION ACCOUNTING,https://www.brabys.com/za/kwazulu-natal/ballito/financial-services/vision-accounting,Ballito, Kwazulu-Natal,•,Phone:,Cell:,http://www.visionafs.com/,has_website
VUKANINI TAXI ASSOCIATION,https://www.brabys.com/za/mpumalanga/evander/embalenhle/taxi-services/vukanini-taxi-association,eMbalenhle, Evander, Mpumalanga,•,Phone:,Email:,null,confirmed_no_website
VUNANI LIMITED,https://www.brabys.com/za/western-cape/cape-town/financial-services/vunani-limited,Cape Town, Western Cape,•,Phone:,null,null,confirmed_no_website
VUNANI LTD,https://www.brabys.com/za/gauteng/sandton/financial-services/vunani-ltd,Sandton, Gauteng,•,Phone:,Email:,http://www.vunanilimited.co.za/,has_website
W K PROJECTS,https://www.brabys.com/za/eastern-cape/port-elizabeth/mill-park/financial-consultants/w-k-projects,Mill Park, Port Elizabeth, Eastern Cape,•,Phone:,null,null,confirmed_no_website
W L FINANCIAL SERVICES,https://www.brabys.com/za/mpumalanga/mbombela/sonheuwel/financial-services/w-l-financial-services,Sonheuwel, Mbombela, Mpumalanga,•,Phone:,Share Call Fax:,null,confirmed_no_website
W L K FINANCE,https://www.brabys.com/za/kwazulu-natal/durban/central/finance-companies/w-l-k-finance,Central, Durban, Kwazulu-Natal,•,Phone:,Share Call Fax:,null,confirmed_no_website
WALLACE-RUBIDGE FINANCIAL SERVICES CC,https://www.brabys.com/za/western-cape/cape-town/bergvliet/financial-consultants/wallace-rubidge-financial-services-cc,Bergvliet, Cape Town, Western Cape,•,Phone:,Cell:,http://www.wallace-rubidge.co.za/,has_website
WALT CAPITAL MANAGEMENT (PTY) LTD,https://www.brabys.com/za/western-cape/bellville/tygervalley/financial-services/walt-capital-management-pty-ltd,Tygervalley, Bellville, Western Cape,•,Cell:,Email:,null,confirmed_no_website
WALTA FINANCIAL SERVICES (PTY) LTD,https://www.brabys.com/za/mpumalanga/middelburg-m/middelburg/finance-companies/walta-financial-services-pty-ltd,Middelburg, Middelburg (M), Mpumalanga,•,Phone:,null,null,confirmed_no_website
WALTERS & ASSOCIATES,https://www.brabys.com/za/gauteng/roodepoort/roodekrans/financial-consultants/walters-associates,Roodekrans, Roodepoort, Gauteng,•,Phone:,Share Call Fax:,null,confirmed_no_website
WALTLOO FINANCIAL SERVICES,https://www.brabys.com/za/gauteng/pretoria/despatch/financial-services/waltloo-financial-services,Despatch, Pretoria, Gauteng,•,Phone:,null,null,confirmed_no_website
WARWICK WEALTH,https://www.brabys.com/za/eastern-cape/port-elizabeth/mill-park/financial-services/warwick-wealth,Mill Park, Port Elizabeth, Eastern Cape,•,Phone:,Email:,http://www.warwickwealth.com/,has_website
WATERFORD FINANCIAL MANAGEMENT (PTY) LTD,https://www.brabys.com/za/gauteng/sandton/witkoppen/accounting/waterford-financial-management-pty-ltd,Witkoppen, Sandton, Gauteng,•,Phone:,Email:,http://www.watermarkgroup.co.za/,has_website
WEALTH & ASSET FINANCIAL SERVICES,https://www.brabys.com/za/western-cape/cape-town/ndabeni/financial-services/wealth-asset-financial-services,Ndabeni, Cape Town, Western Cape,•,Phone:,null,null,confirmed_no_website
WEALTH ASSOCIATES,https://www.brabys.com/za/western-cape/stellenbosch/head-offices/wealth-associates,Stellenbosch, Western Cape,•,Phone:,null,null,confirmed_no_website
WEALTH CORPORATION,https://www.brabys.com/za/eastern-cape/port-elizabeth/greenacres/financial-planning/wealth-corporation,Greenacres, Port Elizabeth, Eastern Cape,•,Phone:,Email:,http://www.citadel.co.za/,has_website
WEALTH PRESERVATION STRATEGIES (PTY) LTD,https://www.brabys.com/za/western-cape/cape-town/claremont/financial-consultants/wealth-preservation-strategies-pty-ltd,Claremont, Cape Town, Western Cape,•,Phone:,null,null,confirmed_no_website
WEALTH SOLUTIONS CAPITAL,https://www.brabys.com/za/gauteng/bedfordview/financial-services/wealth-solutions-capital,Bedfordview, Gauteng,•,Phone:,Email:,null,confirmed_no_website
WEALTH SURE,https://www.brabys.com/za/gauteng/centurion/clubview-west/financial-services/wealth-sure,Clubview West, Centurion, Gauteng,•,Phone:,Cell:,http://www.wealthsure.biz/,has_website
WEALTH UP,https://www.brabys.com/za/western-cape/durbanville/financial-services/wealth-up,Durbanville, Western Cape,•,Phone:,null,http://www.wealthup.co.za/,has_website
WEBER FINANCIAL SERVICES,https://www.brabys.com/za/mpumalanga/emalahleni/benfleur/financial-services/weber-financial-services,Benfleur, Emalahleni, Mpumalanga,•,Phone:,Email:,null,confirmed_no_website
WEMBLEY FINANCIAL ADVISORS,https://www.brabys.com/za/kwazulu-natal/pietermaritzburg/wembley/financial-consultants/wembley-financial-advisors,Wembley, Pietermaritzburg, Kwazulu-Natal,•,Phone:,Share Call Fax:,null,confirmed_no_website
WENTZEL CONSULTING,https://www.brabys.com/za/western-cape/bellville/boston/financial-services/wentzel-consulting,Boston, Bellville, Western Cape,•,Cell:,null,http://www.wenconsulting.co.za/,has_website
WERNER MAKELAARS,https://www.brabys.com/za/gauteng/pretoria/faerie-glen/financial-brokers/werner-makelaars,Faerie Glen, Pretoria, Gauteng,•,Phone:,Email:,null,confirmed_no_website
WERNER STRYDOM FINANCIAL PLANNING,https://www.brabys.com/za/eastern-cape/port-elizabeth/newton-park/financial-planning/werner-strydom-financial-planning,Newton Park, Port Elizabeth, Eastern Cape,•,Phone:,Email:,null,confirmed_no_website
WESBANK,https://www.brabys.com/za/eastern-cape/east-london/east-london-city-ctr/asset-finance/wesbank,East London City Ctr, East London, Eastern Cape,•,Phone:,null,http://www.wesbank.co.za/,has_website
WESBANK,https://www.brabys.com/za/eastern-cape/port-elizabeth/newton-park/finance-companies/wesbank,Newton Park, Port Elizabeth, Eastern Cape,•,Phone:,null,http://www.wesbank.co.za/,has_website
WESBANK,https://www.brabys.com/za/kwazulu-natal/umhlanga/umhlanga-ridge/financial-services/wesbank,Umhlanga Ridge, Umhlanga, Kwazulu-Natal,•,Phone:,Email:,http://www.wesbank.co.za/,has_website
WESKAAP REK.COM,https://www.brabys.com/za/western-cape/montagu/finance-companies/weskaap-rekcom,Montagu, Western Cape,•,Phone:,Email:,null,confirmed_no_website
WEST STREET FINANCIAL SERVICES,https://www.brabys.com/za/gauteng/kempton-park/financial-services/west-street-financial-services,Kempton Park, Gauteng,•,Phone:,Email:,null,confirmed_no_website
WESTERN UNION - ABSA BANK,https://www.brabys.com/za/western-cape/hermanus/money-transfer/western-union-absa-bank,Hermanus, Western Cape,•,Phone:,null,null,confirmed_no_website
WESTSIDE FINANCIAL SERVICES,https://www.brabys.com/za/northern-cape/kuruman/finance-companies/westside-financial-services,Kuruman, Northern Cape,•,Phone:,null,null,confirmed_no_website
WHITELEY AR AND CO,https://www.brabys.com/za/eastern-cape/makhanda/financial-analysis-planning-management/whiteley-ar-and-co,Makhanda, Eastern Cape,•,Phone:,Email:,null,confirmed_no_website
WHITFIELD FINTAX,https://www.brabys.com/za/eastern-cape/port-elizabeth/millard-grange/accountants-auditors/whitfield-fintax,Millard Grange, Port Elizabeth, Eastern Cape,•,Phone:,Email:,null,confirmed_no_website
WHOLISTICS PLANNING GROUP (PTY) LTD,https://www.brabys.com/za/kwazulu-natal/durban/morningside/financial-services/wholistics-planning-group-pty-ltd,Morningside, Durban, Kwazulu-Natal,•,Phone:,Email:,http://www.wholistics.co.za/,has_website
WILLIE DU PLESSIS FINANCIAL SERVICES CC,https://www.brabys.com/za/eastern-cape/beacon-bay/financial-services/willie-du-plessis-financial-services-cc,Beacon Bay, Eastern Cape,•,Phone:,Email:,http://www.willieduplessis.co.za/,has_website
WINSLOW & ASSOCIATES CC,https://www.brabys.com/za/gauteng/sandton/kensington/medical-aid-consultants/winslow-associates-cc,Kensington, Sandton, Gauteng,•,Phone:,Email:,null,confirmed_no_website
WISDOM ASSET MANGEMENT,https://www.brabys.com/za/kwazulu-natal/pietermaritzburg/scottsville/financial-planners/wisdom-asset-mangement,Scottsville, Pietermaritzburg, Kwazulu-Natal,•,Phone:,Share Call Fax:,http://www.wisdomam.com/,has_website
WIZARD PROPERTY FINANCE,https://www.brabys.com/za/western-cape/paarl/mernoleon/property-finance/wizard-property-finance,Mernoleon, Paarl, Western Cape,•,Phone:,Cell:,http://www.wizard.za.com/,has_website
WOOD FERGUS FINANCIAL SERVICES,https://www.brabys.com/za/western-cape/cape-town/newlands/financial-management-services/wood-fergus-financial-services,Newlands, Cape Town, Western Cape,•,Phone:,Email:,null,confirmed_no_website
WYNSAM WEALTH CC,https://www.brabys.com/za/kwazulu-natal/pietermaritzburg/town-hill/retirement-investment/wynsam-wealth-cc,Town Hill, Pietermaritzburg, Kwazulu-Natal,•,Phone:,Email:,http://www.wynsamwealth.co.za/,has_website
XCELERATE VERIFICATION AGENCY (PTY) LTD,https://www.brabys.com/za/kwazulu-natal/umhlanga/umhlanga-ridge/bee-verification/xcelerate-verification-agency-pty-ltd,Umhlanga Ridge, Umhlanga, Kwazulu-Natal,•,Phone:,Share Call Fax:,null,confirmed_no_website
XCELSIOR FINANCIAL SERVICES,https://www.brabys.com/za/gauteng/boksburg/bartlett/financial-services/xcelsior-financial-services,Bartlett, Boksburg, Gauteng,•,Phone:,Email:,http://www.xcelsiorloans.co.za/,has_website
XCELSIOR FINANCIAL SERVICES,https://www.brabys.com/za/mpumalanga/emalahleni/benfleur/financial-services/xcelsior-financial-services,Benfleur, Emalahleni, Mpumalanga,•,Phone:,Email:,http://www.xcelsiorloans.co.za/,has_website
XENIUM SECURITIES,https://www.brabys.com/za/gauteng/randburg/blackheath/financial-services/xenium-securities,Blackheath, Randburg, Gauteng,•,Phone:,Email:,http://www.xenium.co.za/,has_website
XPRESSA,https://www.brabys.com/za/gauteng/sandton/woodmead/payment-services-systems/xpressa,Woodmead, Sandton, Gauteng,•,Phone:,Email:,null,confirmed_no_website
Y D T FINANCIAL ADVISORS,https://www.brabys.com/za/free-state/bloemfontein/westdene/financial-consultants/y-d-t-financial-advisors,Westdene, Bloemfontein, Free State,•,Phone:,Email:,null,confirmed_no_website
YAZ-CONSULT,https://www.brabys.com/za/gauteng/pretoria/arcadia/financial-services/yaz-consult,Arcadia, Pretoria, Gauteng,•,Phone:,null,http://www.yazconsult.com/,has_website
YELLOWFIN,https://www.brabys.com/za/kwazulu-natal/pinetown/westmead/asset-finance/yellowfin,Westmead, Pinetown, Kwazulu-Natal,•,Phone:,Email:,null,confirmed_no_website
YENZANI,https://www.brabys.com/za/gauteng/roodepoort/helderkruin/financial-services/yenzani,Helderkruin, Roodepoort, Gauteng,•,Phone:,Email:,http://www.yenzani.co.za/,has_website
YENZANI FINANCIAL SERVICES CC,https://www.brabys.com/za/gauteng/roodepoort/helderkruin/financial-services/yenzani-financial-services-cc,Helderkruin, Roodepoort, Gauteng,•,Phone:,Email:,null,confirmed_no_website
YOUR CFO,https://www.brabys.com/za/gauteng/johannesburg/parkhurst/financial-management-services/your-cfo,Parkhurst, Johannesburg, Gauteng,•,Cell:,Email:,http://www.yourcfo.co.za/,has_website
YSTERBERG FINANCIAL SERVICES,https://www.brabys.com/za/limpopo/polokwane/financial-services/ysterberg-financial-services,Polokwane, Limpopo,•,Phone:,null,null,confirmed_no_website
Z J NDABA FINANCIAL SERVICES,https://www.brabys.com/za/kwazulu-natal/pietermaritzburg/finance-companies/z-j-ndaba-financial-services,Pietermaritzburg, Kwazulu-Natal,•,Phone:,Email:,null,confirmed_no_website
Z-FIN,https://www.brabys.com/za/western-cape/cape-town/kenilworth/financial-services/z-fin,Kenilworth, Cape Town, Western Cape,•,Phone:,Email:,http://www.zfin.co.za/,has_website
ZAKLY INVESTMENTS,https://www.brabys.com/za/eastern-cape/port-elizabeth/walmer/financial-services/zakly-investments,Walmer, Port Elizabeth, Eastern Cape,•,Phone:,null,null,confirmed_no_website
ZAMA'S TAXI,https://www.brabys.com/za/kwazulu-natal/ladysmith/egerton/taxi-services/zamas-taxi,Egerton, Ladysmith, Kwazulu-Natal,•,Phone:,Cell:,null,confirmed_no_website
ZAMANI FINANCIAL SERVICES,https://www.brabys.com/za/kwazulu-natal/pietermaritzburg/financial-services/zamani-financial-services,Pietermaritzburg, Kwazulu-Natal,•,Phone:,null,null,confirmed_no_website
ZAPPER,https://www.brabys.com/za/western-cape/milnerton/century-city/financial-services/zapper,Century City, Milnerton, Western Cape,•,VOIP:,null,null,confirmed_no_website
ZASCON FINANCIAL SERVICES,https://www.brabys.com/za/kwazulu-natal/durban/financial-services/zascon-financial-services,Durban, Kwazulu-Natal,•,Phone:,Cell:,null,confirmed_no_website
ZIETSMAN JAN FINANSIELE DIENSTE,https://www.brabys.com/za/gauteng/pretoria/faerie-glen/finance-companies/zietsman-jan-finansiele-dienste,Faerie Glen, Pretoria, Gauteng,•,Phone:,Email:,null,confirmed_no_website
ZILWA & ASSOCIATES PROFESSIONAL ACCOUNTANTS,https://www.brabys.com/za/eastern-cape/mthatha/accountants-auditors/zilwa-associates-professional-accountants,Mthatha, Eastern Cape,•,Phone:,Email:,null,confirmed_no_website
ZIPHAKAMISE SACCO LTD,https://www.brabys.com/za/kwazulu-natal/richards-bay/alton/financial-services/ziphakamise-sacco-ltd,Alton, Richards Bay, Kwazulu-Natal,•,Phone:,Email:,null,confirmed_no_website
ZIZAKUHLE CABS,https://www.brabys.com/za/kwazulu-natal/durban/esplanade/metered-taxis/zizakuhle-cabs,Esplanade, Durban, Kwazulu-Natal,•,Phone:,Cell:,null,confirmed_no_website
ZWARTS FINANCIAL SERVICES,https://www.brabys.com/za/mpumalanga/secunda/financial-services/zwarts-financial-services,Secunda, Mpumalanga,•,Phone:,Email:,null,confirmed_no_website
null,null,null,null,null,null,null,confirmed_no_website